2026-05-30T05:56:40.639Z thumbsup:warn magick (https://imagemagick.org) is not installed. You will not be able to process HEIC images.
2026-05-30T05:56:40.647Z thumbsup:warn ffmpeg (https://www.ffmpeg.org) is not installed. You will not be able to process videos.
2026-05-30T05:56:40.647Z thumbsup:warn gifsicle (http://www.lcdf.org/gifsicle) is not installed. You will not be able to process animated GIFs.
2026-05-30T05:56:40.647Z thumbsup:warn dcraw (https://www.cybercom.net/~dcoffin/dcraw/) is not installed. You will not be able to process RAW photos.
2026-05-30T05:58:39.741Z thumbsup:error Error processing Fotoalbums/04_BF_Blåt_Småt_Fotoalbum/20260511_203611.jpg -> media/thumbs/Fotoalbums/04_BF_Blåt_Småt_Fotoalbum/20260511_203611.jpg
2026-05-30T05:58:39.741Z thumbsup:error Error: Command failed: gm convert: Corrupt JPEG data: 2 extraneous bytes before marker 0xd7 (/home/lsolesen/projects/historie-gallery/images/Fotoalbums/04_BF_Blåt_Småt_Fotoalbum/20260511_203611.jpg).
2026-05-30T05:58:39.741Z thumbsup:error 
2026-05-30T05:58:40.480Z thumbsup:error Error processing Fotoalbums/04_BF_Blåt_Småt_Fotoalbum/20260511_203638.jpg -> media/large/Fotoalbums/04_BF_Blåt_Småt_Fotoalbum/20260511_203638.jpg
2026-05-30T05:58:40.480Z thumbsup:error Error: Command failed: gm composite: Corrupt JPEG data: 8 extraneous bytes before marker 0xd7 (/home/lsolesen/projects/historie-gallery/images/Fotoalbums/04_BF_Blåt_Småt_Fotoalbum/20260511_203638.jpg).
2026-05-30T05:58:40.480Z thumbsup:error 
2026-05-30T05:58:40.520Z thumbsup:error Error processing Fotoalbums/04_BF_Blåt_Småt_Fotoalbum/20260511_203611.jpg -> media/small/Fotoalbums/04_BF_Blåt_Småt_Fotoalbum/20260511_203611.jpg
2026-05-30T05:58:40.520Z thumbsup:error Error: Command failed: gm convert: Corrupt JPEG data: 2 extraneous bytes before marker 0xd7 (/home/lsolesen/projects/historie-gallery/images/Fotoalbums/04_BF_Blåt_Småt_Fotoalbum/20260511_203611.jpg).
2026-05-30T05:58:40.520Z thumbsup:error 
2026-05-30T05:58:40.581Z thumbsup:error Error processing Fotoalbums/04_BF_Blåt_Småt_Fotoalbum/20260511_203611.jpg -> media/large/Fotoalbums/04_BF_Blåt_Småt_Fotoalbum/20260511_203611.jpg
2026-05-30T05:58:40.581Z thumbsup:error Error: Command failed: gm composite: Corrupt JPEG data: 2 extraneous bytes before marker 0xd7 (/home/lsolesen/projects/historie-gallery/images/Fotoalbums/04_BF_Blåt_Småt_Fotoalbum/20260511_203611.jpg).
2026-05-30T05:58:40.581Z thumbsup:error 
2026-05-30T05:58:40.605Z thumbsup:error Error processing Fotoalbums/04_BF_Blåt_Småt_Fotoalbum/B13.jpg -> media/small/Fotoalbums/04_BF_Blåt_Småt_Fotoalbum/B13.jpg
2026-05-30T05:58:40.605Z thumbsup:error Error: Command failed: gm convert: Corrupt JPEG data: 1 extraneous bytes before marker 0xd6 (/home/lsolesen/projects/historie-gallery/images/Fotoalbums/04_BF_Blåt_Småt_Fotoalbum/B13.jpg).
2026-05-30T05:58:40.605Z thumbsup:error 
2026-05-30T05:58:40.701Z thumbsup:error Error processing Fotoalbums/04_BF_Blåt_Småt_Fotoalbum/B11.jpg -> media/large/Fotoalbums/04_BF_Blåt_Småt_Fotoalbum/B11.jpg
2026-05-30T05:58:40.701Z thumbsup:error Error: Command failed: gm composite: Corrupt JPEG data: 1 extraneous bytes before marker 0xd7 (/home/lsolesen/projects/historie-gallery/images/Fotoalbums/04_BF_Blåt_Småt_Fotoalbum/B11.jpg).
2026-05-30T05:58:40.701Z thumbsup:error 
2026-05-30T05:58:40.738Z thumbsup:error Error processing Fotoalbums/04_BF_Blåt_Småt_Fotoalbum/B11.jpg -> media/thumbs/Fotoalbums/04_BF_Blåt_Småt_Fotoalbum/B11.jpg
2026-05-30T05:58:40.738Z thumbsup:error Error: Command failed: gm convert: Corrupt JPEG data: 1 extraneous bytes before marker 0xd7 (/home/lsolesen/projects/historie-gallery/images/Fotoalbums/04_BF_Blåt_Småt_Fotoalbum/B11.jpg).
2026-05-30T05:58:40.738Z thumbsup:error 
2026-05-30T05:58:40.752Z thumbsup:error Error processing Fotoalbums/04_BF_Blåt_Småt_Fotoalbum/20260511_203638.jpg -> media/small/Fotoalbums/04_BF_Blåt_Småt_Fotoalbum/20260511_203638.jpg
2026-05-30T05:58:40.752Z thumbsup:error Error: Command failed: gm convert: Corrupt JPEG data: 8 extraneous bytes before marker 0xd7 (/home/lsolesen/projects/historie-gallery/images/Fotoalbums/04_BF_Blåt_Småt_Fotoalbum/20260511_203638.jpg).
2026-05-30T05:58:40.752Z thumbsup:error 
2026-05-30T05:58:40.764Z thumbsup:error Error processing Fotoalbums/04_BF_Blåt_Småt_Fotoalbum/B11.jpg -> media/small/Fotoalbums/04_BF_Blåt_Småt_Fotoalbum/B11.jpg
2026-05-30T05:58:40.764Z thumbsup:error Error: Command failed: gm convert: Corrupt JPEG data: 1 extraneous bytes before marker 0xd7 (/home/lsolesen/projects/historie-gallery/images/Fotoalbums/04_BF_Blåt_Småt_Fotoalbum/B11.jpg).
2026-05-30T05:58:40.764Z thumbsup:error 
2026-05-30T05:58:40.837Z thumbsup:error Error processing Fotoalbums/04_BF_Blåt_Småt_Fotoalbum/B13.jpg -> media/thumbs/Fotoalbums/04_BF_Blåt_Småt_Fotoalbum/B13.jpg
2026-05-30T05:58:40.837Z thumbsup:error Error: Command failed: gm convert: Corrupt JPEG data: 1 extraneous bytes before marker 0xd6 (/home/lsolesen/projects/historie-gallery/images/Fotoalbums/04_BF_Blåt_Småt_Fotoalbum/B13.jpg).
2026-05-30T05:58:40.837Z thumbsup:error 
2026-05-30T05:58:40.987Z thumbsup:error Error processing Fotoalbums/04_BF_Blåt_Småt_Fotoalbum/20260511_203638.jpg -> media/thumbs/Fotoalbums/04_BF_Blåt_Småt_Fotoalbum/20260511_203638.jpg
2026-05-30T05:58:40.987Z thumbsup:error Error: Command failed: gm convert: Corrupt JPEG data: 8 extraneous bytes before marker 0xd7 (/home/lsolesen/projects/historie-gallery/images/Fotoalbums/04_BF_Blåt_Småt_Fotoalbum/20260511_203638.jpg).
2026-05-30T05:58:40.987Z thumbsup:error 
2026-05-30T05:58:41.069Z thumbsup:error Error processing Fotoalbums/04_BF_Blåt_Småt_Fotoalbum/B10.jpg -> media/thumbs/Fotoalbums/04_BF_Blåt_Småt_Fotoalbum/B10.jpg
2026-05-30T05:58:41.069Z thumbsup:error Error: Command failed: gm convert: Corrupt JPEG data: 10 extraneous bytes before marker 0xd7 (/home/lsolesen/projects/historie-gallery/images/Fotoalbums/04_BF_Blåt_Småt_Fotoalbum/B10.jpg).
2026-05-30T05:58:41.069Z thumbsup:error 
2026-05-30T05:58:41.086Z thumbsup:error Error processing Fotoalbums/04_BF_Blåt_Småt_Fotoalbum/B15.jpg -> media/thumbs/Fotoalbums/04_BF_Blåt_Småt_Fotoalbum/B15.jpg
2026-05-30T05:58:41.086Z thumbsup:error Error: Command failed: gm convert: Corrupt JPEG data: 2 extraneous bytes before marker 0xd7 (/home/lsolesen/projects/historie-gallery/images/Fotoalbums/04_BF_Blåt_Småt_Fotoalbum/B15.jpg).
2026-05-30T05:58:41.086Z thumbsup:error 
2026-05-30T05:58:41.107Z thumbsup:error Error processing Fotoalbums/04_BF_Blåt_Småt_Fotoalbum/B16.jpg -> media/small/Fotoalbums/04_BF_Blåt_Småt_Fotoalbum/B16.jpg
2026-05-30T05:58:41.107Z thumbsup:error Error: Command failed: gm convert: Corrupt JPEG data: 1 extraneous bytes before marker 0xd4 (/home/lsolesen/projects/historie-gallery/images/Fotoalbums/04_BF_Blåt_Småt_Fotoalbum/B16.jpg).
2026-05-30T05:58:41.107Z thumbsup:error 
2026-05-30T05:58:41.131Z thumbsup:error Error processing Fotoalbums/04_BF_Blåt_Småt_Fotoalbum/B15.jpg -> media/large/Fotoalbums/04_BF_Blåt_Småt_Fotoalbum/B15.jpg
2026-05-30T05:58:41.131Z thumbsup:error Error: Command failed: gm composite: Corrupt JPEG data: 2 extraneous bytes before marker 0xd7 (/home/lsolesen/projects/historie-gallery/images/Fotoalbums/04_BF_Blåt_Småt_Fotoalbum/B15.jpg).
2026-05-30T05:58:41.131Z thumbsup:error 
2026-05-30T05:58:41.140Z thumbsup:error Error processing Fotoalbums/04_BF_Blåt_Småt_Fotoalbum/B13.jpg -> media/large/Fotoalbums/04_BF_Blåt_Småt_Fotoalbum/B13.jpg
2026-05-30T05:58:41.140Z thumbsup:error Error: Command failed: gm composite: Corrupt JPEG data: 1 extraneous bytes before marker 0xd6 (/home/lsolesen/projects/historie-gallery/images/Fotoalbums/04_BF_Blåt_Småt_Fotoalbum/B13.jpg).
2026-05-30T05:58:41.140Z thumbsup:error 
2026-05-30T05:58:41.140Z thumbsup:error Error processing Fotoalbums/04_BF_Blåt_Småt_Fotoalbum/B14.jpg -> media/small/Fotoalbums/04_BF_Blåt_Småt_Fotoalbum/B14.jpg
2026-05-30T05:58:41.140Z thumbsup:error Error: Command failed: gm convert: Corrupt JPEG data: 5 extraneous bytes before marker 0xd0 (/home/lsolesen/projects/historie-gallery/images/Fotoalbums/04_BF_Blåt_Småt_Fotoalbum/B14.jpg).
2026-05-30T05:58:41.140Z thumbsup:error 
2026-05-30T05:58:41.159Z thumbsup:error Error processing Fotoalbums/04_BF_Blåt_Småt_Fotoalbum/B12.jpg -> media/small/Fotoalbums/04_BF_Blåt_Småt_Fotoalbum/B12.jpg
2026-05-30T05:58:41.159Z thumbsup:error Error: Command failed: gm convert: Corrupt JPEG data: 3 extraneous bytes before marker 0xd7 (/home/lsolesen/projects/historie-gallery/images/Fotoalbums/04_BF_Blåt_Småt_Fotoalbum/B12.jpg).
2026-05-30T05:58:41.159Z thumbsup:error 
2026-05-30T05:58:41.176Z thumbsup:error Error processing Fotoalbums/04_BF_Blåt_Småt_Fotoalbum/B15.jpg -> media/small/Fotoalbums/04_BF_Blåt_Småt_Fotoalbum/B15.jpg
2026-05-30T05:58:41.176Z thumbsup:error Error: Command failed: gm convert: Corrupt JPEG data: 2 extraneous bytes before marker 0xd7 (/home/lsolesen/projects/historie-gallery/images/Fotoalbums/04_BF_Blåt_Småt_Fotoalbum/B15.jpg).
2026-05-30T05:58:41.176Z thumbsup:error 
2026-05-30T05:58:41.188Z thumbsup:error Error processing Fotoalbums/04_BF_Blåt_Småt_Fotoalbum/B14.jpg -> media/thumbs/Fotoalbums/04_BF_Blåt_Småt_Fotoalbum/B14.jpg
2026-05-30T05:58:41.188Z thumbsup:error Error: Command failed: gm convert: Corrupt JPEG data: 5 extraneous bytes before marker 0xd0 (/home/lsolesen/projects/historie-gallery/images/Fotoalbums/04_BF_Blåt_Småt_Fotoalbum/B14.jpg).
2026-05-30T05:58:41.188Z thumbsup:error 
2026-05-30T05:58:41.189Z thumbsup:error Error processing Fotoalbums/04_BF_Blåt_Småt_Fotoalbum/B14.jpg -> media/large/Fotoalbums/04_BF_Blåt_Småt_Fotoalbum/B14.jpg
2026-05-30T05:58:41.189Z thumbsup:error Error: Command failed: gm composite: Corrupt JPEG data: 5 extraneous bytes before marker 0xd0 (/home/lsolesen/projects/historie-gallery/images/Fotoalbums/04_BF_Blåt_Småt_Fotoalbum/B14.jpg).
2026-05-30T05:58:41.189Z thumbsup:error 
2026-05-30T05:58:41.204Z thumbsup:error Error processing Fotoalbums/04_BF_Blåt_Småt_Fotoalbum/B16.jpg -> media/large/Fotoalbums/04_BF_Blåt_Småt_Fotoalbum/B16.jpg
2026-05-30T05:58:41.204Z thumbsup:error Error: Command failed: gm composite: Corrupt JPEG data: 1 extraneous bytes before marker 0xd4 (/home/lsolesen/projects/historie-gallery/images/Fotoalbums/04_BF_Blåt_Småt_Fotoalbum/B16.jpg).
2026-05-30T05:58:41.204Z thumbsup:error 
2026-05-30T05:58:41.220Z thumbsup:error Error processing Fotoalbums/04_BF_Blåt_Småt_Fotoalbum/B12.jpg -> media/large/Fotoalbums/04_BF_Blåt_Småt_Fotoalbum/B12.jpg
2026-05-30T05:58:41.220Z thumbsup:error Error: Command failed: gm composite: Corrupt JPEG data: 3 extraneous bytes before marker 0xd7 (/home/lsolesen/projects/historie-gallery/images/Fotoalbums/04_BF_Blåt_Småt_Fotoalbum/B12.jpg).
2026-05-30T05:58:41.220Z thumbsup:error 
2026-05-30T05:58:41.226Z thumbsup:error Error processing Fotoalbums/04_BF_Blåt_Småt_Fotoalbum/B17.jpg -> media/thumbs/Fotoalbums/04_BF_Blåt_Småt_Fotoalbum/B17.jpg
2026-05-30T05:58:41.226Z thumbsup:error Error: Command failed: gm convert: Corrupt JPEG data: 2 extraneous bytes before marker 0xd7 (/home/lsolesen/projects/historie-gallery/images/Fotoalbums/04_BF_Blåt_Småt_Fotoalbum/B17.jpg).
2026-05-30T05:58:41.226Z thumbsup:error 
2026-05-30T05:58:41.263Z thumbsup:error Error processing Fotoalbums/04_BF_Blåt_Småt_Fotoalbum/B10.jpg -> media/small/Fotoalbums/04_BF_Blåt_Småt_Fotoalbum/B10.jpg
2026-05-30T05:58:41.263Z thumbsup:error Error: Command failed: gm convert: Corrupt JPEG data: 10 extraneous bytes before marker 0xd7 (/home/lsolesen/projects/historie-gallery/images/Fotoalbums/04_BF_Blåt_Småt_Fotoalbum/B10.jpg).
2026-05-30T05:58:41.263Z thumbsup:error 
2026-05-30T05:58:41.272Z thumbsup:error Error processing Fotoalbums/04_BF_Blåt_Småt_Fotoalbum/B16.jpg -> media/thumbs/Fotoalbums/04_BF_Blåt_Småt_Fotoalbum/B16.jpg
2026-05-30T05:58:41.272Z thumbsup:error Error: Command failed: gm convert: Corrupt JPEG data: 1 extraneous bytes before marker 0xd4 (/home/lsolesen/projects/historie-gallery/images/Fotoalbums/04_BF_Blåt_Småt_Fotoalbum/B16.jpg).
2026-05-30T05:58:41.272Z thumbsup:error 
2026-05-30T05:58:41.272Z thumbsup:error Error processing Fotoalbums/04_BF_Blåt_Småt_Fotoalbum/B17.jpg -> media/small/Fotoalbums/04_BF_Blåt_Småt_Fotoalbum/B17.jpg
2026-05-30T05:58:41.272Z thumbsup:error Error: Command failed: gm convert: Corrupt JPEG data: 2 extraneous bytes before marker 0xd7 (/home/lsolesen/projects/historie-gallery/images/Fotoalbums/04_BF_Blåt_Småt_Fotoalbum/B17.jpg).
2026-05-30T05:58:41.272Z thumbsup:error 
2026-05-30T05:58:41.284Z thumbsup:error Error processing Fotoalbums/04_BF_Blåt_Småt_Fotoalbum/B10.jpg -> media/large/Fotoalbums/04_BF_Blåt_Småt_Fotoalbum/B10.jpg
2026-05-30T05:58:41.284Z thumbsup:error Error: Command failed: gm composite: Corrupt JPEG data: 10 extraneous bytes before marker 0xd7 (/home/lsolesen/projects/historie-gallery/images/Fotoalbums/04_BF_Blåt_Småt_Fotoalbum/B10.jpg).
2026-05-30T05:58:41.284Z thumbsup:error 
2026-05-30T05:58:41.296Z thumbsup:error Error processing Fotoalbums/04_BF_Blåt_Småt_Fotoalbum/B17.jpg -> media/large/Fotoalbums/04_BF_Blåt_Småt_Fotoalbum/B17.jpg
2026-05-30T05:58:41.296Z thumbsup:error Error: Command failed: gm composite: Corrupt JPEG data: 2 extraneous bytes before marker 0xd7 (/home/lsolesen/projects/historie-gallery/images/Fotoalbums/04_BF_Blåt_Småt_Fotoalbum/B17.jpg).
2026-05-30T05:58:41.296Z thumbsup:error 
2026-05-30T05:58:41.296Z thumbsup:error Error processing Fotoalbums/04_BF_Blåt_Småt_Fotoalbum/B12.jpg -> media/thumbs/Fotoalbums/04_BF_Blåt_Småt_Fotoalbum/B12.jpg
2026-05-30T05:58:41.296Z thumbsup:error Error: Command failed: gm convert: Corrupt JPEG data: 3 extraneous bytes before marker 0xd7 (/home/lsolesen/projects/historie-gallery/images/Fotoalbums/04_BF_Blåt_Småt_Fotoalbum/B12.jpg).
2026-05-30T05:58:41.296Z thumbsup:error 
2026-05-30T05:58:41.325Z thumbsup:error Error processing Fotoalbums/04_BF_Blåt_Småt_Fotoalbum/B20.jpg -> media/small/Fotoalbums/04_BF_Blåt_Småt_Fotoalbum/B20.jpg
2026-05-30T05:58:41.325Z thumbsup:error Error: Command failed: gm convert: Corrupt JPEG data: 2 extraneous bytes before marker 0xd7 (/home/lsolesen/projects/historie-gallery/images/Fotoalbums/04_BF_Blåt_Småt_Fotoalbum/B20.jpg).
2026-05-30T05:58:41.325Z thumbsup:error 
2026-05-30T05:58:41.325Z thumbsup:error Error processing Fotoalbums/04_BF_Blåt_Småt_Fotoalbum/B18.jpg -> media/small/Fotoalbums/04_BF_Blåt_Småt_Fotoalbum/B18.jpg
2026-05-30T05:58:41.325Z thumbsup:error Error: Command failed: gm convert: Corrupt JPEG data: 4 extraneous bytes before marker 0xd7 (/home/lsolesen/projects/historie-gallery/images/Fotoalbums/04_BF_Blåt_Småt_Fotoalbum/B18.jpg).
2026-05-30T05:58:41.325Z thumbsup:error 
2026-05-30T05:58:41.325Z thumbsup:error Error processing Fotoalbums/04_BF_Blåt_Småt_Fotoalbum/B19.jpg -> media/small/Fotoalbums/04_BF_Blåt_Småt_Fotoalbum/B19.jpg
2026-05-30T05:58:41.325Z thumbsup:error Error: Command failed: gm convert: Corrupt JPEG data: 2 extraneous bytes before marker 0xd4 (/home/lsolesen/projects/historie-gallery/images/Fotoalbums/04_BF_Blåt_Småt_Fotoalbum/B19.jpg).
2026-05-30T05:58:41.325Z thumbsup:error 
2026-05-30T05:58:41.352Z thumbsup:error Error processing Fotoalbums/04_BF_Blåt_Småt_Fotoalbum/B18.jpg -> media/thumbs/Fotoalbums/04_BF_Blåt_Småt_Fotoalbum/B18.jpg
2026-05-30T05:58:41.352Z thumbsup:error Error: Command failed: gm convert: Corrupt JPEG data: 4 extraneous bytes before marker 0xd7 (/home/lsolesen/projects/historie-gallery/images/Fotoalbums/04_BF_Blåt_Småt_Fotoalbum/B18.jpg).
2026-05-30T05:58:41.352Z thumbsup:error 
2026-05-30T05:58:41.352Z thumbsup:error Error processing Fotoalbums/04_BF_Blåt_Småt_Fotoalbum/B20.jpg -> media/large/Fotoalbums/04_BF_Blåt_Småt_Fotoalbum/B20.jpg
2026-05-30T05:58:41.352Z thumbsup:error Error: Command failed: gm composite: Corrupt JPEG data: 2 extraneous bytes before marker 0xd7 (/home/lsolesen/projects/historie-gallery/images/Fotoalbums/04_BF_Blåt_Småt_Fotoalbum/B20.jpg).
2026-05-30T05:58:41.352Z thumbsup:error 
2026-05-30T05:58:41.352Z thumbsup:error Error processing Fotoalbums/04_BF_Blåt_Småt_Fotoalbum/B20.jpg -> media/thumbs/Fotoalbums/04_BF_Blåt_Småt_Fotoalbum/B20.jpg
2026-05-30T05:58:41.352Z thumbsup:error Error: Command failed: gm convert: Corrupt JPEG data: 2 extraneous bytes before marker 0xd7 (/home/lsolesen/projects/historie-gallery/images/Fotoalbums/04_BF_Blåt_Småt_Fotoalbum/B20.jpg).
2026-05-30T05:58:41.352Z thumbsup:error 
2026-05-30T05:58:41.357Z thumbsup:error Error processing Fotoalbums/04_BF_Blåt_Småt_Fotoalbum/B19.jpg -> media/large/Fotoalbums/04_BF_Blåt_Småt_Fotoalbum/B19.jpg
2026-05-30T05:58:41.357Z thumbsup:error Error: Command failed: gm composite: Corrupt JPEG data: 2 extraneous bytes before marker 0xd4 (/home/lsolesen/projects/historie-gallery/images/Fotoalbums/04_BF_Blåt_Småt_Fotoalbum/B19.jpg).
2026-05-30T05:58:41.357Z thumbsup:error 
2026-05-30T05:58:41.388Z thumbsup:error Error processing Fotoalbums/04_BF_Blåt_Småt_Fotoalbum/B18.jpg -> media/large/Fotoalbums/04_BF_Blåt_Småt_Fotoalbum/B18.jpg
2026-05-30T05:58:41.388Z thumbsup:error Error: Command failed: gm composite: Corrupt JPEG data: 4 extraneous bytes before marker 0xd7 (/home/lsolesen/projects/historie-gallery/images/Fotoalbums/04_BF_Blåt_Småt_Fotoalbum/B18.jpg).
2026-05-30T05:58:41.388Z thumbsup:error 
2026-05-30T05:58:41.444Z thumbsup:error Error processing Fotoalbums/04_BF_Blåt_Småt_Fotoalbum/B19.jpg -> media/thumbs/Fotoalbums/04_BF_Blåt_Småt_Fotoalbum/B19.jpg
2026-05-30T05:58:41.444Z thumbsup:error Error: Command failed: gm convert: Corrupt JPEG data: 2 extraneous bytes before marker 0xd4 (/home/lsolesen/projects/historie-gallery/images/Fotoalbums/04_BF_Blåt_Småt_Fotoalbum/B19.jpg).
2026-05-30T05:58:41.444Z thumbsup:error 
2026-05-30T05:58:41.460Z thumbsup:error Error processing Fotoalbums/04_BF_Blåt_Småt_Fotoalbum/B21.jpg -> media/small/Fotoalbums/04_BF_Blåt_Småt_Fotoalbum/B21.jpg
2026-05-30T05:58:41.460Z thumbsup:error Error: Command failed: gm convert: Corrupt JPEG data: 1 extraneous bytes before marker 0xd7 (/home/lsolesen/projects/historie-gallery/images/Fotoalbums/04_BF_Blåt_Småt_Fotoalbum/B21.jpg).
2026-05-30T05:58:41.460Z thumbsup:error 
2026-05-30T05:58:41.469Z thumbsup:error Error processing Fotoalbums/04_BF_Blåt_Småt_Fotoalbum/B21.jpg -> media/thumbs/Fotoalbums/04_BF_Blåt_Småt_Fotoalbum/B21.jpg
2026-05-30T05:58:41.469Z thumbsup:error Error: Command failed: gm convert: Corrupt JPEG data: 1 extraneous bytes before marker 0xd7 (/home/lsolesen/projects/historie-gallery/images/Fotoalbums/04_BF_Blåt_Småt_Fotoalbum/B21.jpg).
2026-05-30T05:58:41.469Z thumbsup:error 
2026-05-30T05:58:41.502Z thumbsup:error Error processing Fotoalbums/04_BF_Blåt_Småt_Fotoalbum/B23.jpg -> media/thumbs/Fotoalbums/04_BF_Blåt_Småt_Fotoalbum/B23.jpg
2026-05-30T05:58:41.502Z thumbsup:error Error: Command failed: gm convert: Corrupt JPEG data: 1 extraneous bytes before marker 0xd7 (/home/lsolesen/projects/historie-gallery/images/Fotoalbums/04_BF_Blåt_Småt_Fotoalbum/B23.jpg).
2026-05-30T05:58:41.502Z thumbsup:error 
2026-05-30T05:58:41.514Z thumbsup:error Error processing Fotoalbums/04_BF_Blåt_Småt_Fotoalbum/B24.jpg -> media/thumbs/Fotoalbums/04_BF_Blåt_Småt_Fotoalbum/B24.jpg
2026-05-30T05:58:41.514Z thumbsup:error Error: Command failed: gm convert: Corrupt JPEG data: 4 extraneous bytes before marker 0xd7 (/home/lsolesen/projects/historie-gallery/images/Fotoalbums/04_BF_Blåt_Småt_Fotoalbum/B24.jpg).
2026-05-30T05:58:41.514Z thumbsup:error 
2026-05-30T05:58:41.514Z thumbsup:error Error processing Fotoalbums/04_BF_Blåt_Småt_Fotoalbum/B22.jpg -> media/thumbs/Fotoalbums/04_BF_Blåt_Småt_Fotoalbum/B22.jpg
2026-05-30T05:58:41.514Z thumbsup:error Error: Command failed: gm convert: Corrupt JPEG data: 4 extraneous bytes before marker 0xd7 (/home/lsolesen/projects/historie-gallery/images/Fotoalbums/04_BF_Blåt_Småt_Fotoalbum/B22.jpg).
2026-05-30T05:58:41.514Z thumbsup:error 
2026-05-30T05:58:41.530Z thumbsup:error Error processing Fotoalbums/04_BF_Blåt_Småt_Fotoalbum/B23.jpg -> media/small/Fotoalbums/04_BF_Blåt_Småt_Fotoalbum/B23.jpg
2026-05-30T05:58:41.530Z thumbsup:error Error: Command failed: gm convert: Corrupt JPEG data: 1 extraneous bytes before marker 0xd7 (/home/lsolesen/projects/historie-gallery/images/Fotoalbums/04_BF_Blåt_Småt_Fotoalbum/B23.jpg).
2026-05-30T05:58:41.530Z thumbsup:error 
2026-05-30T05:58:41.537Z thumbsup:error Error processing Fotoalbums/04_BF_Blåt_Småt_Fotoalbum/B21.jpg -> media/large/Fotoalbums/04_BF_Blåt_Småt_Fotoalbum/B21.jpg
2026-05-30T05:58:41.537Z thumbsup:error Error: Command failed: gm composite: Corrupt JPEG data: 1 extraneous bytes before marker 0xd7 (/home/lsolesen/projects/historie-gallery/images/Fotoalbums/04_BF_Blåt_Småt_Fotoalbum/B21.jpg).
2026-05-30T05:58:41.537Z thumbsup:error 
2026-05-30T05:58:41.572Z thumbsup:error Error processing Fotoalbums/04_BF_Blåt_Småt_Fotoalbum/B24.jpg -> media/small/Fotoalbums/04_BF_Blåt_Småt_Fotoalbum/B24.jpg
2026-05-30T05:58:41.572Z thumbsup:error Error: Command failed: gm convert: Corrupt JPEG data: 4 extraneous bytes before marker 0xd7 (/home/lsolesen/projects/historie-gallery/images/Fotoalbums/04_BF_Blåt_Småt_Fotoalbum/B24.jpg).
2026-05-30T05:58:41.572Z thumbsup:error 
2026-05-30T05:58:41.603Z thumbsup:error Error processing Fotoalbums/04_BF_Blåt_Småt_Fotoalbum/B27.jpg -> media/thumbs/Fotoalbums/04_BF_Blåt_Småt_Fotoalbum/B27.jpg
2026-05-30T05:58:41.603Z thumbsup:error Error: Command failed: gm convert: Corrupt JPEG data: 1 extraneous bytes before marker 0xd7 (/home/lsolesen/projects/historie-gallery/images/Fotoalbums/04_BF_Blåt_Småt_Fotoalbum/B27.jpg).
2026-05-30T05:58:41.603Z thumbsup:error 
2026-05-30T05:58:41.612Z thumbsup:error Error processing Fotoalbums/04_BF_Blåt_Småt_Fotoalbum/B24.jpg -> media/large/Fotoalbums/04_BF_Blåt_Småt_Fotoalbum/B24.jpg
2026-05-30T05:58:41.612Z thumbsup:error Error: Command failed: gm composite: Corrupt JPEG data: 4 extraneous bytes before marker 0xd7 (/home/lsolesen/projects/historie-gallery/images/Fotoalbums/04_BF_Blåt_Småt_Fotoalbum/B24.jpg).
2026-05-30T05:58:41.612Z thumbsup:error 
2026-05-30T05:58:41.624Z thumbsup:error Error processing Fotoalbums/04_BF_Blåt_Småt_Fotoalbum/B23.jpg -> media/large/Fotoalbums/04_BF_Blåt_Småt_Fotoalbum/B23.jpg
2026-05-30T05:58:41.624Z thumbsup:error Error: Command failed: gm composite: Corrupt JPEG data: 1 extraneous bytes before marker 0xd7 (/home/lsolesen/projects/historie-gallery/images/Fotoalbums/04_BF_Blåt_Småt_Fotoalbum/B23.jpg).
2026-05-30T05:58:41.624Z thumbsup:error 
2026-05-30T05:58:41.649Z thumbsup:error Error processing Fotoalbums/04_BF_Blåt_Småt_Fotoalbum/B22.jpg -> media/small/Fotoalbums/04_BF_Blåt_Småt_Fotoalbum/B22.jpg
2026-05-30T05:58:41.649Z thumbsup:error Error: Command failed: gm convert: Corrupt JPEG data: 4 extraneous bytes before marker 0xd7 (/home/lsolesen/projects/historie-gallery/images/Fotoalbums/04_BF_Blåt_Småt_Fotoalbum/B22.jpg).
2026-05-30T05:58:41.649Z thumbsup:error 
2026-05-30T05:58:41.650Z thumbsup:error Error processing Fotoalbums/04_BF_Blåt_Småt_Fotoalbum/B26.jpg -> media/small/Fotoalbums/04_BF_Blåt_Småt_Fotoalbum/B26.jpg
2026-05-30T05:58:41.650Z thumbsup:error Error: Command failed: gm convert: Corrupt JPEG data: 2 extraneous bytes before marker 0xd3 (/home/lsolesen/projects/historie-gallery/images/Fotoalbums/04_BF_Blåt_Småt_Fotoalbum/B26.jpg).
2026-05-30T05:58:41.650Z thumbsup:error 
2026-05-30T05:58:41.672Z thumbsup:error Error processing Fotoalbums/04_BF_Blåt_Småt_Fotoalbum/B27.jpg -> media/large/Fotoalbums/04_BF_Blåt_Småt_Fotoalbum/B27.jpg
2026-05-30T05:58:41.672Z thumbsup:error Error: Command failed: gm composite: Corrupt JPEG data: 1 extraneous bytes before marker 0xd7 (/home/lsolesen/projects/historie-gallery/images/Fotoalbums/04_BF_Blåt_Småt_Fotoalbum/B27.jpg).
2026-05-30T05:58:41.672Z thumbsup:error 
2026-05-30T05:58:41.678Z thumbsup:error Error processing Fotoalbums/04_BF_Blåt_Småt_Fotoalbum/B28.jpg -> media/thumbs/Fotoalbums/04_BF_Blåt_Småt_Fotoalbum/B28.jpg
2026-05-30T05:58:41.678Z thumbsup:error Error: Command failed: gm convert: Corrupt JPEG data: 1 extraneous bytes before marker 0xd2 (/home/lsolesen/projects/historie-gallery/images/Fotoalbums/04_BF_Blåt_Småt_Fotoalbum/B28.jpg).
2026-05-30T05:58:41.678Z thumbsup:error 
2026-05-30T05:58:41.695Z thumbsup:error Error processing Fotoalbums/04_BF_Blåt_Småt_Fotoalbum/B22.jpg -> media/large/Fotoalbums/04_BF_Blåt_Småt_Fotoalbum/B22.jpg
2026-05-30T05:58:41.695Z thumbsup:error Error: Command failed: gm composite: Corrupt JPEG data: 4 extraneous bytes before marker 0xd7 (/home/lsolesen/projects/historie-gallery/images/Fotoalbums/04_BF_Blåt_Småt_Fotoalbum/B22.jpg).
2026-05-30T05:58:41.695Z thumbsup:error 
2026-05-30T05:58:41.711Z thumbsup:error Error processing Fotoalbums/04_BF_Blåt_Småt_Fotoalbum/B27.jpg -> media/small/Fotoalbums/04_BF_Blåt_Småt_Fotoalbum/B27.jpg
2026-05-30T05:58:41.711Z thumbsup:error Error: Command failed: gm convert: Corrupt JPEG data: 1 extraneous bytes before marker 0xd7 (/home/lsolesen/projects/historie-gallery/images/Fotoalbums/04_BF_Blåt_Småt_Fotoalbum/B27.jpg).
2026-05-30T05:58:41.711Z thumbsup:error 
2026-05-30T05:58:41.721Z thumbsup:error Error processing Fotoalbums/04_BF_Blåt_Småt_Fotoalbum/B28.jpg -> media/large/Fotoalbums/04_BF_Blåt_Småt_Fotoalbum/B28.jpg
2026-05-30T05:58:41.721Z thumbsup:error Error: Command failed: gm composite: Corrupt JPEG data: 1 extraneous bytes before marker 0xd2 (/home/lsolesen/projects/historie-gallery/images/Fotoalbums/04_BF_Blåt_Småt_Fotoalbum/B28.jpg).
2026-05-30T05:58:41.721Z thumbsup:error 
2026-05-30T05:58:41.745Z thumbsup:error Error processing Fotoalbums/04_BF_Blåt_Småt_Fotoalbum/B26.jpg -> media/large/Fotoalbums/04_BF_Blåt_Småt_Fotoalbum/B26.jpg
2026-05-30T05:58:41.745Z thumbsup:error Error: Command failed: gm composite: Corrupt JPEG data: 2 extraneous bytes before marker 0xd3 (/home/lsolesen/projects/historie-gallery/images/Fotoalbums/04_BF_Blåt_Småt_Fotoalbum/B26.jpg).
2026-05-30T05:58:41.745Z thumbsup:error 
2026-05-30T05:58:41.752Z thumbsup:error Error processing Fotoalbums/04_BF_Blåt_Småt_Fotoalbum/B28.jpg -> media/small/Fotoalbums/04_BF_Blåt_Småt_Fotoalbum/B28.jpg
2026-05-30T05:58:41.752Z thumbsup:error Error: Command failed: gm convert: Corrupt JPEG data: 1 extraneous bytes before marker 0xd2 (/home/lsolesen/projects/historie-gallery/images/Fotoalbums/04_BF_Blåt_Småt_Fotoalbum/B28.jpg).
2026-05-30T05:58:41.752Z thumbsup:error 
2026-05-30T05:58:41.752Z thumbsup:error Error processing Fotoalbums/04_BF_Blåt_Småt_Fotoalbum/B26.jpg -> media/thumbs/Fotoalbums/04_BF_Blåt_Småt_Fotoalbum/B26.jpg
2026-05-30T05:58:41.752Z thumbsup:error Error: Command failed: gm convert: Corrupt JPEG data: 2 extraneous bytes before marker 0xd3 (/home/lsolesen/projects/historie-gallery/images/Fotoalbums/04_BF_Blåt_Småt_Fotoalbum/B26.jpg).
2026-05-30T05:58:41.752Z thumbsup:error 
2026-05-30T05:58:41.805Z thumbsup:error Error processing Fotoalbums/04_BF_Blåt_Småt_Fotoalbum/B30.jpg -> media/small/Fotoalbums/04_BF_Blåt_Småt_Fotoalbum/B30.jpg
2026-05-30T05:58:41.805Z thumbsup:error Error: Command failed: gm convert: Corrupt JPEG data: 1 extraneous bytes before marker 0xd6 (/home/lsolesen/projects/historie-gallery/images/Fotoalbums/04_BF_Blåt_Småt_Fotoalbum/B30.jpg).
2026-05-30T05:58:41.805Z thumbsup:error 
2026-05-30T05:58:41.805Z thumbsup:error Error processing Fotoalbums/04_BF_Blåt_Småt_Fotoalbum/B29.jpg -> media/thumbs/Fotoalbums/04_BF_Blåt_Småt_Fotoalbum/B29.jpg
2026-05-30T05:58:41.805Z thumbsup:error Error: Command failed: gm convert: Corrupt JPEG data: 2 extraneous bytes before marker 0xd7 (/home/lsolesen/projects/historie-gallery/images/Fotoalbums/04_BF_Blåt_Småt_Fotoalbum/B29.jpg).
2026-05-30T05:58:41.805Z thumbsup:error 
2026-05-30T05:58:41.819Z thumbsup:error Error processing Fotoalbums/04_BF_Blåt_Småt_Fotoalbum/B29.jpg -> media/small/Fotoalbums/04_BF_Blåt_Småt_Fotoalbum/B29.jpg
2026-05-30T05:58:41.819Z thumbsup:error Error: Command failed: gm convert: Corrupt JPEG data: 2 extraneous bytes before marker 0xd7 (/home/lsolesen/projects/historie-gallery/images/Fotoalbums/04_BF_Blåt_Småt_Fotoalbum/B29.jpg).
2026-05-30T05:58:41.819Z thumbsup:error 
2026-05-30T05:58:41.825Z thumbsup:error Error processing Fotoalbums/04_BF_Blåt_Småt_Fotoalbum/B31.jpg -> media/small/Fotoalbums/04_BF_Blåt_Småt_Fotoalbum/B31.jpg
2026-05-30T05:58:41.825Z thumbsup:error Error: Command failed: gm convert: Corrupt JPEG data: 1 extraneous bytes before marker 0xd3 (/home/lsolesen/projects/historie-gallery/images/Fotoalbums/04_BF_Blåt_Småt_Fotoalbum/B31.jpg).
2026-05-30T05:58:41.825Z thumbsup:error 
2026-05-30T05:58:41.832Z thumbsup:error Error processing Fotoalbums/04_BF_Blåt_Småt_Fotoalbum/B25.jpg -> media/large/Fotoalbums/04_BF_Blåt_Småt_Fotoalbum/B25.jpg
2026-05-30T05:58:41.832Z thumbsup:error Error: Command failed: gm composite: Corrupt JPEG data: 6 extraneous bytes before marker 0xd3 (/home/lsolesen/projects/historie-gallery/images/Fotoalbums/04_BF_Blåt_Småt_Fotoalbum/B25.jpg).
2026-05-30T05:58:41.832Z thumbsup:error 
2026-05-30T05:58:41.847Z thumbsup:error Error processing Fotoalbums/04_BF_Blåt_Småt_Fotoalbum/B29.jpg -> media/large/Fotoalbums/04_BF_Blåt_Småt_Fotoalbum/B29.jpg
2026-05-30T05:58:41.847Z thumbsup:error Error: Command failed: gm composite: Corrupt JPEG data: 2 extraneous bytes before marker 0xd7 (/home/lsolesen/projects/historie-gallery/images/Fotoalbums/04_BF_Blåt_Småt_Fotoalbum/B29.jpg).
2026-05-30T05:58:41.847Z thumbsup:error 
2026-05-30T05:58:41.861Z thumbsup:error Error processing Fotoalbums/04_BF_Blåt_Småt_Fotoalbum/B30.jpg -> media/large/Fotoalbums/04_BF_Blåt_Småt_Fotoalbum/B30.jpg
2026-05-30T05:58:41.861Z thumbsup:error Error: Command failed: gm composite: Corrupt JPEG data: 1 extraneous bytes before marker 0xd6 (/home/lsolesen/projects/historie-gallery/images/Fotoalbums/04_BF_Blåt_Småt_Fotoalbum/B30.jpg).
2026-05-30T05:58:41.861Z thumbsup:error 
2026-05-30T05:58:41.872Z thumbsup:error Error processing Fotoalbums/04_BF_Blåt_Småt_Fotoalbum/B31.jpg -> media/thumbs/Fotoalbums/04_BF_Blåt_Småt_Fotoalbum/B31.jpg
2026-05-30T05:58:41.872Z thumbsup:error Error: Command failed: gm convert: Corrupt JPEG data: 1 extraneous bytes before marker 0xd3 (/home/lsolesen/projects/historie-gallery/images/Fotoalbums/04_BF_Blåt_Småt_Fotoalbum/B31.jpg).
2026-05-30T05:58:41.872Z thumbsup:error 
2026-05-30T05:58:41.880Z thumbsup:error Error processing Fotoalbums/04_BF_Blåt_Småt_Fotoalbum/B32.jpg -> media/thumbs/Fotoalbums/04_BF_Blåt_Småt_Fotoalbum/B32.jpg
2026-05-30T05:58:41.880Z thumbsup:error Error: Command failed: gm convert: Corrupt JPEG data: 3 extraneous bytes before marker 0xd7 (/home/lsolesen/projects/historie-gallery/images/Fotoalbums/04_BF_Blåt_Småt_Fotoalbum/B32.jpg).
2026-05-30T05:58:41.880Z thumbsup:error 
2026-05-30T05:58:41.881Z thumbsup:error Error processing Fotoalbums/04_BF_Blåt_Småt_Fotoalbum/B30.jpg -> media/thumbs/Fotoalbums/04_BF_Blåt_Småt_Fotoalbum/B30.jpg
2026-05-30T05:58:41.881Z thumbsup:error Error: Command failed: gm convert: Corrupt JPEG data: 1 extraneous bytes before marker 0xd6 (/home/lsolesen/projects/historie-gallery/images/Fotoalbums/04_BF_Blåt_Småt_Fotoalbum/B30.jpg).
2026-05-30T05:58:41.881Z thumbsup:error 
2026-05-30T05:58:41.881Z thumbsup:error Error processing Fotoalbums/04_BF_Blåt_Småt_Fotoalbum/B32.jpg -> media/large/Fotoalbums/04_BF_Blåt_Småt_Fotoalbum/B32.jpg
2026-05-30T05:58:41.881Z thumbsup:error Error: Command failed: gm composite: Corrupt JPEG data: 3 extraneous bytes before marker 0xd7 (/home/lsolesen/projects/historie-gallery/images/Fotoalbums/04_BF_Blåt_Småt_Fotoalbum/B32.jpg).
2026-05-30T05:58:41.881Z thumbsup:error 
2026-05-30T05:58:41.897Z thumbsup:error Error processing Fotoalbums/04_BF_Blåt_Småt_Fotoalbum/B25.jpg -> media/small/Fotoalbums/04_BF_Blåt_Småt_Fotoalbum/B25.jpg
2026-05-30T05:58:41.897Z thumbsup:error Error: Command failed: gm convert: Corrupt JPEG data: 6 extraneous bytes before marker 0xd3 (/home/lsolesen/projects/historie-gallery/images/Fotoalbums/04_BF_Blåt_Småt_Fotoalbum/B25.jpg).
2026-05-30T05:58:41.897Z thumbsup:error 
2026-05-30T05:58:41.897Z thumbsup:error Error processing Fotoalbums/04_BF_Blåt_Småt_Fotoalbum/B32.jpg -> media/small/Fotoalbums/04_BF_Blåt_Småt_Fotoalbum/B32.jpg
2026-05-30T05:58:41.897Z thumbsup:error Error: Command failed: gm convert: Corrupt JPEG data: 3 extraneous bytes before marker 0xd7 (/home/lsolesen/projects/historie-gallery/images/Fotoalbums/04_BF_Blåt_Småt_Fotoalbum/B32.jpg).
2026-05-30T05:58:41.897Z thumbsup:error 
2026-05-30T05:58:41.930Z thumbsup:error Error processing Fotoalbums/04_BF_Blåt_Småt_Fotoalbum/B31.jpg -> media/large/Fotoalbums/04_BF_Blåt_Småt_Fotoalbum/B31.jpg
2026-05-30T05:58:41.930Z thumbsup:error Error: Command failed: gm composite: Corrupt JPEG data: 1 extraneous bytes before marker 0xd3 (/home/lsolesen/projects/historie-gallery/images/Fotoalbums/04_BF_Blåt_Småt_Fotoalbum/B31.jpg).
2026-05-30T05:58:41.930Z thumbsup:error 
2026-05-30T05:58:41.953Z thumbsup:error Error processing Fotoalbums/04_BF_Blåt_Småt_Fotoalbum/B25.jpg -> media/thumbs/Fotoalbums/04_BF_Blåt_Småt_Fotoalbum/B25.jpg
2026-05-30T05:58:41.953Z thumbsup:error Error: Command failed: gm convert: Corrupt JPEG data: 6 extraneous bytes before marker 0xd3 (/home/lsolesen/projects/historie-gallery/images/Fotoalbums/04_BF_Blåt_Småt_Fotoalbum/B25.jpg).
2026-05-30T05:58:41.953Z thumbsup:error 
2026-05-30T05:58:41.954Z thumbsup:error Error processing Fotoalbums/04_BF_Blåt_Småt_Fotoalbum/B33.jpg -> media/thumbs/Fotoalbums/04_BF_Blåt_Småt_Fotoalbum/B33.jpg
2026-05-30T05:58:41.954Z thumbsup:error Error: Command failed: gm convert: Corrupt JPEG data: 1 extraneous bytes before marker 0xd2 (/home/lsolesen/projects/historie-gallery/images/Fotoalbums/04_BF_Blåt_Småt_Fotoalbum/B33.jpg).
2026-05-30T05:58:41.954Z thumbsup:error 
2026-05-30T05:58:42.010Z thumbsup:error Error processing Fotoalbums/04_BF_Blåt_Småt_Fotoalbum/B33.jpg -> media/small/Fotoalbums/04_BF_Blåt_Småt_Fotoalbum/B33.jpg
2026-05-30T05:58:42.010Z thumbsup:error Error: Command failed: gm convert: Corrupt JPEG data: 1 extraneous bytes before marker 0xd2 (/home/lsolesen/projects/historie-gallery/images/Fotoalbums/04_BF_Blåt_Småt_Fotoalbum/B33.jpg).
2026-05-30T05:58:42.010Z thumbsup:error 
2026-05-30T05:58:42.015Z thumbsup:error Error processing Fotoalbums/04_BF_Blåt_Småt_Fotoalbum/B33.jpg -> media/large/Fotoalbums/04_BF_Blåt_Småt_Fotoalbum/B33.jpg
2026-05-30T05:58:42.015Z thumbsup:error Error: Command failed: gm composite: Corrupt JPEG data: 1 extraneous bytes before marker 0xd2 (/home/lsolesen/projects/historie-gallery/images/Fotoalbums/04_BF_Blåt_Småt_Fotoalbum/B33.jpg).
2026-05-30T05:58:42.015Z thumbsup:error 
2026-05-30T05:58:42.022Z thumbsup:error Error processing Fotoalbums/04_BF_Blåt_Småt_Fotoalbum/B36.jpg -> media/small/Fotoalbums/04_BF_Blåt_Småt_Fotoalbum/B36.jpg
2026-05-30T05:58:42.022Z thumbsup:error Error: Command failed: gm convert: Corrupt JPEG data: 2 extraneous bytes before marker 0xd7 (/home/lsolesen/projects/historie-gallery/images/Fotoalbums/04_BF_Blåt_Småt_Fotoalbum/B36.jpg).
2026-05-30T05:58:42.022Z thumbsup:error 
2026-05-30T05:58:42.032Z thumbsup:error Error processing Fotoalbums/04_BF_Blåt_Småt_Fotoalbum/B36.jpg -> media/large/Fotoalbums/04_BF_Blåt_Småt_Fotoalbum/B36.jpg
2026-05-30T05:58:42.032Z thumbsup:error Error: Command failed: gm composite: Corrupt JPEG data: 2 extraneous bytes before marker 0xd7 (/home/lsolesen/projects/historie-gallery/images/Fotoalbums/04_BF_Blåt_Småt_Fotoalbum/B36.jpg).
2026-05-30T05:58:42.032Z thumbsup:error 
2026-05-30T05:58:42.033Z thumbsup:error Error processing Fotoalbums/04_BF_Blåt_Småt_Fotoalbum/B34.jpg -> media/small/Fotoalbums/04_BF_Blåt_Småt_Fotoalbum/B34.jpg
2026-05-30T05:58:42.033Z thumbsup:error Error: Command failed: gm convert: Corrupt JPEG data: 2 extraneous bytes before marker 0xd0 (/home/lsolesen/projects/historie-gallery/images/Fotoalbums/04_BF_Blåt_Småt_Fotoalbum/B34.jpg).
2026-05-30T05:58:42.033Z thumbsup:error 
2026-05-30T05:58:42.053Z thumbsup:error Error processing Fotoalbums/04_BF_Blåt_Småt_Fotoalbum/B35.jpg -> media/thumbs/Fotoalbums/04_BF_Blåt_Småt_Fotoalbum/B35.jpg
2026-05-30T05:58:42.053Z thumbsup:error Error: Command failed: gm convert: Corrupt JPEG data: 5 extraneous bytes before marker 0xd7 (/home/lsolesen/projects/historie-gallery/images/Fotoalbums/04_BF_Blåt_Småt_Fotoalbum/B35.jpg).
2026-05-30T05:58:42.053Z thumbsup:error 
2026-05-30T05:58:42.063Z thumbsup:error Error processing Fotoalbums/04_BF_Blåt_Småt_Fotoalbum/B36.jpg -> media/thumbs/Fotoalbums/04_BF_Blåt_Småt_Fotoalbum/B36.jpg
2026-05-30T05:58:42.063Z thumbsup:error Error: Command failed: gm convert: Corrupt JPEG data: 2 extraneous bytes before marker 0xd7 (/home/lsolesen/projects/historie-gallery/images/Fotoalbums/04_BF_Blåt_Småt_Fotoalbum/B36.jpg).
2026-05-30T05:58:42.063Z thumbsup:error 
2026-05-30T05:58:42.063Z thumbsup:error Error processing Fotoalbums/04_BF_Blåt_Småt_Fotoalbum/B38.jpg -> media/large/Fotoalbums/04_BF_Blåt_Småt_Fotoalbum/B38.jpg
2026-05-30T05:58:42.063Z thumbsup:error Error: Command failed: gm composite: Corrupt JPEG data: 1 extraneous bytes before marker 0xd6 (/home/lsolesen/projects/historie-gallery/images/Fotoalbums/04_BF_Blåt_Småt_Fotoalbum/B38.jpg).
2026-05-30T05:58:42.063Z thumbsup:error 
2026-05-30T05:58:42.079Z thumbsup:error Error processing Fotoalbums/04_BF_Blåt_Småt_Fotoalbum/B35.jpg -> media/large/Fotoalbums/04_BF_Blåt_Småt_Fotoalbum/B35.jpg
2026-05-30T05:58:42.079Z thumbsup:error Error: Command failed: gm composite: Corrupt JPEG data: 5 extraneous bytes before marker 0xd7 (/home/lsolesen/projects/historie-gallery/images/Fotoalbums/04_BF_Blåt_Småt_Fotoalbum/B35.jpg).
2026-05-30T05:58:42.079Z thumbsup:error 
2026-05-30T05:58:42.096Z thumbsup:error Error processing Fotoalbums/04_BF_Blåt_Småt_Fotoalbum/B38.jpg -> media/small/Fotoalbums/04_BF_Blåt_Småt_Fotoalbum/B38.jpg
2026-05-30T05:58:42.096Z thumbsup:error Error: Command failed: gm convert: Corrupt JPEG data: 1 extraneous bytes before marker 0xd6 (/home/lsolesen/projects/historie-gallery/images/Fotoalbums/04_BF_Blåt_Småt_Fotoalbum/B38.jpg).
2026-05-30T05:58:42.096Z thumbsup:error 
2026-05-30T05:58:42.100Z thumbsup:error Error processing Fotoalbums/04_BF_Blåt_Småt_Fotoalbum/B35.jpg -> media/small/Fotoalbums/04_BF_Blåt_Småt_Fotoalbum/B35.jpg
2026-05-30T05:58:42.100Z thumbsup:error Error: Command failed: gm convert: Corrupt JPEG data: 5 extraneous bytes before marker 0xd7 (/home/lsolesen/projects/historie-gallery/images/Fotoalbums/04_BF_Blåt_Småt_Fotoalbum/B35.jpg).
2026-05-30T05:58:42.100Z thumbsup:error 
2026-05-30T05:58:42.101Z thumbsup:error Error processing Fotoalbums/04_BF_Blåt_Småt_Fotoalbum/B38.jpg -> media/thumbs/Fotoalbums/04_BF_Blåt_Småt_Fotoalbum/B38.jpg
2026-05-30T05:58:42.101Z thumbsup:error Error: Command failed: gm convert: Corrupt JPEG data: 1 extraneous bytes before marker 0xd6 (/home/lsolesen/projects/historie-gallery/images/Fotoalbums/04_BF_Blåt_Småt_Fotoalbum/B38.jpg).
2026-05-30T05:58:42.101Z thumbsup:error 
2026-05-30T05:58:42.132Z thumbsup:error Error processing Fotoalbums/04_BF_Blåt_Småt_Fotoalbum/B34.jpg -> media/thumbs/Fotoalbums/04_BF_Blåt_Småt_Fotoalbum/B34.jpg
2026-05-30T05:58:42.132Z thumbsup:error Error: Command failed: gm convert: Corrupt JPEG data: 2 extraneous bytes before marker 0xd0 (/home/lsolesen/projects/historie-gallery/images/Fotoalbums/04_BF_Blåt_Småt_Fotoalbum/B34.jpg).
2026-05-30T05:58:42.132Z thumbsup:error 
2026-05-30T05:58:42.142Z thumbsup:error Error processing Fotoalbums/04_BF_Blåt_Småt_Fotoalbum/B34.jpg -> media/large/Fotoalbums/04_BF_Blåt_Småt_Fotoalbum/B34.jpg
2026-05-30T05:58:42.142Z thumbsup:error Error: Command failed: gm composite: Corrupt JPEG data: 2 extraneous bytes before marker 0xd0 (/home/lsolesen/projects/historie-gallery/images/Fotoalbums/04_BF_Blåt_Småt_Fotoalbum/B34.jpg).
2026-05-30T05:58:42.142Z thumbsup:error 
2026-05-30T05:58:42.252Z thumbsup:error Error processing Fotoalbums/04_BF_Blåt_Småt_Fotoalbum/B37.jpg -> media/large/Fotoalbums/04_BF_Blåt_Småt_Fotoalbum/B37.jpg
2026-05-30T05:58:42.252Z thumbsup:error Error: Command failed: gm composite: Corrupt JPEG data: 2 extraneous bytes before marker 0xd7 (/home/lsolesen/projects/historie-gallery/images/Fotoalbums/04_BF_Blåt_Småt_Fotoalbum/B37.jpg).
2026-05-30T05:58:42.252Z thumbsup:error 
2026-05-30T05:58:42.277Z thumbsup:error Error processing Fotoalbums/04_BF_Blåt_Småt_Fotoalbum/B37.jpg -> media/thumbs/Fotoalbums/04_BF_Blåt_Småt_Fotoalbum/B37.jpg
2026-05-30T05:58:42.277Z thumbsup:error Error: Command failed: gm convert: Corrupt JPEG data: 2 extraneous bytes before marker 0xd7 (/home/lsolesen/projects/historie-gallery/images/Fotoalbums/04_BF_Blåt_Småt_Fotoalbum/B37.jpg).
2026-05-30T05:58:42.277Z thumbsup:error 
2026-05-30T05:58:42.295Z thumbsup:error Error processing Fotoalbums/04_BF_Blåt_Småt_Fotoalbum/B42.jpg -> media/thumbs/Fotoalbums/04_BF_Blåt_Småt_Fotoalbum/B42.jpg
2026-05-30T05:58:42.295Z thumbsup:error Error: Command failed: gm convert: Corrupt JPEG data: 5 extraneous bytes before marker 0xd7 (/home/lsolesen/projects/historie-gallery/images/Fotoalbums/04_BF_Blåt_Småt_Fotoalbum/B42.jpg).
2026-05-30T05:58:42.295Z thumbsup:error 
2026-05-30T05:58:42.309Z thumbsup:error Error processing Fotoalbums/04_BF_Blåt_Småt_Fotoalbum/B42.jpg -> media/small/Fotoalbums/04_BF_Blåt_Småt_Fotoalbum/B42.jpg
2026-05-30T05:58:42.309Z thumbsup:error Error: Command failed: gm convert: Corrupt JPEG data: 5 extraneous bytes before marker 0xd7 (/home/lsolesen/projects/historie-gallery/images/Fotoalbums/04_BF_Blåt_Småt_Fotoalbum/B42.jpg).
2026-05-30T05:58:42.309Z thumbsup:error 
2026-05-30T05:58:42.356Z thumbsup:error Error processing Fotoalbums/04_BF_Blåt_Småt_Fotoalbum/B42.jpg -> media/large/Fotoalbums/04_BF_Blåt_Småt_Fotoalbum/B42.jpg
2026-05-30T05:58:42.356Z thumbsup:error Error: Command failed: gm composite: Corrupt JPEG data: 5 extraneous bytes before marker 0xd7 (/home/lsolesen/projects/historie-gallery/images/Fotoalbums/04_BF_Blåt_Småt_Fotoalbum/B42.jpg).
2026-05-30T05:58:42.356Z thumbsup:error 
2026-05-30T05:58:42.385Z thumbsup:error Error processing Fotoalbums/04_BF_Blåt_Småt_Fotoalbum/B43.jpg -> media/thumbs/Fotoalbums/04_BF_Blåt_Småt_Fotoalbum/B43.jpg
2026-05-30T05:58:42.385Z thumbsup:error Error: Command failed: gm convert: Corrupt JPEG data: 2 extraneous bytes before marker 0xd7 (/home/lsolesen/projects/historie-gallery/images/Fotoalbums/04_BF_Blåt_Småt_Fotoalbum/B43.jpg).
2026-05-30T05:58:42.385Z thumbsup:error 
2026-05-30T05:58:42.413Z thumbsup:error Error processing Fotoalbums/04_BF_Blåt_Småt_Fotoalbum/B37.jpg -> media/small/Fotoalbums/04_BF_Blåt_Småt_Fotoalbum/B37.jpg
2026-05-30T05:58:42.413Z thumbsup:error Error: Command failed: gm convert: Corrupt JPEG data: 2 extraneous bytes before marker 0xd7 (/home/lsolesen/projects/historie-gallery/images/Fotoalbums/04_BF_Blåt_Småt_Fotoalbum/B37.jpg).
2026-05-30T05:58:42.413Z thumbsup:error 
2026-05-30T05:58:42.424Z thumbsup:error Error processing Fotoalbums/04_BF_Blåt_Småt_Fotoalbum/B40.jpg -> media/thumbs/Fotoalbums/04_BF_Blåt_Småt_Fotoalbum/B40.jpg
2026-05-30T05:58:42.424Z thumbsup:error Error: Command failed: gm convert: Corrupt JPEG data: 5 extraneous bytes before marker 0xd5 (/home/lsolesen/projects/historie-gallery/images/Fotoalbums/04_BF_Blåt_Småt_Fotoalbum/B40.jpg).
2026-05-30T05:58:42.424Z thumbsup:error 
2026-05-30T05:58:42.425Z thumbsup:error Error processing Fotoalbums/04_BF_Blåt_Småt_Fotoalbum/B43.jpg -> media/small/Fotoalbums/04_BF_Blåt_Småt_Fotoalbum/B43.jpg
2026-05-30T05:58:42.425Z thumbsup:error Error: Command failed: gm convert: Corrupt JPEG data: 2 extraneous bytes before marker 0xd7 (/home/lsolesen/projects/historie-gallery/images/Fotoalbums/04_BF_Blåt_Småt_Fotoalbum/B43.jpg).
2026-05-30T05:58:42.425Z thumbsup:error 
2026-05-30T05:58:42.455Z thumbsup:error Error processing Fotoalbums/04_BF_Blåt_Småt_Fotoalbum/B43.jpg -> media/large/Fotoalbums/04_BF_Blåt_Småt_Fotoalbum/B43.jpg
2026-05-30T05:58:42.455Z thumbsup:error Error: Command failed: gm composite: Corrupt JPEG data: 2 extraneous bytes before marker 0xd7 (/home/lsolesen/projects/historie-gallery/images/Fotoalbums/04_BF_Blåt_Småt_Fotoalbum/B43.jpg).
2026-05-30T05:58:42.455Z thumbsup:error 
2026-05-30T05:58:42.508Z thumbsup:error Error processing Fotoalbums/04_BF_Blåt_Småt_Fotoalbum/B39.jpg -> media/thumbs/Fotoalbums/04_BF_Blåt_Småt_Fotoalbum/B39.jpg
2026-05-30T05:58:42.508Z thumbsup:error Error: Command failed: gm convert: Corrupt JPEG data: 3 extraneous bytes before marker 0xd7 (/home/lsolesen/projects/historie-gallery/images/Fotoalbums/04_BF_Blåt_Småt_Fotoalbum/B39.jpg).
2026-05-30T05:58:42.508Z thumbsup:error 
2026-05-30T05:58:42.520Z thumbsup:error Error processing Fotoalbums/04_BF_Blåt_Småt_Fotoalbum/B39.jpg -> media/large/Fotoalbums/04_BF_Blåt_Småt_Fotoalbum/B39.jpg
2026-05-30T05:58:42.520Z thumbsup:error Error: Command failed: gm composite: Corrupt JPEG data: 3 extraneous bytes before marker 0xd7 (/home/lsolesen/projects/historie-gallery/images/Fotoalbums/04_BF_Blåt_Småt_Fotoalbum/B39.jpg).
2026-05-30T05:58:42.520Z thumbsup:error 
2026-05-30T05:58:42.534Z thumbsup:error Error processing Fotoalbums/04_BF_Blåt_Småt_Fotoalbum/B40.jpg -> media/large/Fotoalbums/04_BF_Blåt_Småt_Fotoalbum/B40.jpg
2026-05-30T05:58:42.534Z thumbsup:error Error: Command failed: gm composite: Corrupt JPEG data: 5 extraneous bytes before marker 0xd5 (/home/lsolesen/projects/historie-gallery/images/Fotoalbums/04_BF_Blåt_Småt_Fotoalbum/B40.jpg).
2026-05-30T05:58:42.534Z thumbsup:error 
2026-05-30T05:58:42.534Z thumbsup:error Error processing Fotoalbums/04_BF_Blåt_Småt_Fotoalbum/B39.jpg -> media/small/Fotoalbums/04_BF_Blåt_Småt_Fotoalbum/B39.jpg
2026-05-30T05:58:42.534Z thumbsup:error Error: Command failed: gm convert: Corrupt JPEG data: 3 extraneous bytes before marker 0xd7 (/home/lsolesen/projects/historie-gallery/images/Fotoalbums/04_BF_Blåt_Småt_Fotoalbum/B39.jpg).
2026-05-30T05:58:42.534Z thumbsup:error 
2026-05-30T05:58:42.580Z thumbsup:error Error processing Fotoalbums/04_BF_Blåt_Småt_Fotoalbum/B40.jpg -> media/small/Fotoalbums/04_BF_Blåt_Småt_Fotoalbum/B40.jpg
2026-05-30T05:58:42.580Z thumbsup:error Error: Command failed: gm convert: Corrupt JPEG data: 5 extraneous bytes before marker 0xd5 (/home/lsolesen/projects/historie-gallery/images/Fotoalbums/04_BF_Blåt_Småt_Fotoalbum/B40.jpg).
2026-05-30T05:58:42.580Z thumbsup:error 
2026-05-30T05:58:42.617Z thumbsup:error Error processing Fotoalbums/04_BF_Blåt_Småt_Fotoalbum/B45.jpg -> media/large/Fotoalbums/04_BF_Blåt_Småt_Fotoalbum/B45.jpg
2026-05-30T05:58:42.617Z thumbsup:error Error: Command failed: gm composite: Corrupt JPEG data: 3 extraneous bytes before marker 0xd1 (/home/lsolesen/projects/historie-gallery/images/Fotoalbums/04_BF_Blåt_Småt_Fotoalbum/B45.jpg).
2026-05-30T05:58:42.617Z thumbsup:error 
2026-05-30T05:58:42.617Z thumbsup:error Error processing Fotoalbums/04_BF_Blåt_Småt_Fotoalbum/B41.jpg -> media/large/Fotoalbums/04_BF_Blåt_Småt_Fotoalbum/B41.jpg
2026-05-30T05:58:42.617Z thumbsup:error Error: Command failed: gm composite: Corrupt JPEG data: 5 extraneous bytes before marker 0xd7 (/home/lsolesen/projects/historie-gallery/images/Fotoalbums/04_BF_Blåt_Småt_Fotoalbum/B41.jpg).
2026-05-30T05:58:42.617Z thumbsup:error 
2026-05-30T05:58:42.640Z thumbsup:error Error processing Fotoalbums/04_BF_Blåt_Småt_Fotoalbum/B41.jpg -> media/small/Fotoalbums/04_BF_Blåt_Småt_Fotoalbum/B41.jpg
2026-05-30T05:58:42.640Z thumbsup:error Error: Command failed: gm convert: Corrupt JPEG data: 5 extraneous bytes before marker 0xd7 (/home/lsolesen/projects/historie-gallery/images/Fotoalbums/04_BF_Blåt_Småt_Fotoalbum/B41.jpg).
2026-05-30T05:58:42.640Z thumbsup:error 
2026-05-30T05:58:42.641Z thumbsup:error Error processing Fotoalbums/04_BF_Blåt_Småt_Fotoalbum/B41.jpg -> media/thumbs/Fotoalbums/04_BF_Blåt_Småt_Fotoalbum/B41.jpg
2026-05-30T05:58:42.641Z thumbsup:error Error: Command failed: gm convert: Corrupt JPEG data: 5 extraneous bytes before marker 0xd7 (/home/lsolesen/projects/historie-gallery/images/Fotoalbums/04_BF_Blåt_Småt_Fotoalbum/B41.jpg).
2026-05-30T05:58:42.641Z thumbsup:error 
2026-05-30T05:58:42.672Z thumbsup:error Error processing Fotoalbums/04_BF_Blåt_Småt_Fotoalbum/B45.jpg -> media/thumbs/Fotoalbums/04_BF_Blåt_Småt_Fotoalbum/B45.jpg
2026-05-30T05:58:42.672Z thumbsup:error Error: Command failed: gm convert: Corrupt JPEG data: 3 extraneous bytes before marker 0xd1 (/home/lsolesen/projects/historie-gallery/images/Fotoalbums/04_BF_Blåt_Småt_Fotoalbum/B45.jpg).
2026-05-30T05:58:42.672Z thumbsup:error 
2026-05-30T05:58:42.708Z thumbsup:error Error processing Fotoalbums/04_BF_Blåt_Småt_Fotoalbum/B45.jpg -> media/small/Fotoalbums/04_BF_Blåt_Småt_Fotoalbum/B45.jpg
2026-05-30T05:58:42.708Z thumbsup:error Error: Command failed: gm convert: Corrupt JPEG data: 3 extraneous bytes before marker 0xd1 (/home/lsolesen/projects/historie-gallery/images/Fotoalbums/04_BF_Blåt_Småt_Fotoalbum/B45.jpg).
2026-05-30T05:58:42.708Z thumbsup:error 
2026-05-30T05:58:42.722Z thumbsup:error Error processing Fotoalbums/04_BF_Blåt_Småt_Fotoalbum/B47.jpg -> media/thumbs/Fotoalbums/04_BF_Blåt_Småt_Fotoalbum/B47.jpg
2026-05-30T05:58:42.722Z thumbsup:error Error: Command failed: gm convert: Corrupt JPEG data: 2 extraneous bytes before marker 0xd7 (/home/lsolesen/projects/historie-gallery/images/Fotoalbums/04_BF_Blåt_Småt_Fotoalbum/B47.jpg).
2026-05-30T05:58:42.722Z thumbsup:error 
2026-05-30T05:58:42.752Z thumbsup:error Error processing Fotoalbums/04_BF_Blåt_Småt_Fotoalbum/B47.jpg -> media/large/Fotoalbums/04_BF_Blåt_Småt_Fotoalbum/B47.jpg
2026-05-30T05:58:42.752Z thumbsup:error Error: Command failed: gm composite: Corrupt JPEG data: 2 extraneous bytes before marker 0xd7 (/home/lsolesen/projects/historie-gallery/images/Fotoalbums/04_BF_Blåt_Småt_Fotoalbum/B47.jpg).
2026-05-30T05:58:42.752Z thumbsup:error 
2026-05-30T05:58:42.762Z thumbsup:error Error processing Fotoalbums/04_BF_Blåt_Småt_Fotoalbum/B47.jpg -> media/small/Fotoalbums/04_BF_Blåt_Småt_Fotoalbum/B47.jpg
2026-05-30T05:58:42.762Z thumbsup:error Error: Command failed: gm convert: Corrupt JPEG data: 2 extraneous bytes before marker 0xd7 (/home/lsolesen/projects/historie-gallery/images/Fotoalbums/04_BF_Blåt_Småt_Fotoalbum/B47.jpg).
2026-05-30T05:58:42.762Z thumbsup:error 
2026-05-30T05:58:42.824Z thumbsup:error Error processing Fotoalbums/04_BF_Blåt_Småt_Fotoalbum/B48.jpg -> media/large/Fotoalbums/04_BF_Blåt_Småt_Fotoalbum/B48.jpg
2026-05-30T05:58:42.824Z thumbsup:error Error: Command failed: gm composite: Corrupt JPEG data: 5 extraneous bytes before marker 0xd1 (/home/lsolesen/projects/historie-gallery/images/Fotoalbums/04_BF_Blåt_Småt_Fotoalbum/B48.jpg).
2026-05-30T05:58:42.824Z thumbsup:error 
2026-05-30T05:58:42.837Z thumbsup:error Error processing Fotoalbums/04_BF_Blåt_Småt_Fotoalbum/B48.jpg -> media/thumbs/Fotoalbums/04_BF_Blåt_Småt_Fotoalbum/B48.jpg
2026-05-30T05:58:42.837Z thumbsup:error Error: Command failed: gm convert: Corrupt JPEG data: 5 extraneous bytes before marker 0xd1 (/home/lsolesen/projects/historie-gallery/images/Fotoalbums/04_BF_Blåt_Småt_Fotoalbum/B48.jpg).
2026-05-30T05:58:42.837Z thumbsup:error 
2026-05-30T05:58:42.862Z thumbsup:error Error processing Fotoalbums/04_BF_Blåt_Småt_Fotoalbum/B48.jpg -> media/small/Fotoalbums/04_BF_Blåt_Småt_Fotoalbum/B48.jpg
2026-05-30T05:58:42.862Z thumbsup:error Error: Command failed: gm convert: Corrupt JPEG data: 5 extraneous bytes before marker 0xd1 (/home/lsolesen/projects/historie-gallery/images/Fotoalbums/04_BF_Blåt_Småt_Fotoalbum/B48.jpg).
2026-05-30T05:58:42.862Z thumbsup:error 
2026-05-30T05:58:42.877Z thumbsup:error Error processing Fotoalbums/04_BF_Blåt_Småt_Fotoalbum/B49.jpg -> media/small/Fotoalbums/04_BF_Blåt_Småt_Fotoalbum/B49.jpg
2026-05-30T05:58:42.877Z thumbsup:error Error: Command failed: gm convert: Corrupt JPEG data: 1 extraneous bytes before marker 0xd7 (/home/lsolesen/projects/historie-gallery/images/Fotoalbums/04_BF_Blåt_Småt_Fotoalbum/B49.jpg).
2026-05-30T05:58:42.877Z thumbsup:error 
2026-05-30T05:58:42.877Z thumbsup:error Error processing Fotoalbums/04_BF_Blåt_Småt_Fotoalbum/B49.jpg -> media/large/Fotoalbums/04_BF_Blåt_Småt_Fotoalbum/B49.jpg
2026-05-30T05:58:42.877Z thumbsup:error Error: Command failed: gm composite: Corrupt JPEG data: 1 extraneous bytes before marker 0xd7 (/home/lsolesen/projects/historie-gallery/images/Fotoalbums/04_BF_Blåt_Småt_Fotoalbum/B49.jpg).
2026-05-30T05:58:42.877Z thumbsup:error 
2026-05-30T05:58:42.903Z thumbsup:error Error processing Fotoalbums/04_BF_Blåt_Småt_Fotoalbum/B44.jpg -> media/thumbs/Fotoalbums/04_BF_Blåt_Småt_Fotoalbum/B44.jpg
2026-05-30T05:58:42.903Z thumbsup:error Error: Command failed: gm convert: Corrupt JPEG data: 1 extraneous bytes before marker 0xd4 (/home/lsolesen/projects/historie-gallery/images/Fotoalbums/04_BF_Blåt_Småt_Fotoalbum/B44.jpg).
2026-05-30T05:58:42.903Z thumbsup:error 
2026-05-30T05:58:42.904Z thumbsup:error Error processing Fotoalbums/04_BF_Blåt_Småt_Fotoalbum/B50.jpg -> media/small/Fotoalbums/04_BF_Blåt_Småt_Fotoalbum/B50.jpg
2026-05-30T05:58:42.904Z thumbsup:error Error: Command failed: gm convert: Corrupt JPEG data: 2 extraneous bytes before marker 0xd7 (/home/lsolesen/projects/historie-gallery/images/Fotoalbums/04_BF_Blåt_Småt_Fotoalbum/B50.jpg).
2026-05-30T05:58:42.904Z thumbsup:error 
2026-05-30T05:58:42.935Z thumbsup:error Error processing Fotoalbums/04_BF_Blåt_Småt_Fotoalbum/B44.jpg -> media/small/Fotoalbums/04_BF_Blåt_Småt_Fotoalbum/B44.jpg
2026-05-30T05:58:42.935Z thumbsup:error Error: Command failed: gm convert: Corrupt JPEG data: 1 extraneous bytes before marker 0xd4 (/home/lsolesen/projects/historie-gallery/images/Fotoalbums/04_BF_Blåt_Småt_Fotoalbum/B44.jpg).
2026-05-30T05:58:42.935Z thumbsup:error 
2026-05-30T05:58:42.949Z thumbsup:error Error processing Fotoalbums/04_BF_Blåt_Småt_Fotoalbum/B50.jpg -> media/thumbs/Fotoalbums/04_BF_Blåt_Småt_Fotoalbum/B50.jpg
2026-05-30T05:58:42.949Z thumbsup:error Error: Command failed: gm convert: Corrupt JPEG data: 2 extraneous bytes before marker 0xd7 (/home/lsolesen/projects/historie-gallery/images/Fotoalbums/04_BF_Blåt_Småt_Fotoalbum/B50.jpg).
2026-05-30T05:58:42.949Z thumbsup:error 
2026-05-30T05:58:42.981Z thumbsup:error Error processing Fotoalbums/04_BF_Blåt_Småt_Fotoalbum/B44.jpg -> media/large/Fotoalbums/04_BF_Blåt_Småt_Fotoalbum/B44.jpg
2026-05-30T05:58:42.981Z thumbsup:error Error: Command failed: gm composite: Corrupt JPEG data: 1 extraneous bytes before marker 0xd4 (/home/lsolesen/projects/historie-gallery/images/Fotoalbums/04_BF_Blåt_Småt_Fotoalbum/B44.jpg).
2026-05-30T05:58:42.981Z thumbsup:error 
2026-05-30T05:58:42.981Z thumbsup:error Error processing Fotoalbums/04_BF_Blåt_Småt_Fotoalbum/B49.jpg -> media/thumbs/Fotoalbums/04_BF_Blåt_Småt_Fotoalbum/B49.jpg
2026-05-30T05:58:42.981Z thumbsup:error Error: Command failed: gm convert: Corrupt JPEG data: 1 extraneous bytes before marker 0xd7 (/home/lsolesen/projects/historie-gallery/images/Fotoalbums/04_BF_Blåt_Småt_Fotoalbum/B49.jpg).
2026-05-30T05:58:42.981Z thumbsup:error 
2026-05-30T05:58:43.032Z thumbsup:error Error processing Fotoalbums/04_BF_Blåt_Småt_Fotoalbum/B50.jpg -> media/large/Fotoalbums/04_BF_Blåt_Småt_Fotoalbum/B50.jpg
2026-05-30T05:58:43.032Z thumbsup:error Error: Command failed: gm composite: Corrupt JPEG data: 2 extraneous bytes before marker 0xd7 (/home/lsolesen/projects/historie-gallery/images/Fotoalbums/04_BF_Blåt_Småt_Fotoalbum/B50.jpg).
2026-05-30T05:58:43.032Z thumbsup:error 
2026-05-30T05:58:43.055Z thumbsup:error Error processing Fotoalbums/04_BF_Blåt_Småt_Fotoalbum/B46.jpg -> media/small/Fotoalbums/04_BF_Blåt_Småt_Fotoalbum/B46.jpg
2026-05-30T05:58:43.055Z thumbsup:error Error: Command failed: gm convert: Corrupt JPEG data: 8 extraneous bytes before marker 0xd7 (/home/lsolesen/projects/historie-gallery/images/Fotoalbums/04_BF_Blåt_Småt_Fotoalbum/B46.jpg).
2026-05-30T05:58:43.055Z thumbsup:error 
2026-05-30T05:58:43.121Z thumbsup:error Error processing Fotoalbums/04_BF_Blåt_Småt_Fotoalbum/B52-20260511_204403.jpg -> media/small/Fotoalbums/04_BF_Blåt_Småt_Fotoalbum/B52-20260511_204403.jpg
2026-05-30T05:58:43.121Z thumbsup:error Error: Command failed: gm convert: Corrupt JPEG data: 6 extraneous bytes before marker 0xd1 (/home/lsolesen/projects/historie-gallery/images/Fotoalbums/04_BF_Blåt_Småt_Fotoalbum/B52-20260511_204403.jpg).
2026-05-30T05:58:43.121Z thumbsup:error 
2026-05-30T05:58:43.134Z thumbsup:error Error processing Fotoalbums/04_BF_Blåt_Småt_Fotoalbum/B52-20260511_204403.jpg -> media/thumbs/Fotoalbums/04_BF_Blåt_Småt_Fotoalbum/B52-20260511_204403.jpg
2026-05-30T05:58:43.134Z thumbsup:error Error: Command failed: gm convert: Corrupt JPEG data: 6 extraneous bytes before marker 0xd1 (/home/lsolesen/projects/historie-gallery/images/Fotoalbums/04_BF_Blåt_Småt_Fotoalbum/B52-20260511_204403.jpg).
2026-05-30T05:58:43.134Z thumbsup:error 
2026-05-30T05:58:43.144Z thumbsup:error Error processing Fotoalbums/04_BF_Blåt_Småt_Fotoalbum/B53-20260511_204412.jpg -> media/small/Fotoalbums/04_BF_Blåt_Småt_Fotoalbum/B53-20260511_204412.jpg
2026-05-30T05:58:43.144Z thumbsup:error Error: Command failed: gm convert: Corrupt JPEG data: 4 extraneous bytes before marker 0xd6 (/home/lsolesen/projects/historie-gallery/images/Fotoalbums/04_BF_Blåt_Småt_Fotoalbum/B53-20260511_204412.jpg).
2026-05-30T05:58:43.144Z thumbsup:error 
2026-05-30T05:58:43.145Z thumbsup:error Error processing Fotoalbums/04_BF_Blåt_Småt_Fotoalbum/B8.jpg -> media/thumbs/Fotoalbums/04_BF_Blåt_Småt_Fotoalbum/B8.jpg
2026-05-30T05:58:43.145Z thumbsup:error Error: Command failed: gm convert: Corrupt JPEG data: 2 extraneous bytes before marker 0xd6 (/home/lsolesen/projects/historie-gallery/images/Fotoalbums/04_BF_Blåt_Småt_Fotoalbum/B8.jpg).
2026-05-30T05:58:43.145Z thumbsup:error 
2026-05-30T05:58:43.161Z thumbsup:error Error processing Fotoalbums/04_BF_Blåt_Småt_Fotoalbum/B51-.jpg -> media/small/Fotoalbums/04_BF_Blåt_Småt_Fotoalbum/B51-.jpg
2026-05-30T05:58:43.161Z thumbsup:error Error: Command failed: gm convert: Corrupt JPEG data: 4 extraneous bytes before marker 0xd7 (/home/lsolesen/projects/historie-gallery/images/Fotoalbums/04_BF_Blåt_Småt_Fotoalbum/B51-.jpg).
2026-05-30T05:58:43.161Z thumbsup:error 
2026-05-30T05:58:43.216Z thumbsup:error Error processing Fotoalbums/04_BF_Blåt_Småt_Fotoalbum/B51-.jpg -> media/thumbs/Fotoalbums/04_BF_Blåt_Småt_Fotoalbum/B51-.jpg
2026-05-30T05:58:43.216Z thumbsup:error Error: Command failed: gm convert: Corrupt JPEG data: 4 extraneous bytes before marker 0xd7 (/home/lsolesen/projects/historie-gallery/images/Fotoalbums/04_BF_Blåt_Småt_Fotoalbum/B51-.jpg).
2026-05-30T05:58:43.216Z thumbsup:error 
2026-05-30T05:58:43.240Z thumbsup:error Error processing Fotoalbums/04_BF_Blåt_Småt_Fotoalbum/B53-20260511_204412.jpg -> media/thumbs/Fotoalbums/04_BF_Blåt_Småt_Fotoalbum/B53-20260511_204412.jpg
2026-05-30T05:58:43.240Z thumbsup:error Error: Command failed: gm convert: Corrupt JPEG data: 4 extraneous bytes before marker 0xd6 (/home/lsolesen/projects/historie-gallery/images/Fotoalbums/04_BF_Blåt_Småt_Fotoalbum/B53-20260511_204412.jpg).
2026-05-30T05:58:43.240Z thumbsup:error 
2026-05-30T05:58:43.247Z thumbsup:error Error processing Fotoalbums/04_BF_Blåt_Småt_Fotoalbum/B53-20260511_204412.jpg -> media/large/Fotoalbums/04_BF_Blåt_Småt_Fotoalbum/B53-20260511_204412.jpg
2026-05-30T05:58:43.247Z thumbsup:error Error: Command failed: gm composite: Corrupt JPEG data: 4 extraneous bytes before marker 0xd6 (/home/lsolesen/projects/historie-gallery/images/Fotoalbums/04_BF_Blåt_Småt_Fotoalbum/B53-20260511_204412.jpg).
2026-05-30T05:58:43.247Z thumbsup:error 
2026-05-30T05:58:43.274Z thumbsup:error Error processing Fotoalbums/04_BF_Blåt_Småt_Fotoalbum/B51-.jpg -> media/large/Fotoalbums/04_BF_Blåt_Småt_Fotoalbum/B51-.jpg
2026-05-30T05:58:43.274Z thumbsup:error Error: Command failed: gm composite: Corrupt JPEG data: 4 extraneous bytes before marker 0xd7 (/home/lsolesen/projects/historie-gallery/images/Fotoalbums/04_BF_Blåt_Småt_Fotoalbum/B51-.jpg).
2026-05-30T05:58:43.274Z thumbsup:error 
2026-05-30T05:58:43.274Z thumbsup:error Error processing Fotoalbums/04_BF_Blåt_Småt_Fotoalbum/B46.jpg -> media/large/Fotoalbums/04_BF_Blåt_Småt_Fotoalbum/B46.jpg
2026-05-30T05:58:43.274Z thumbsup:error Error: Command failed: gm composite: Corrupt JPEG data: 8 extraneous bytes before marker 0xd7 (/home/lsolesen/projects/historie-gallery/images/Fotoalbums/04_BF_Blåt_Småt_Fotoalbum/B46.jpg).
2026-05-30T05:58:43.274Z thumbsup:error 
2026-05-30T05:58:43.289Z thumbsup:error Error processing Fotoalbums/04_BF_Blåt_Småt_Fotoalbum/B46.jpg -> media/thumbs/Fotoalbums/04_BF_Blåt_Småt_Fotoalbum/B46.jpg
2026-05-30T05:58:43.289Z thumbsup:error Error: Command failed: gm convert: Corrupt JPEG data: 8 extraneous bytes before marker 0xd7 (/home/lsolesen/projects/historie-gallery/images/Fotoalbums/04_BF_Blåt_Småt_Fotoalbum/B46.jpg).
2026-05-30T05:58:43.289Z thumbsup:error 
2026-05-30T05:58:43.360Z thumbsup:error Error processing Fotoalbums/04_BF_Blåt_Småt_Fotoalbum/B8.jpg -> media/small/Fotoalbums/04_BF_Blåt_Småt_Fotoalbum/B8.jpg
2026-05-30T05:58:43.360Z thumbsup:error Error: Command failed: gm convert: Corrupt JPEG data: 2 extraneous bytes before marker 0xd6 (/home/lsolesen/projects/historie-gallery/images/Fotoalbums/04_BF_Blåt_Småt_Fotoalbum/B8.jpg).
2026-05-30T05:58:43.360Z thumbsup:error 
2026-05-30T05:58:43.555Z thumbsup:error Error processing Fotoalbums/04_BF_Blåt_Småt_Fotoalbum/B52-20260511_204403.jpg -> media/large/Fotoalbums/04_BF_Blåt_Småt_Fotoalbum/B52-20260511_204403.jpg
2026-05-30T05:58:43.555Z thumbsup:error Error: Command failed: gm composite: Corrupt JPEG data: 6 extraneous bytes before marker 0xd1 (/home/lsolesen/projects/historie-gallery/images/Fotoalbums/04_BF_Blåt_Småt_Fotoalbum/B52-20260511_204403.jpg).
2026-05-30T05:58:43.555Z thumbsup:error 
2026-05-30T05:58:43.617Z thumbsup:error Error processing Fotoalbums/04_BF_Blåt_Småt_Fotoalbum/B8.jpg -> media/large/Fotoalbums/04_BF_Blåt_Småt_Fotoalbum/B8.jpg
2026-05-30T05:58:43.617Z thumbsup:error Error: Command failed: gm composite: Corrupt JPEG data: 2 extraneous bytes before marker 0xd6 (/home/lsolesen/projects/historie-gallery/images/Fotoalbums/04_BF_Blåt_Småt_Fotoalbum/B8.jpg).
2026-05-30T05:58:43.617Z thumbsup:error 
2026-05-30T05:58:43.652Z thumbsup:error Error processing Fotoalbums/04_BF_Blåt_Småt_Fotoalbum/B9.jpg -> media/large/Fotoalbums/04_BF_Blåt_Småt_Fotoalbum/B9.jpg
2026-05-30T05:58:43.652Z thumbsup:error Error: Command failed: gm composite: Corrupt JPEG data: 3 extraneous bytes before marker 0xd0 (/home/lsolesen/projects/historie-gallery/images/Fotoalbums/04_BF_Blåt_Småt_Fotoalbum/B9.jpg).
2026-05-30T05:58:43.652Z thumbsup:error 
2026-05-30T05:58:43.652Z thumbsup:error Error processing Fotoalbums/04_BF_Blåt_Småt_Fotoalbum/B9.jpg -> media/thumbs/Fotoalbums/04_BF_Blåt_Småt_Fotoalbum/B9.jpg
2026-05-30T05:58:43.652Z thumbsup:error Error: Command failed: gm convert: Corrupt JPEG data: 3 extraneous bytes before marker 0xd0 (/home/lsolesen/projects/historie-gallery/images/Fotoalbums/04_BF_Blåt_Småt_Fotoalbum/B9.jpg).
2026-05-30T05:58:43.652Z thumbsup:error 
2026-05-30T05:58:43.713Z thumbsup:error Error processing Fotoalbums/04_BF_Blåt_Småt_Fotoalbum/B9.jpg -> media/small/Fotoalbums/04_BF_Blåt_Småt_Fotoalbum/B9.jpg
2026-05-30T05:58:43.713Z thumbsup:error Error: Command failed: gm convert: Corrupt JPEG data: 3 extraneous bytes before marker 0xd0 (/home/lsolesen/projects/historie-gallery/images/Fotoalbums/04_BF_Blåt_Småt_Fotoalbum/B9.jpg).
2026-05-30T05:58:43.713Z thumbsup:error 
2026-05-30T05:58:43.893Z thumbsup:error Error processing Fotoalbums/04_BF_Blåt_Småt_Fotoalbum/BF1-20260511_203547.jpg -> media/small/Fotoalbums/04_BF_Blåt_Småt_Fotoalbum/BF1-20260511_203547.jpg
2026-05-30T05:58:43.893Z thumbsup:error Error: Command failed: gm convert: Corrupt JPEG data: 1 extraneous bytes before marker 0xd7 (/home/lsolesen/projects/historie-gallery/images/Fotoalbums/04_BF_Blåt_Småt_Fotoalbum/BF1-20260511_203547.jpg).
2026-05-30T05:58:43.893Z thumbsup:error 
2026-05-30T05:58:43.963Z thumbsup:error Error processing Fotoalbums/04_BF_Blåt_Småt_Fotoalbum/BF1-20260511_203547.jpg -> media/large/Fotoalbums/04_BF_Blåt_Småt_Fotoalbum/BF1-20260511_203547.jpg
2026-05-30T05:58:43.963Z thumbsup:error Error: Command failed: gm composite: Corrupt JPEG data: 1 extraneous bytes before marker 0xd7 (/home/lsolesen/projects/historie-gallery/images/Fotoalbums/04_BF_Blåt_Småt_Fotoalbum/BF1-20260511_203547.jpg).
2026-05-30T05:58:43.963Z thumbsup:error 
2026-05-30T05:58:44.195Z thumbsup:error Error processing Fotoalbums/04_BF_Blåt_Småt_Fotoalbum/BF1-20260511_203547.jpg -> media/thumbs/Fotoalbums/04_BF_Blåt_Småt_Fotoalbum/BF1-20260511_203547.jpg
2026-05-30T05:58:44.195Z thumbsup:error Error: Command failed: gm convert: Corrupt JPEG data: 1 extraneous bytes before marker 0xd7 (/home/lsolesen/projects/historie-gallery/images/Fotoalbums/04_BF_Blåt_Småt_Fotoalbum/BF1-20260511_203547.jpg).
2026-05-30T05:58:44.195Z thumbsup:error 
2026-05-30T05:58:50.525Z thumbsup:error Error processing Fotoalbums/06_KN_Kava_Nielsen/KN20.jpg -> media/thumbs/Fotoalbums/06_KN_Kava_Nielsen/KN20.jpg
2026-05-30T05:58:50.525Z thumbsup:error Error: Command failed: gm convert: Corrupt JPEG data: 1 extraneous bytes before marker 0xd1 (/home/lsolesen/projects/historie-gallery/images/Fotoalbums/06_KN_Kava_Nielsen/KN20.jpg).
2026-05-30T05:58:50.525Z thumbsup:error 
2026-05-30T05:58:50.824Z thumbsup:error Error processing Fotoalbums/06_KN_Kava_Nielsen/KN22.jpg -> media/small/Fotoalbums/06_KN_Kava_Nielsen/KN22.jpg
2026-05-30T05:58:50.824Z thumbsup:error Error: Command failed: gm convert: Corrupt JPEG data: 1 extraneous bytes before marker 0xd7 (/home/lsolesen/projects/historie-gallery/images/Fotoalbums/06_KN_Kava_Nielsen/KN22.jpg).
2026-05-30T05:58:50.824Z thumbsup:error 
2026-05-30T05:58:50.873Z thumbsup:error Error processing Fotoalbums/06_KN_Kava_Nielsen/KN22.jpg -> media/thumbs/Fotoalbums/06_KN_Kava_Nielsen/KN22.jpg
2026-05-30T05:58:50.873Z thumbsup:error Error: Command failed: gm convert: Corrupt JPEG data: 1 extraneous bytes before marker 0xd7 (/home/lsolesen/projects/historie-gallery/images/Fotoalbums/06_KN_Kava_Nielsen/KN22.jpg).
2026-05-30T05:58:50.873Z thumbsup:error 
2026-05-30T05:58:50.873Z thumbsup:error Error processing Fotoalbums/06_KN_Kava_Nielsen/KN21.jpg -> media/thumbs/Fotoalbums/06_KN_Kava_Nielsen/KN21.jpg
2026-05-30T05:58:50.873Z thumbsup:error Error: Command failed: gm convert: Corrupt JPEG data: 3 extraneous bytes before marker 0xd4 (/home/lsolesen/projects/historie-gallery/images/Fotoalbums/06_KN_Kava_Nielsen/KN21.jpg).
2026-05-30T05:58:50.873Z thumbsup:error 
2026-05-30T05:58:50.961Z thumbsup:error Error processing Fotoalbums/06_KN_Kava_Nielsen/KN24.jpg -> media/thumbs/Fotoalbums/06_KN_Kava_Nielsen/KN24.jpg
2026-05-30T05:58:50.961Z thumbsup:error Error: Command failed: gm convert: Corrupt JPEG data: 1 extraneous bytes before marker 0xd7 (/home/lsolesen/projects/historie-gallery/images/Fotoalbums/06_KN_Kava_Nielsen/KN24.jpg).
2026-05-30T05:58:50.961Z thumbsup:error 
2026-05-30T05:58:51.009Z thumbsup:error Error processing Fotoalbums/06_KN_Kava_Nielsen/KN20.jpg -> media/large/Fotoalbums/06_KN_Kava_Nielsen/KN20.jpg
2026-05-30T05:58:51.009Z thumbsup:error Error: Command failed: gm composite: Corrupt JPEG data: 1 extraneous bytes before marker 0xd1 (/home/lsolesen/projects/historie-gallery/images/Fotoalbums/06_KN_Kava_Nielsen/KN20.jpg).
2026-05-30T05:58:51.009Z thumbsup:error 
2026-05-30T05:58:51.042Z thumbsup:error Error processing Fotoalbums/06_KN_Kava_Nielsen/KN21.jpg -> media/large/Fotoalbums/06_KN_Kava_Nielsen/KN21.jpg
2026-05-30T05:58:51.042Z thumbsup:error Error: Command failed: gm composite: Corrupt JPEG data: 3 extraneous bytes before marker 0xd4 (/home/lsolesen/projects/historie-gallery/images/Fotoalbums/06_KN_Kava_Nielsen/KN21.jpg).
2026-05-30T05:58:51.042Z thumbsup:error 
2026-05-30T05:58:51.076Z thumbsup:error Error processing Fotoalbums/06_KN_Kava_Nielsen/KN22.jpg -> media/large/Fotoalbums/06_KN_Kava_Nielsen/KN22.jpg
2026-05-30T05:58:51.076Z thumbsup:error Error: Command failed: gm composite: Corrupt JPEG data: 1 extraneous bytes before marker 0xd7 (/home/lsolesen/projects/historie-gallery/images/Fotoalbums/06_KN_Kava_Nielsen/KN22.jpg).
2026-05-30T05:58:51.076Z thumbsup:error 
2026-05-30T05:58:51.114Z thumbsup:error Error processing Fotoalbums/06_KN_Kava_Nielsen/KN24.jpg -> media/small/Fotoalbums/06_KN_Kava_Nielsen/KN24.jpg
2026-05-30T05:58:51.114Z thumbsup:error Error: Command failed: gm convert: Corrupt JPEG data: 1 extraneous bytes before marker 0xd7 (/home/lsolesen/projects/historie-gallery/images/Fotoalbums/06_KN_Kava_Nielsen/KN24.jpg).
2026-05-30T05:58:51.114Z thumbsup:error 
2026-05-30T05:58:51.114Z thumbsup:error Error processing Fotoalbums/06_KN_Kava_Nielsen/KN20.jpg -> media/small/Fotoalbums/06_KN_Kava_Nielsen/KN20.jpg
2026-05-30T05:58:51.114Z thumbsup:error Error: Command failed: gm convert: Corrupt JPEG data: 1 extraneous bytes before marker 0xd1 (/home/lsolesen/projects/historie-gallery/images/Fotoalbums/06_KN_Kava_Nielsen/KN20.jpg).
2026-05-30T05:58:51.114Z thumbsup:error 
2026-05-30T05:58:51.163Z thumbsup:error Error processing Fotoalbums/06_KN_Kava_Nielsen/KN21.jpg -> media/small/Fotoalbums/06_KN_Kava_Nielsen/KN21.jpg
2026-05-30T05:58:51.163Z thumbsup:error Error: Command failed: gm convert: Corrupt JPEG data: 3 extraneous bytes before marker 0xd4 (/home/lsolesen/projects/historie-gallery/images/Fotoalbums/06_KN_Kava_Nielsen/KN21.jpg).
2026-05-30T05:58:51.163Z thumbsup:error 
2026-05-30T05:58:51.164Z thumbsup:error Error processing Fotoalbums/06_KN_Kava_Nielsen/KN24.jpg -> media/large/Fotoalbums/06_KN_Kava_Nielsen/KN24.jpg
2026-05-30T05:58:51.164Z thumbsup:error Error: Command failed: gm composite: Corrupt JPEG data: 1 extraneous bytes before marker 0xd7 (/home/lsolesen/projects/historie-gallery/images/Fotoalbums/06_KN_Kava_Nielsen/KN24.jpg).
2026-05-30T05:58:51.164Z thumbsup:error 
2026-05-30T05:58:51.176Z thumbsup:error Error processing Fotoalbums/06_KN_Kava_Nielsen/KN23.jpg -> media/small/Fotoalbums/06_KN_Kava_Nielsen/KN23.jpg
2026-05-30T05:58:51.176Z thumbsup:error Error: Command failed: gm convert: Corrupt JPEG data: 2 extraneous bytes before marker 0xd7 (/home/lsolesen/projects/historie-gallery/images/Fotoalbums/06_KN_Kava_Nielsen/KN23.jpg).
2026-05-30T05:58:51.176Z thumbsup:error 
2026-05-30T05:58:51.193Z thumbsup:error Error processing Fotoalbums/06_KN_Kava_Nielsen/KN25.jpg -> media/small/Fotoalbums/06_KN_Kava_Nielsen/KN25.jpg
2026-05-30T05:58:51.193Z thumbsup:error Error: Command failed: gm convert: Corrupt JPEG data: 6 extraneous bytes before marker 0xd7 (/home/lsolesen/projects/historie-gallery/images/Fotoalbums/06_KN_Kava_Nielsen/KN25.jpg).
2026-05-30T05:58:51.193Z thumbsup:error 
2026-05-30T05:58:51.232Z thumbsup:error Error processing Fotoalbums/06_KN_Kava_Nielsen/KN23.jpg -> media/large/Fotoalbums/06_KN_Kava_Nielsen/KN23.jpg
2026-05-30T05:58:51.232Z thumbsup:error Error: Command failed: gm composite: Corrupt JPEG data: 2 extraneous bytes before marker 0xd7 (/home/lsolesen/projects/historie-gallery/images/Fotoalbums/06_KN_Kava_Nielsen/KN23.jpg).
2026-05-30T05:58:51.232Z thumbsup:error 
2026-05-30T05:58:51.243Z thumbsup:error Error processing Fotoalbums/06_KN_Kava_Nielsen/KN26.jpg -> media/large/Fotoalbums/06_KN_Kava_Nielsen/KN26.jpg
2026-05-30T05:58:51.243Z thumbsup:error Error: Command failed: gm composite: Corrupt JPEG data: 3 extraneous bytes before marker 0xd1 (/home/lsolesen/projects/historie-gallery/images/Fotoalbums/06_KN_Kava_Nielsen/KN26.jpg).
2026-05-30T05:58:51.243Z thumbsup:error 
2026-05-30T05:58:51.243Z thumbsup:error Error processing Fotoalbums/06_KN_Kava_Nielsen/KN27.jpg -> media/small/Fotoalbums/06_KN_Kava_Nielsen/KN27.jpg
2026-05-30T05:58:51.243Z thumbsup:error Error: Command failed: gm convert: Corrupt JPEG data: 2 extraneous bytes before marker 0xd2 (/home/lsolesen/projects/historie-gallery/images/Fotoalbums/06_KN_Kava_Nielsen/KN27.jpg).
2026-05-30T05:58:51.243Z thumbsup:error 
2026-05-30T05:58:51.263Z thumbsup:error Error processing Fotoalbums/06_KN_Kava_Nielsen/KN25.jpg -> media/large/Fotoalbums/06_KN_Kava_Nielsen/KN25.jpg
2026-05-30T05:58:51.263Z thumbsup:error Error: Command failed: gm composite: Corrupt JPEG data: 6 extraneous bytes before marker 0xd7 (/home/lsolesen/projects/historie-gallery/images/Fotoalbums/06_KN_Kava_Nielsen/KN25.jpg).
2026-05-30T05:58:51.263Z thumbsup:error 
2026-05-30T05:58:51.263Z thumbsup:error Error processing Fotoalbums/06_KN_Kava_Nielsen/KN23.jpg -> media/thumbs/Fotoalbums/06_KN_Kava_Nielsen/KN23.jpg
2026-05-30T05:58:51.263Z thumbsup:error Error: Command failed: gm convert: Corrupt JPEG data: 2 extraneous bytes before marker 0xd7 (/home/lsolesen/projects/historie-gallery/images/Fotoalbums/06_KN_Kava_Nielsen/KN23.jpg).
2026-05-30T05:58:51.263Z thumbsup:error 
2026-05-30T05:58:51.281Z thumbsup:error Error processing Fotoalbums/06_KN_Kava_Nielsen/KN28.jpg -> media/thumbs/Fotoalbums/06_KN_Kava_Nielsen/KN28.jpg
2026-05-30T05:58:51.281Z thumbsup:error Error: Command failed: gm convert: Corrupt JPEG data: 1 extraneous bytes before marker 0xd7 (/home/lsolesen/projects/historie-gallery/images/Fotoalbums/06_KN_Kava_Nielsen/KN28.jpg).
2026-05-30T05:58:51.281Z thumbsup:error 
2026-05-30T05:58:51.299Z thumbsup:error Error processing Fotoalbums/06_KN_Kava_Nielsen/KN28.jpg -> media/small/Fotoalbums/06_KN_Kava_Nielsen/KN28.jpg
2026-05-30T05:58:51.299Z thumbsup:error Error: Command failed: gm convert: Corrupt JPEG data: 1 extraneous bytes before marker 0xd7 (/home/lsolesen/projects/historie-gallery/images/Fotoalbums/06_KN_Kava_Nielsen/KN28.jpg).
2026-05-30T05:58:51.299Z thumbsup:error 
2026-05-30T05:58:51.299Z thumbsup:error Error processing Fotoalbums/06_KN_Kava_Nielsen/KN27.jpg -> media/thumbs/Fotoalbums/06_KN_Kava_Nielsen/KN27.jpg
2026-05-30T05:58:51.299Z thumbsup:error Error: Command failed: gm convert: Corrupt JPEG data: 2 extraneous bytes before marker 0xd2 (/home/lsolesen/projects/historie-gallery/images/Fotoalbums/06_KN_Kava_Nielsen/KN27.jpg).
2026-05-30T05:58:51.299Z thumbsup:error 
2026-05-30T05:58:51.316Z thumbsup:error Error processing Fotoalbums/06_KN_Kava_Nielsen/KN26.jpg -> media/thumbs/Fotoalbums/06_KN_Kava_Nielsen/KN26.jpg
2026-05-30T05:58:51.316Z thumbsup:error Error: Command failed: gm convert: Corrupt JPEG data: 3 extraneous bytes before marker 0xd1 (/home/lsolesen/projects/historie-gallery/images/Fotoalbums/06_KN_Kava_Nielsen/KN26.jpg).
2026-05-30T05:58:51.316Z thumbsup:error 
2026-05-30T05:58:51.317Z thumbsup:error Error processing Fotoalbums/06_KN_Kava_Nielsen/KN26.jpg -> media/small/Fotoalbums/06_KN_Kava_Nielsen/KN26.jpg
2026-05-30T05:58:51.317Z thumbsup:error Error: Command failed: gm convert: Corrupt JPEG data: 3 extraneous bytes before marker 0xd1 (/home/lsolesen/projects/historie-gallery/images/Fotoalbums/06_KN_Kava_Nielsen/KN26.jpg).
2026-05-30T05:58:51.317Z thumbsup:error 
2026-05-30T05:58:51.322Z thumbsup:error Error processing Fotoalbums/06_KN_Kava_Nielsen/KN27.jpg -> media/large/Fotoalbums/06_KN_Kava_Nielsen/KN27.jpg
2026-05-30T05:58:51.322Z thumbsup:error Error: Command failed: gm composite: Corrupt JPEG data: 2 extraneous bytes before marker 0xd2 (/home/lsolesen/projects/historie-gallery/images/Fotoalbums/06_KN_Kava_Nielsen/KN27.jpg).
2026-05-30T05:58:51.322Z thumbsup:error 
2026-05-30T05:58:51.342Z thumbsup:error Error processing Fotoalbums/06_KN_Kava_Nielsen/KN28.jpg -> media/large/Fotoalbums/06_KN_Kava_Nielsen/KN28.jpg
2026-05-30T05:58:51.342Z thumbsup:error Error: Command failed: gm composite: Corrupt JPEG data: 1 extraneous bytes before marker 0xd7 (/home/lsolesen/projects/historie-gallery/images/Fotoalbums/06_KN_Kava_Nielsen/KN28.jpg).
2026-05-30T05:58:51.342Z thumbsup:error 
2026-05-30T05:58:51.380Z thumbsup:error Error processing Fotoalbums/06_KN_Kava_Nielsen/KN25.jpg -> media/thumbs/Fotoalbums/06_KN_Kava_Nielsen/KN25.jpg
2026-05-30T05:58:51.380Z thumbsup:error Error: Command failed: gm convert: Corrupt JPEG data: 6 extraneous bytes before marker 0xd7 (/home/lsolesen/projects/historie-gallery/images/Fotoalbums/06_KN_Kava_Nielsen/KN25.jpg).
2026-05-30T05:58:51.380Z thumbsup:error 
2026-05-30T05:58:51.380Z thumbsup:error Error processing Fotoalbums/06_KN_Kava_Nielsen/KN29.jpg -> media/small/Fotoalbums/06_KN_Kava_Nielsen/KN29.jpg
2026-05-30T05:58:51.380Z thumbsup:error Error: Command failed: gm convert: Corrupt JPEG data: 2 extraneous bytes before marker 0xd1 (/home/lsolesen/projects/historie-gallery/images/Fotoalbums/06_KN_Kava_Nielsen/KN29.jpg).
2026-05-30T05:58:51.380Z thumbsup:error 
2026-05-30T05:58:51.410Z thumbsup:error Error processing Fotoalbums/06_KN_Kava_Nielsen/KN29.jpg -> media/large/Fotoalbums/06_KN_Kava_Nielsen/KN29.jpg
2026-05-30T05:58:51.410Z thumbsup:error Error: Command failed: gm composite: Corrupt JPEG data: 2 extraneous bytes before marker 0xd1 (/home/lsolesen/projects/historie-gallery/images/Fotoalbums/06_KN_Kava_Nielsen/KN29.jpg).
2026-05-30T05:58:51.410Z thumbsup:error 
2026-05-30T05:58:51.429Z thumbsup:error Error processing Fotoalbums/06_KN_Kava_Nielsen/KN29.jpg -> media/thumbs/Fotoalbums/06_KN_Kava_Nielsen/KN29.jpg
2026-05-30T05:58:51.429Z thumbsup:error Error: Command failed: gm convert: Corrupt JPEG data: 2 extraneous bytes before marker 0xd1 (/home/lsolesen/projects/historie-gallery/images/Fotoalbums/06_KN_Kava_Nielsen/KN29.jpg).
2026-05-30T05:58:51.429Z thumbsup:error 
2026-05-30T05:58:51.452Z thumbsup:error Error processing Fotoalbums/06_KN_Kava_Nielsen/KN30.jpg -> media/thumbs/Fotoalbums/06_KN_Kava_Nielsen/KN30.jpg
2026-05-30T05:58:51.452Z thumbsup:error Error: Command failed: gm convert: Corrupt JPEG data: 1 extraneous bytes before marker 0xd7 (/home/lsolesen/projects/historie-gallery/images/Fotoalbums/06_KN_Kava_Nielsen/KN30.jpg).
2026-05-30T05:58:51.452Z thumbsup:error 
2026-05-30T05:58:51.473Z thumbsup:error Error processing Fotoalbums/06_KN_Kava_Nielsen/KN30.jpg -> media/large/Fotoalbums/06_KN_Kava_Nielsen/KN30.jpg
2026-05-30T05:58:51.473Z thumbsup:error Error: Command failed: gm composite: Corrupt JPEG data: 1 extraneous bytes before marker 0xd7 (/home/lsolesen/projects/historie-gallery/images/Fotoalbums/06_KN_Kava_Nielsen/KN30.jpg).
2026-05-30T05:58:51.473Z thumbsup:error 
2026-05-30T05:58:51.497Z thumbsup:error Error processing Fotoalbums/06_KN_Kava_Nielsen/KN32.jpg -> media/thumbs/Fotoalbums/06_KN_Kava_Nielsen/KN32.jpg
2026-05-30T05:58:51.497Z thumbsup:error Error: Command failed: gm convert: Corrupt JPEG data: 2 extraneous bytes before marker 0xd7 (/home/lsolesen/projects/historie-gallery/images/Fotoalbums/06_KN_Kava_Nielsen/KN32.jpg).
2026-05-30T05:58:51.497Z thumbsup:error 
2026-05-30T05:58:51.512Z thumbsup:error Error processing Fotoalbums/06_KN_Kava_Nielsen/KN34.jpg -> media/small/Fotoalbums/06_KN_Kava_Nielsen/KN34.jpg
2026-05-30T05:58:51.512Z thumbsup:error Error: Command failed: gm convert: Corrupt JPEG data: 1 extraneous bytes before marker 0xd0 (/home/lsolesen/projects/historie-gallery/images/Fotoalbums/06_KN_Kava_Nielsen/KN34.jpg).
2026-05-30T05:58:51.512Z thumbsup:error 
2026-05-30T05:58:51.512Z thumbsup:error Error processing Fotoalbums/06_KN_Kava_Nielsen/KN30.jpg -> media/small/Fotoalbums/06_KN_Kava_Nielsen/KN30.jpg
2026-05-30T05:58:51.512Z thumbsup:error Error: Command failed: gm convert: Corrupt JPEG data: 1 extraneous bytes before marker 0xd7 (/home/lsolesen/projects/historie-gallery/images/Fotoalbums/06_KN_Kava_Nielsen/KN30.jpg).
2026-05-30T05:58:51.512Z thumbsup:error 
2026-05-30T05:58:51.541Z thumbsup:error Error processing Fotoalbums/06_KN_Kava_Nielsen/KN32.jpg -> media/large/Fotoalbums/06_KN_Kava_Nielsen/KN32.jpg
2026-05-30T05:58:51.541Z thumbsup:error Error: Command failed: gm composite: Corrupt JPEG data: 2 extraneous bytes before marker 0xd7 (/home/lsolesen/projects/historie-gallery/images/Fotoalbums/06_KN_Kava_Nielsen/KN32.jpg).
2026-05-30T05:58:51.541Z thumbsup:error 
2026-05-30T05:58:51.550Z thumbsup:error Error processing Fotoalbums/06_KN_Kava_Nielsen/KN34.jpg -> media/thumbs/Fotoalbums/06_KN_Kava_Nielsen/KN34.jpg
2026-05-30T05:58:51.550Z thumbsup:error Error: Command failed: gm convert: Corrupt JPEG data: 1 extraneous bytes before marker 0xd0 (/home/lsolesen/projects/historie-gallery/images/Fotoalbums/06_KN_Kava_Nielsen/KN34.jpg).
2026-05-30T05:58:51.550Z thumbsup:error 
2026-05-30T05:58:51.560Z thumbsup:error Error processing Fotoalbums/06_KN_Kava_Nielsen/KN34.jpg -> media/large/Fotoalbums/06_KN_Kava_Nielsen/KN34.jpg
2026-05-30T05:58:51.560Z thumbsup:error Error: Command failed: gm composite: Corrupt JPEG data: 1 extraneous bytes before marker 0xd0 (/home/lsolesen/projects/historie-gallery/images/Fotoalbums/06_KN_Kava_Nielsen/KN34.jpg).
2026-05-30T05:58:51.560Z thumbsup:error 
2026-05-30T05:58:51.572Z thumbsup:error Error processing Fotoalbums/06_KN_Kava_Nielsen/KN3.jpg -> media/small/Fotoalbums/06_KN_Kava_Nielsen/KN3.jpg
2026-05-30T05:58:51.572Z thumbsup:error Error: Command failed: gm convert: Corrupt JPEG data: 4 extraneous bytes before marker 0xd7 (/home/lsolesen/projects/historie-gallery/images/Fotoalbums/06_KN_Kava_Nielsen/KN3.jpg).
2026-05-30T05:58:51.572Z thumbsup:error 
2026-05-30T05:58:51.573Z thumbsup:error Error processing Fotoalbums/06_KN_Kava_Nielsen/KN32.jpg -> media/small/Fotoalbums/06_KN_Kava_Nielsen/KN32.jpg
2026-05-30T05:58:51.573Z thumbsup:error Error: Command failed: gm convert: Corrupt JPEG data: 2 extraneous bytes before marker 0xd7 (/home/lsolesen/projects/historie-gallery/images/Fotoalbums/06_KN_Kava_Nielsen/KN32.jpg).
2026-05-30T05:58:51.573Z thumbsup:error 
2026-05-30T05:58:51.581Z thumbsup:error Error processing Fotoalbums/06_KN_Kava_Nielsen/KN3.jpg -> media/large/Fotoalbums/06_KN_Kava_Nielsen/KN3.jpg
2026-05-30T05:58:51.581Z thumbsup:error Error: Command failed: gm composite: Corrupt JPEG data: 4 extraneous bytes before marker 0xd7 (/home/lsolesen/projects/historie-gallery/images/Fotoalbums/06_KN_Kava_Nielsen/KN3.jpg).
2026-05-30T05:58:51.581Z thumbsup:error 
2026-05-30T05:58:51.581Z thumbsup:error Error processing Fotoalbums/06_KN_Kava_Nielsen/KN3.jpg -> media/thumbs/Fotoalbums/06_KN_Kava_Nielsen/KN3.jpg
2026-05-30T05:58:51.581Z thumbsup:error Error: Command failed: gm convert: Corrupt JPEG data: 4 extraneous bytes before marker 0xd7 (/home/lsolesen/projects/historie-gallery/images/Fotoalbums/06_KN_Kava_Nielsen/KN3.jpg).
2026-05-30T05:58:51.581Z thumbsup:error 
2026-05-30T05:58:51.582Z thumbsup:error Error processing Fotoalbums/06_KN_Kava_Nielsen/KN36.jpg -> media/thumbs/Fotoalbums/06_KN_Kava_Nielsen/KN36.jpg
2026-05-30T05:58:51.582Z thumbsup:error Error: Command failed: gm convert: Corrupt JPEG data: 1 extraneous bytes before marker 0xd7 (/home/lsolesen/projects/historie-gallery/images/Fotoalbums/06_KN_Kava_Nielsen/KN36.jpg).
2026-05-30T05:58:51.582Z thumbsup:error 
2026-05-30T05:58:51.617Z thumbsup:error Error processing Fotoalbums/06_KN_Kava_Nielsen/KN33.jpg -> media/large/Fotoalbums/06_KN_Kava_Nielsen/KN33.jpg
2026-05-30T05:58:51.617Z thumbsup:error Error: Command failed: gm composite: Corrupt JPEG data: 1 extraneous bytes before marker 0xd7 (/home/lsolesen/projects/historie-gallery/images/Fotoalbums/06_KN_Kava_Nielsen/KN33.jpg).
2026-05-30T05:58:51.617Z thumbsup:error 
2026-05-30T05:58:51.622Z thumbsup:error Error processing Fotoalbums/06_KN_Kava_Nielsen/KN33.jpg -> media/small/Fotoalbums/06_KN_Kava_Nielsen/KN33.jpg
2026-05-30T05:58:51.622Z thumbsup:error Error: Command failed: gm convert: Corrupt JPEG data: 1 extraneous bytes before marker 0xd7 (/home/lsolesen/projects/historie-gallery/images/Fotoalbums/06_KN_Kava_Nielsen/KN33.jpg).
2026-05-30T05:58:51.622Z thumbsup:error 
2026-05-30T05:58:51.622Z thumbsup:error Error processing Fotoalbums/06_KN_Kava_Nielsen/KN33.jpg -> media/thumbs/Fotoalbums/06_KN_Kava_Nielsen/KN33.jpg
2026-05-30T05:58:51.622Z thumbsup:error Error: Command failed: gm convert: Corrupt JPEG data: 1 extraneous bytes before marker 0xd7 (/home/lsolesen/projects/historie-gallery/images/Fotoalbums/06_KN_Kava_Nielsen/KN33.jpg).
2026-05-30T05:58:51.622Z thumbsup:error 
2026-05-30T05:58:51.629Z thumbsup:error Error processing Fotoalbums/06_KN_Kava_Nielsen/KN36.jpg -> media/small/Fotoalbums/06_KN_Kava_Nielsen/KN36.jpg
2026-05-30T05:58:51.629Z thumbsup:error Error: Command failed: gm convert: Corrupt JPEG data: 1 extraneous bytes before marker 0xd7 (/home/lsolesen/projects/historie-gallery/images/Fotoalbums/06_KN_Kava_Nielsen/KN36.jpg).
2026-05-30T05:58:51.629Z thumbsup:error 
2026-05-30T05:58:51.714Z thumbsup:error Error processing Fotoalbums/06_KN_Kava_Nielsen/KN35.jpg -> media/thumbs/Fotoalbums/06_KN_Kava_Nielsen/KN35.jpg
2026-05-30T05:58:51.714Z thumbsup:error Error: Command failed: gm convert: Corrupt JPEG data: 1 extraneous bytes before marker 0xd7 (/home/lsolesen/projects/historie-gallery/images/Fotoalbums/06_KN_Kava_Nielsen/KN35.jpg).
2026-05-30T05:58:51.714Z thumbsup:error 
2026-05-30T05:58:51.714Z thumbsup:error Error processing Fotoalbums/06_KN_Kava_Nielsen/KN36.jpg -> media/large/Fotoalbums/06_KN_Kava_Nielsen/KN36.jpg
2026-05-30T05:58:51.714Z thumbsup:error Error: Command failed: gm composite: Corrupt JPEG data: 1 extraneous bytes before marker 0xd7 (/home/lsolesen/projects/historie-gallery/images/Fotoalbums/06_KN_Kava_Nielsen/KN36.jpg).
2026-05-30T05:58:51.714Z thumbsup:error 
2026-05-30T05:58:51.761Z thumbsup:error Error processing Fotoalbums/06_KN_Kava_Nielsen/KN37.jpg -> media/thumbs/Fotoalbums/06_KN_Kava_Nielsen/KN37.jpg
2026-05-30T05:58:51.761Z thumbsup:error Error: Command failed: gm convert: Corrupt JPEG data: 4 extraneous bytes before marker 0xd7 (/home/lsolesen/projects/historie-gallery/images/Fotoalbums/06_KN_Kava_Nielsen/KN37.jpg).
2026-05-30T05:58:51.761Z thumbsup:error 
2026-05-30T05:58:51.762Z thumbsup:error Error processing Fotoalbums/06_KN_Kava_Nielsen/KN35.jpg -> media/small/Fotoalbums/06_KN_Kava_Nielsen/KN35.jpg
2026-05-30T05:58:51.762Z thumbsup:error Error: Command failed: gm convert: Corrupt JPEG data: 1 extraneous bytes before marker 0xd7 (/home/lsolesen/projects/historie-gallery/images/Fotoalbums/06_KN_Kava_Nielsen/KN35.jpg).
2026-05-30T05:58:51.762Z thumbsup:error 
2026-05-30T05:58:51.762Z thumbsup:error Error processing Fotoalbums/06_KN_Kava_Nielsen/KN35.jpg -> media/large/Fotoalbums/06_KN_Kava_Nielsen/KN35.jpg
2026-05-30T05:58:51.762Z thumbsup:error Error: Command failed: gm composite: Corrupt JPEG data: 1 extraneous bytes before marker 0xd7 (/home/lsolesen/projects/historie-gallery/images/Fotoalbums/06_KN_Kava_Nielsen/KN35.jpg).
2026-05-30T05:58:51.762Z thumbsup:error 
2026-05-30T05:58:51.829Z thumbsup:error Error processing Fotoalbums/06_KN_Kava_Nielsen/KN37.jpg -> media/large/Fotoalbums/06_KN_Kava_Nielsen/KN37.jpg
2026-05-30T05:58:51.829Z thumbsup:error Error: Command failed: gm composite: Corrupt JPEG data: 4 extraneous bytes before marker 0xd7 (/home/lsolesen/projects/historie-gallery/images/Fotoalbums/06_KN_Kava_Nielsen/KN37.jpg).
2026-05-30T05:58:51.829Z thumbsup:error 
2026-05-30T05:58:51.829Z thumbsup:error Error processing Fotoalbums/06_KN_Kava_Nielsen/KN37.jpg -> media/small/Fotoalbums/06_KN_Kava_Nielsen/KN37.jpg
2026-05-30T05:58:51.829Z thumbsup:error Error: Command failed: gm convert: Corrupt JPEG data: 4 extraneous bytes before marker 0xd7 (/home/lsolesen/projects/historie-gallery/images/Fotoalbums/06_KN_Kava_Nielsen/KN37.jpg).
2026-05-30T05:58:51.829Z thumbsup:error 
2026-05-30T05:58:51.887Z thumbsup:error Error processing Fotoalbums/06_KN_Kava_Nielsen/KN6.jpg -> media/small/Fotoalbums/06_KN_Kava_Nielsen/KN6.jpg
2026-05-30T05:58:51.887Z thumbsup:error Error: Command failed: gm convert: Corrupt JPEG data: 2 extraneous bytes before marker 0xd3 (/home/lsolesen/projects/historie-gallery/images/Fotoalbums/06_KN_Kava_Nielsen/KN6.jpg).
2026-05-30T05:58:51.887Z thumbsup:error 
2026-05-30T05:58:51.903Z thumbsup:error Error processing Fotoalbums/06_KN_Kava_Nielsen/KN6.jpg -> media/thumbs/Fotoalbums/06_KN_Kava_Nielsen/KN6.jpg
2026-05-30T05:58:51.903Z thumbsup:error Error: Command failed: gm convert: Corrupt JPEG data: 2 extraneous bytes before marker 0xd3 (/home/lsolesen/projects/historie-gallery/images/Fotoalbums/06_KN_Kava_Nielsen/KN6.jpg).
2026-05-30T05:58:51.903Z thumbsup:error 
2026-05-30T05:58:51.947Z thumbsup:error Error processing Fotoalbums/06_KN_Kava_Nielsen/KN5.jpg -> media/thumbs/Fotoalbums/06_KN_Kava_Nielsen/KN5.jpg
2026-05-30T05:58:51.947Z thumbsup:error Error: Command failed: gm convert: Corrupt JPEG data: 2 extraneous bytes before marker 0xd7 (/home/lsolesen/projects/historie-gallery/images/Fotoalbums/06_KN_Kava_Nielsen/KN5.jpg).
2026-05-30T05:58:51.947Z thumbsup:error 
2026-05-30T05:58:51.953Z thumbsup:error Error processing Fotoalbums/06_KN_Kava_Nielsen/KN5.jpg -> media/large/Fotoalbums/06_KN_Kava_Nielsen/KN5.jpg
2026-05-30T05:58:51.953Z thumbsup:error Error: Command failed: gm composite: Corrupt JPEG data: 2 extraneous bytes before marker 0xd7 (/home/lsolesen/projects/historie-gallery/images/Fotoalbums/06_KN_Kava_Nielsen/KN5.jpg).
2026-05-30T05:58:51.953Z thumbsup:error 
2026-05-30T05:58:51.960Z thumbsup:error Error processing Fotoalbums/06_KN_Kava_Nielsen/KN7.jpg -> media/small/Fotoalbums/06_KN_Kava_Nielsen/KN7.jpg
2026-05-30T05:58:51.960Z thumbsup:error Error: Command failed: gm convert: Corrupt JPEG data: 1 extraneous bytes before marker 0xd5 (/home/lsolesen/projects/historie-gallery/images/Fotoalbums/06_KN_Kava_Nielsen/KN7.jpg).
2026-05-30T05:58:51.960Z thumbsup:error 
2026-05-30T05:58:51.966Z thumbsup:error Error processing Fotoalbums/06_KN_Kava_Nielsen/KN7.jpg -> media/thumbs/Fotoalbums/06_KN_Kava_Nielsen/KN7.jpg
2026-05-30T05:58:51.966Z thumbsup:error Error: Command failed: gm convert: Corrupt JPEG data: 1 extraneous bytes before marker 0xd5 (/home/lsolesen/projects/historie-gallery/images/Fotoalbums/06_KN_Kava_Nielsen/KN7.jpg).
2026-05-30T05:58:51.966Z thumbsup:error 
2026-05-30T05:58:51.967Z thumbsup:error Error processing Fotoalbums/06_KN_Kava_Nielsen/KN7.jpg -> media/large/Fotoalbums/06_KN_Kava_Nielsen/KN7.jpg
2026-05-30T05:58:51.967Z thumbsup:error Error: Command failed: gm composite: Corrupt JPEG data: 1 extraneous bytes before marker 0xd5 (/home/lsolesen/projects/historie-gallery/images/Fotoalbums/06_KN_Kava_Nielsen/KN7.jpg).
2026-05-30T05:58:51.967Z thumbsup:error 
2026-05-30T05:58:51.976Z thumbsup:error Error processing Fotoalbums/06_KN_Kava_Nielsen/KN6.jpg -> media/large/Fotoalbums/06_KN_Kava_Nielsen/KN6.jpg
2026-05-30T05:58:51.976Z thumbsup:error Error: Command failed: gm composite: Corrupt JPEG data: 2 extraneous bytes before marker 0xd3 (/home/lsolesen/projects/historie-gallery/images/Fotoalbums/06_KN_Kava_Nielsen/KN6.jpg).
2026-05-30T05:58:51.976Z thumbsup:error 
2026-05-30T05:58:51.988Z thumbsup:error Error processing Fotoalbums/06_KN_Kava_Nielsen/KN5.jpg -> media/small/Fotoalbums/06_KN_Kava_Nielsen/KN5.jpg
2026-05-30T05:58:51.988Z thumbsup:error Error: Command failed: gm convert: Corrupt JPEG data: 2 extraneous bytes before marker 0xd7 (/home/lsolesen/projects/historie-gallery/images/Fotoalbums/06_KN_Kava_Nielsen/KN5.jpg).
2026-05-30T05:58:51.988Z thumbsup:error 
2026-05-30T05:58:52.002Z thumbsup:error Error processing Fotoalbums/06_KN_Kava_Nielsen/KN4.jpg -> media/small/Fotoalbums/06_KN_Kava_Nielsen/KN4.jpg
2026-05-30T05:58:52.002Z thumbsup:error Error: Command failed: gm convert: Corrupt JPEG data: 3 extraneous bytes before marker 0xd7 (/home/lsolesen/projects/historie-gallery/images/Fotoalbums/06_KN_Kava_Nielsen/KN4.jpg).
2026-05-30T05:58:52.002Z thumbsup:error 
2026-05-30T05:58:52.014Z thumbsup:error Error processing Fotoalbums/06_KN_Kava_Nielsen/KN4.jpg -> media/thumbs/Fotoalbums/06_KN_Kava_Nielsen/KN4.jpg
2026-05-30T05:58:52.014Z thumbsup:error Error: Command failed: gm convert: Corrupt JPEG data: 3 extraneous bytes before marker 0xd7 (/home/lsolesen/projects/historie-gallery/images/Fotoalbums/06_KN_Kava_Nielsen/KN4.jpg).
2026-05-30T05:58:52.014Z thumbsup:error 
2026-05-30T05:58:52.029Z thumbsup:error Error processing Fotoalbums/06_KN_Kava_Nielsen/KN4.jpg -> media/large/Fotoalbums/06_KN_Kava_Nielsen/KN4.jpg
2026-05-30T05:58:52.029Z thumbsup:error Error: Command failed: gm composite: Corrupt JPEG data: 3 extraneous bytes before marker 0xd7 (/home/lsolesen/projects/historie-gallery/images/Fotoalbums/06_KN_Kava_Nielsen/KN4.jpg).
2026-05-30T05:58:52.029Z thumbsup:error 
2026-05-30T05:58:52.057Z thumbsup:error Error processing Fotoalbums/06_KN_Kava_Nielsen/KN39.jpg -> media/thumbs/Fotoalbums/06_KN_Kava_Nielsen/KN39.jpg
2026-05-30T05:58:52.057Z thumbsup:error Error: Command failed: gm convert: Corrupt JPEG data: 5 extraneous bytes before marker 0xd7 (/home/lsolesen/projects/historie-gallery/images/Fotoalbums/06_KN_Kava_Nielsen/KN39.jpg).
2026-05-30T05:58:52.057Z thumbsup:error 
2026-05-30T05:58:52.082Z thumbsup:error Error processing Fotoalbums/06_KN_Kava_Nielsen/KN39.jpg -> media/large/Fotoalbums/06_KN_Kava_Nielsen/KN39.jpg
2026-05-30T05:58:52.082Z thumbsup:error Error: Command failed: gm composite: Corrupt JPEG data: 5 extraneous bytes before marker 0xd7 (/home/lsolesen/projects/historie-gallery/images/Fotoalbums/06_KN_Kava_Nielsen/KN39.jpg).
2026-05-30T05:58:52.082Z thumbsup:error 
2026-05-30T05:58:52.093Z thumbsup:error Error processing Fotoalbums/06_KN_Kava_Nielsen/KN39.jpg -> media/small/Fotoalbums/06_KN_Kava_Nielsen/KN39.jpg
2026-05-30T05:58:52.093Z thumbsup:error Error: Command failed: gm convert: Corrupt JPEG data: 5 extraneous bytes before marker 0xd7 (/home/lsolesen/projects/historie-gallery/images/Fotoalbums/06_KN_Kava_Nielsen/KN39.jpg).
2026-05-30T05:58:52.093Z thumbsup:error 
2026-05-30T05:58:52.125Z thumbsup:error Error processing Fotoalbums/06_KN_Kava_Nielsen/KN9.jpg -> media/thumbs/Fotoalbums/06_KN_Kava_Nielsen/KN9.jpg
2026-05-30T05:58:52.125Z thumbsup:error Error: Command failed: gm convert: Corrupt JPEG data: 2 extraneous bytes before marker 0xd4 (/home/lsolesen/projects/historie-gallery/images/Fotoalbums/06_KN_Kava_Nielsen/KN9.jpg).
2026-05-30T05:58:52.125Z thumbsup:error 
2026-05-30T05:58:52.139Z thumbsup:error Error processing Fotoalbums/06_KN_Kava_Nielsen/KN9.jpg -> media/small/Fotoalbums/06_KN_Kava_Nielsen/KN9.jpg
2026-05-30T05:58:52.139Z thumbsup:error Error: Command failed: gm convert: Corrupt JPEG data: 2 extraneous bytes before marker 0xd4 (/home/lsolesen/projects/historie-gallery/images/Fotoalbums/06_KN_Kava_Nielsen/KN9.jpg).
2026-05-30T05:58:52.139Z thumbsup:error 
2026-05-30T05:58:52.149Z thumbsup:error Error processing Fotoalbums/06_KN_Kava_Nielsen/KN9.jpg -> media/large/Fotoalbums/06_KN_Kava_Nielsen/KN9.jpg
2026-05-30T05:58:52.149Z thumbsup:error Error: Command failed: gm composite: Corrupt JPEG data: 2 extraneous bytes before marker 0xd4 (/home/lsolesen/projects/historie-gallery/images/Fotoalbums/06_KN_Kava_Nielsen/KN9.jpg).
2026-05-30T05:58:52.149Z thumbsup:error 
2026-05-30T05:58:52.154Z thumbsup:error Error processing Fotoalbums/06_KN_Kava_Nielsen/KN8.jpg -> media/small/Fotoalbums/06_KN_Kava_Nielsen/KN8.jpg
2026-05-30T05:58:52.154Z thumbsup:error Error: Command failed: gm convert: Corrupt JPEG data: 1 extraneous bytes before marker 0xd4 (/home/lsolesen/projects/historie-gallery/images/Fotoalbums/06_KN_Kava_Nielsen/KN8.jpg).
2026-05-30T05:58:52.154Z thumbsup:error 
2026-05-30T05:58:52.176Z thumbsup:error Error processing Fotoalbums/06_KN_Kava_Nielsen/KN8.jpg -> media/large/Fotoalbums/06_KN_Kava_Nielsen/KN8.jpg
2026-05-30T05:58:52.176Z thumbsup:error Error: Command failed: gm composite: Corrupt JPEG data: 1 extraneous bytes before marker 0xd4 (/home/lsolesen/projects/historie-gallery/images/Fotoalbums/06_KN_Kava_Nielsen/KN8.jpg).
2026-05-30T05:58:52.176Z thumbsup:error 
2026-05-30T05:58:52.224Z thumbsup:error Error processing Fotoalbums/06_KN_Kava_Nielsen/KN8.jpg -> media/thumbs/Fotoalbums/06_KN_Kava_Nielsen/KN8.jpg
2026-05-30T05:58:52.224Z thumbsup:error Error: Command failed: gm convert: Corrupt JPEG data: 1 extraneous bytes before marker 0xd4 (/home/lsolesen/projects/historie-gallery/images/Fotoalbums/06_KN_Kava_Nielsen/KN8.jpg).
2026-05-30T05:58:52.224Z thumbsup:error 
2026-05-30T05:59:21.660Z thumbsup:error Error processing Fotoalbums/03_KT_Knud_Thomassen/20260503_081101.jpg -> media/large/Fotoalbums/03_KT_Knud_Thomassen/20260503_081101.jpg
2026-05-30T05:59:21.660Z thumbsup:error Error: Command failed: gm composite: Corrupt JPEG data: 1 extraneous bytes before marker 0xd7 (/home/lsolesen/projects/historie-gallery/images/Fotoalbums/03_KT_Knud_Thomassen/20260503_081101.jpg).
2026-05-30T05:59:21.660Z thumbsup:error 
2026-05-30T05:59:21.736Z thumbsup:error Error processing Fotoalbums/03_KT_Knud_Thomassen/20260503_081101.jpg -> media/thumbs/Fotoalbums/03_KT_Knud_Thomassen/20260503_081101.jpg
2026-05-30T05:59:21.736Z thumbsup:error Error: Command failed: gm convert: Corrupt JPEG data: 1 extraneous bytes before marker 0xd7 (/home/lsolesen/projects/historie-gallery/images/Fotoalbums/03_KT_Knud_Thomassen/20260503_081101.jpg).
2026-05-30T05:59:21.736Z thumbsup:error 
2026-05-30T05:59:21.927Z thumbsup:error Error processing Fotoalbums/03_KT_Knud_Thomassen/20260503_081105.jpg -> media/thumbs/Fotoalbums/03_KT_Knud_Thomassen/20260503_081105.jpg
2026-05-30T05:59:21.927Z thumbsup:error Error: Command failed: gm convert: Corrupt JPEG data: 1 extraneous bytes before marker 0xd6 (/home/lsolesen/projects/historie-gallery/images/Fotoalbums/03_KT_Knud_Thomassen/20260503_081105.jpg).
2026-05-30T05:59:21.927Z thumbsup:error 
2026-05-30T05:59:21.927Z thumbsup:error Error processing Fotoalbums/03_KT_Knud_Thomassen/20260503_081105.jpg -> media/small/Fotoalbums/03_KT_Knud_Thomassen/20260503_081105.jpg
2026-05-30T05:59:21.927Z thumbsup:error Error: Command failed: gm convert: Corrupt JPEG data: 1 extraneous bytes before marker 0xd6 (/home/lsolesen/projects/historie-gallery/images/Fotoalbums/03_KT_Knud_Thomassen/20260503_081105.jpg).
2026-05-30T05:59:21.927Z thumbsup:error 
2026-05-30T05:59:21.976Z thumbsup:error Error processing Fotoalbums/03_KT_Knud_Thomassen/20260503_081101.jpg -> media/small/Fotoalbums/03_KT_Knud_Thomassen/20260503_081101.jpg
2026-05-30T05:59:21.976Z thumbsup:error Error: Command failed: gm convert: Corrupt JPEG data: 1 extraneous bytes before marker 0xd7 (/home/lsolesen/projects/historie-gallery/images/Fotoalbums/03_KT_Knud_Thomassen/20260503_081101.jpg).
2026-05-30T05:59:21.976Z thumbsup:error 
2026-05-30T05:59:21.976Z thumbsup:error Error processing Fotoalbums/03_KT_Knud_Thomassen/20260503_081105.jpg -> media/large/Fotoalbums/03_KT_Knud_Thomassen/20260503_081105.jpg
2026-05-30T05:59:21.976Z thumbsup:error Error: Command failed: gm composite: Corrupt JPEG data: 1 extraneous bytes before marker 0xd6 (/home/lsolesen/projects/historie-gallery/images/Fotoalbums/03_KT_Knud_Thomassen/20260503_081105.jpg).
2026-05-30T05:59:21.976Z thumbsup:error 
2026-05-30T05:59:21.988Z thumbsup:error Error processing Fotoalbums/03_KT_Knud_Thomassen/20260503_081135.jpg -> media/large/Fotoalbums/03_KT_Knud_Thomassen/20260503_081135.jpg
2026-05-30T05:59:21.988Z thumbsup:error Error: Command failed: gm composite: Corrupt JPEG data: 3 extraneous bytes before marker 0xd6 (/home/lsolesen/projects/historie-gallery/images/Fotoalbums/03_KT_Knud_Thomassen/20260503_081135.jpg).
2026-05-30T05:59:21.988Z thumbsup:error 
2026-05-30T05:59:21.988Z thumbsup:error Error processing Fotoalbums/03_KT_Knud_Thomassen/20260503_081123.jpg -> media/small/Fotoalbums/03_KT_Knud_Thomassen/20260503_081123.jpg
2026-05-30T05:59:21.988Z thumbsup:error Error: Command failed: gm convert: Corrupt JPEG data: 2 extraneous bytes before marker 0xd0 (/home/lsolesen/projects/historie-gallery/images/Fotoalbums/03_KT_Knud_Thomassen/20260503_081123.jpg).
2026-05-30T05:59:21.988Z thumbsup:error 
2026-05-30T05:59:22.018Z thumbsup:error Error processing Fotoalbums/03_KT_Knud_Thomassen/20260503_081123.jpg -> media/large/Fotoalbums/03_KT_Knud_Thomassen/20260503_081123.jpg
2026-05-30T05:59:22.018Z thumbsup:error Error: Command failed: gm composite: Corrupt JPEG data: 2 extraneous bytes before marker 0xd0 (/home/lsolesen/projects/historie-gallery/images/Fotoalbums/03_KT_Knud_Thomassen/20260503_081123.jpg).
2026-05-30T05:59:22.018Z thumbsup:error 
2026-05-30T05:59:22.040Z thumbsup:error Error processing Fotoalbums/03_KT_Knud_Thomassen/20260503_081123.jpg -> media/thumbs/Fotoalbums/03_KT_Knud_Thomassen/20260503_081123.jpg
2026-05-30T05:59:22.040Z thumbsup:error Error: Command failed: gm convert: Corrupt JPEG data: 2 extraneous bytes before marker 0xd0 (/home/lsolesen/projects/historie-gallery/images/Fotoalbums/03_KT_Knud_Thomassen/20260503_081123.jpg).
2026-05-30T05:59:22.040Z thumbsup:error 
2026-05-30T05:59:22.048Z thumbsup:error Error processing Fotoalbums/03_KT_Knud_Thomassen/20260503_081119.jpg -> media/small/Fotoalbums/03_KT_Knud_Thomassen/20260503_081119.jpg
2026-05-30T05:59:22.048Z thumbsup:error Error: Command failed: gm convert: Corrupt JPEG data: 1 extraneous bytes before marker 0xd0 (/home/lsolesen/projects/historie-gallery/images/Fotoalbums/03_KT_Knud_Thomassen/20260503_081119.jpg).
2026-05-30T05:59:22.048Z thumbsup:error 
2026-05-30T05:59:22.048Z thumbsup:error Error processing Fotoalbums/03_KT_Knud_Thomassen/20260503_081119.jpg -> media/thumbs/Fotoalbums/03_KT_Knud_Thomassen/20260503_081119.jpg
2026-05-30T05:59:22.048Z thumbsup:error Error: Command failed: gm convert: Corrupt JPEG data: 1 extraneous bytes before marker 0xd0 (/home/lsolesen/projects/historie-gallery/images/Fotoalbums/03_KT_Knud_Thomassen/20260503_081119.jpg).
2026-05-30T05:59:22.048Z thumbsup:error 
2026-05-30T05:59:22.066Z thumbsup:error Error processing Fotoalbums/03_KT_Knud_Thomassen/20260503_081119.jpg -> media/large/Fotoalbums/03_KT_Knud_Thomassen/20260503_081119.jpg
2026-05-30T05:59:22.066Z thumbsup:error Error: Command failed: gm composite: Corrupt JPEG data: 1 extraneous bytes before marker 0xd0 (/home/lsolesen/projects/historie-gallery/images/Fotoalbums/03_KT_Knud_Thomassen/20260503_081119.jpg).
2026-05-30T05:59:22.066Z thumbsup:error 
2026-05-30T05:59:22.066Z thumbsup:error Error processing Fotoalbums/03_KT_Knud_Thomassen/20260503_081135.jpg -> media/thumbs/Fotoalbums/03_KT_Knud_Thomassen/20260503_081135.jpg
2026-05-30T05:59:22.066Z thumbsup:error Error: Command failed: gm convert: Corrupt JPEG data: 3 extraneous bytes before marker 0xd6 (/home/lsolesen/projects/historie-gallery/images/Fotoalbums/03_KT_Knud_Thomassen/20260503_081135.jpg).
2026-05-30T05:59:22.066Z thumbsup:error 
2026-05-30T05:59:22.129Z thumbsup:error Error processing Fotoalbums/03_KT_Knud_Thomassen/20260503_081202.jpg -> media/thumbs/Fotoalbums/03_KT_Knud_Thomassen/20260503_081202.jpg
2026-05-30T05:59:22.129Z thumbsup:error Error: Command failed: gm convert: Corrupt JPEG data: 1 extraneous bytes before marker 0xd6 (/home/lsolesen/projects/historie-gallery/images/Fotoalbums/03_KT_Knud_Thomassen/20260503_081202.jpg).
2026-05-30T05:59:22.129Z thumbsup:error 
2026-05-30T05:59:22.129Z thumbsup:error Error processing Fotoalbums/03_KT_Knud_Thomassen/20260503_081148.jpg -> media/large/Fotoalbums/03_KT_Knud_Thomassen/20260503_081148.jpg
2026-05-30T05:59:22.129Z thumbsup:error Error: Command failed: gm composite: Corrupt JPEG data: 4 extraneous bytes before marker 0xd7 (/home/lsolesen/projects/historie-gallery/images/Fotoalbums/03_KT_Knud_Thomassen/20260503_081148.jpg).
2026-05-30T05:59:22.129Z thumbsup:error 
2026-05-30T05:59:22.129Z thumbsup:error Error processing Fotoalbums/03_KT_Knud_Thomassen/20260503_081148.jpg -> media/small/Fotoalbums/03_KT_Knud_Thomassen/20260503_081148.jpg
2026-05-30T05:59:22.129Z thumbsup:error Error: Command failed: gm convert: Corrupt JPEG data: 4 extraneous bytes before marker 0xd7 (/home/lsolesen/projects/historie-gallery/images/Fotoalbums/03_KT_Knud_Thomassen/20260503_081148.jpg).
2026-05-30T05:59:22.129Z thumbsup:error 
2026-05-30T05:59:22.157Z thumbsup:error Error processing Fotoalbums/03_KT_Knud_Thomassen/20260503_081202.jpg -> media/small/Fotoalbums/03_KT_Knud_Thomassen/20260503_081202.jpg
2026-05-30T05:59:22.157Z thumbsup:error Error: Command failed: gm convert: Corrupt JPEG data: 1 extraneous bytes before marker 0xd6 (/home/lsolesen/projects/historie-gallery/images/Fotoalbums/03_KT_Knud_Thomassen/20260503_081202.jpg).
2026-05-30T05:59:22.157Z thumbsup:error 
2026-05-30T05:59:22.157Z thumbsup:error Error processing Fotoalbums/03_KT_Knud_Thomassen/20260503_081208.jpg -> media/small/Fotoalbums/03_KT_Knud_Thomassen/20260503_081208.jpg
2026-05-30T05:59:22.157Z thumbsup:error Error: Command failed: gm convert: Corrupt JPEG data: 2 extraneous bytes before marker 0xd7 (/home/lsolesen/projects/historie-gallery/images/Fotoalbums/03_KT_Knud_Thomassen/20260503_081208.jpg).
2026-05-30T05:59:22.157Z thumbsup:error 
2026-05-30T05:59:22.185Z thumbsup:error Error processing Fotoalbums/03_KT_Knud_Thomassen/20260503_081208.jpg -> media/large/Fotoalbums/03_KT_Knud_Thomassen/20260503_081208.jpg
2026-05-30T05:59:22.185Z thumbsup:error Error: Command failed: gm composite: Corrupt JPEG data: 2 extraneous bytes before marker 0xd7 (/home/lsolesen/projects/historie-gallery/images/Fotoalbums/03_KT_Knud_Thomassen/20260503_081208.jpg).
2026-05-30T05:59:22.185Z thumbsup:error 
2026-05-30T05:59:22.189Z thumbsup:error Error processing Fotoalbums/03_KT_Knud_Thomassen/20260503_081148.jpg -> media/thumbs/Fotoalbums/03_KT_Knud_Thomassen/20260503_081148.jpg
2026-05-30T05:59:22.189Z thumbsup:error Error: Command failed: gm convert: Corrupt JPEG data: 4 extraneous bytes before marker 0xd7 (/home/lsolesen/projects/historie-gallery/images/Fotoalbums/03_KT_Knud_Thomassen/20260503_081148.jpg).
2026-05-30T05:59:22.189Z thumbsup:error 
2026-05-30T05:59:22.190Z thumbsup:error Error processing Fotoalbums/03_KT_Knud_Thomassen/20260503_081135.jpg -> media/small/Fotoalbums/03_KT_Knud_Thomassen/20260503_081135.jpg
2026-05-30T05:59:22.190Z thumbsup:error Error: Command failed: gm convert: Corrupt JPEG data: 3 extraneous bytes before marker 0xd6 (/home/lsolesen/projects/historie-gallery/images/Fotoalbums/03_KT_Knud_Thomassen/20260503_081135.jpg).
2026-05-30T05:59:22.190Z thumbsup:error 
2026-05-30T05:59:22.225Z thumbsup:error Error processing Fotoalbums/03_KT_Knud_Thomassen/20260503_081202.jpg -> media/large/Fotoalbums/03_KT_Knud_Thomassen/20260503_081202.jpg
2026-05-30T05:59:22.225Z thumbsup:error Error: Command failed: gm composite: Corrupt JPEG data: 1 extraneous bytes before marker 0xd6 (/home/lsolesen/projects/historie-gallery/images/Fotoalbums/03_KT_Knud_Thomassen/20260503_081202.jpg).
2026-05-30T05:59:22.225Z thumbsup:error 
2026-05-30T05:59:22.256Z thumbsup:error Error processing Fotoalbums/03_KT_Knud_Thomassen/20260503_081208.jpg -> media/thumbs/Fotoalbums/03_KT_Knud_Thomassen/20260503_081208.jpg
2026-05-30T05:59:22.256Z thumbsup:error Error: Command failed: gm convert: Corrupt JPEG data: 2 extraneous bytes before marker 0xd7 (/home/lsolesen/projects/historie-gallery/images/Fotoalbums/03_KT_Knud_Thomassen/20260503_081208.jpg).
2026-05-30T05:59:22.256Z thumbsup:error 
2026-05-30T05:59:22.300Z thumbsup:error Error processing Fotoalbums/03_KT_Knud_Thomassen/20260503_081215.jpg -> media/thumbs/Fotoalbums/03_KT_Knud_Thomassen/20260503_081215.jpg
2026-05-30T05:59:22.300Z thumbsup:error Error: Command failed: gm convert: Corrupt JPEG data: 1 extraneous bytes before marker 0xd7 (/home/lsolesen/projects/historie-gallery/images/Fotoalbums/03_KT_Knud_Thomassen/20260503_081215.jpg).
2026-05-30T05:59:22.300Z thumbsup:error 
2026-05-30T05:59:22.344Z thumbsup:error Error processing Fotoalbums/03_KT_Knud_Thomassen/20260503_081153.jpg -> media/thumbs/Fotoalbums/03_KT_Knud_Thomassen/20260503_081153.jpg
2026-05-30T05:59:22.344Z thumbsup:error Error: Command failed: gm convert: Corrupt JPEG data: 7 extraneous bytes before marker 0xd4 (/home/lsolesen/projects/historie-gallery/images/Fotoalbums/03_KT_Knud_Thomassen/20260503_081153.jpg).
2026-05-30T05:59:22.344Z thumbsup:error 
2026-05-30T05:59:22.390Z thumbsup:error Error processing Fotoalbums/03_KT_Knud_Thomassen/20260503_081153.jpg -> media/small/Fotoalbums/03_KT_Knud_Thomassen/20260503_081153.jpg
2026-05-30T05:59:22.390Z thumbsup:error Error: Command failed: gm convert: Corrupt JPEG data: 7 extraneous bytes before marker 0xd4 (/home/lsolesen/projects/historie-gallery/images/Fotoalbums/03_KT_Knud_Thomassen/20260503_081153.jpg).
2026-05-30T05:59:22.390Z thumbsup:error 
2026-05-30T05:59:22.396Z thumbsup:error Error processing Fotoalbums/03_KT_Knud_Thomassen/20260503_081227.jpg -> media/thumbs/Fotoalbums/03_KT_Knud_Thomassen/20260503_081227.jpg
2026-05-30T05:59:22.396Z thumbsup:error Error: Command failed: gm convert: Corrupt JPEG data: 4 extraneous bytes before marker 0xd7 (/home/lsolesen/projects/historie-gallery/images/Fotoalbums/03_KT_Knud_Thomassen/20260503_081227.jpg).
2026-05-30T05:59:22.396Z thumbsup:error 
2026-05-30T05:59:22.421Z thumbsup:error Error processing Fotoalbums/03_KT_Knud_Thomassen/20260503_081153.jpg -> media/large/Fotoalbums/03_KT_Knud_Thomassen/20260503_081153.jpg
2026-05-30T05:59:22.421Z thumbsup:error Error: Command failed: gm composite: Corrupt JPEG data: 7 extraneous bytes before marker 0xd4 (/home/lsolesen/projects/historie-gallery/images/Fotoalbums/03_KT_Knud_Thomassen/20260503_081153.jpg).
2026-05-30T05:59:22.421Z thumbsup:error 
2026-05-30T05:59:22.426Z thumbsup:error Error processing Fotoalbums/03_KT_Knud_Thomassen/20260503_081215.jpg -> media/large/Fotoalbums/03_KT_Knud_Thomassen/20260503_081215.jpg
2026-05-30T05:59:22.426Z thumbsup:error Error: Command failed: gm composite: Corrupt JPEG data: 1 extraneous bytes before marker 0xd7 (/home/lsolesen/projects/historie-gallery/images/Fotoalbums/03_KT_Knud_Thomassen/20260503_081215.jpg).
2026-05-30T05:59:22.426Z thumbsup:error 
2026-05-30T05:59:22.445Z thumbsup:error Error processing Fotoalbums/03_KT_Knud_Thomassen/20260503_081215.jpg -> media/small/Fotoalbums/03_KT_Knud_Thomassen/20260503_081215.jpg
2026-05-30T05:59:22.445Z thumbsup:error Error: Command failed: gm convert: Corrupt JPEG data: 1 extraneous bytes before marker 0xd7 (/home/lsolesen/projects/historie-gallery/images/Fotoalbums/03_KT_Knud_Thomassen/20260503_081215.jpg).
2026-05-30T05:59:22.445Z thumbsup:error 
2026-05-30T05:59:22.467Z thumbsup:error Error processing Fotoalbums/03_KT_Knud_Thomassen/20260503_081227.jpg -> media/large/Fotoalbums/03_KT_Knud_Thomassen/20260503_081227.jpg
2026-05-30T05:59:22.467Z thumbsup:error Error: Command failed: gm composite: Corrupt JPEG data: 4 extraneous bytes before marker 0xd7 (/home/lsolesen/projects/historie-gallery/images/Fotoalbums/03_KT_Knud_Thomassen/20260503_081227.jpg).
2026-05-30T05:59:22.467Z thumbsup:error 
2026-05-30T05:59:22.468Z thumbsup:error Error processing Fotoalbums/03_KT_Knud_Thomassen/20260503_081230.jpg -> media/large/Fotoalbums/03_KT_Knud_Thomassen/20260503_081230.jpg
2026-05-30T05:59:22.468Z thumbsup:error Error: Command failed: gm composite: Corrupt JPEG data: 1 extraneous bytes before marker 0xd2 (/home/lsolesen/projects/historie-gallery/images/Fotoalbums/03_KT_Knud_Thomassen/20260503_081230.jpg).
2026-05-30T05:59:22.468Z thumbsup:error 
2026-05-30T05:59:22.479Z thumbsup:error Error processing Fotoalbums/03_KT_Knud_Thomassen/20260503_081227.jpg -> media/small/Fotoalbums/03_KT_Knud_Thomassen/20260503_081227.jpg
2026-05-30T05:59:22.479Z thumbsup:error Error: Command failed: gm convert: Corrupt JPEG data: 4 extraneous bytes before marker 0xd7 (/home/lsolesen/projects/historie-gallery/images/Fotoalbums/03_KT_Knud_Thomassen/20260503_081227.jpg).
2026-05-30T05:59:22.479Z thumbsup:error 
2026-05-30T05:59:22.499Z thumbsup:error Error processing Fotoalbums/03_KT_Knud_Thomassen/20260503_081220.jpg -> media/large/Fotoalbums/03_KT_Knud_Thomassen/20260503_081220.jpg
2026-05-30T05:59:22.499Z thumbsup:error Error: Command failed: gm composite: Corrupt JPEG data: 3 extraneous bytes before marker 0xd7 (/home/lsolesen/projects/historie-gallery/images/Fotoalbums/03_KT_Knud_Thomassen/20260503_081220.jpg).
2026-05-30T05:59:22.499Z thumbsup:error 
2026-05-30T05:59:22.499Z thumbsup:error Error processing Fotoalbums/03_KT_Knud_Thomassen/20260503_081230.jpg -> media/thumbs/Fotoalbums/03_KT_Knud_Thomassen/20260503_081230.jpg
2026-05-30T05:59:22.499Z thumbsup:error Error: Command failed: gm convert: Corrupt JPEG data: 1 extraneous bytes before marker 0xd2 (/home/lsolesen/projects/historie-gallery/images/Fotoalbums/03_KT_Knud_Thomassen/20260503_081230.jpg).
2026-05-30T05:59:22.499Z thumbsup:error 
2026-05-30T05:59:22.519Z thumbsup:error Error processing Fotoalbums/03_KT_Knud_Thomassen/20260503_081220.jpg -> media/small/Fotoalbums/03_KT_Knud_Thomassen/20260503_081220.jpg
2026-05-30T05:59:22.519Z thumbsup:error Error: Command failed: gm convert: Corrupt JPEG data: 3 extraneous bytes before marker 0xd7 (/home/lsolesen/projects/historie-gallery/images/Fotoalbums/03_KT_Knud_Thomassen/20260503_081220.jpg).
2026-05-30T05:59:22.519Z thumbsup:error 
2026-05-30T05:59:22.526Z thumbsup:error Error processing Fotoalbums/03_KT_Knud_Thomassen/20260503_081230.jpg -> media/small/Fotoalbums/03_KT_Knud_Thomassen/20260503_081230.jpg
2026-05-30T05:59:22.526Z thumbsup:error Error: Command failed: gm convert: Corrupt JPEG data: 1 extraneous bytes before marker 0xd2 (/home/lsolesen/projects/historie-gallery/images/Fotoalbums/03_KT_Knud_Thomassen/20260503_081230.jpg).
2026-05-30T05:59:22.526Z thumbsup:error 
2026-05-30T05:59:22.527Z thumbsup:error Error processing Fotoalbums/03_KT_Knud_Thomassen/20260503_081220.jpg -> media/thumbs/Fotoalbums/03_KT_Knud_Thomassen/20260503_081220.jpg
2026-05-30T05:59:22.527Z thumbsup:error Error: Command failed: gm convert: Corrupt JPEG data: 3 extraneous bytes before marker 0xd7 (/home/lsolesen/projects/historie-gallery/images/Fotoalbums/03_KT_Knud_Thomassen/20260503_081220.jpg).
2026-05-30T05:59:22.527Z thumbsup:error 
2026-05-30T05:59:22.621Z thumbsup:error Error processing Fotoalbums/03_KT_Knud_Thomassen/20260503_081242.jpg -> media/thumbs/Fotoalbums/03_KT_Knud_Thomassen/20260503_081242.jpg
2026-05-30T05:59:22.621Z thumbsup:error Error: Command failed: gm convert: Corrupt JPEG data: 7 extraneous bytes before marker 0xd7 (/home/lsolesen/projects/historie-gallery/images/Fotoalbums/03_KT_Knud_Thomassen/20260503_081242.jpg).
2026-05-30T05:59:22.621Z thumbsup:error 
2026-05-30T05:59:22.640Z thumbsup:error Error processing Fotoalbums/03_KT_Knud_Thomassen/20260503_081238.jpg -> media/small/Fotoalbums/03_KT_Knud_Thomassen/20260503_081238.jpg
2026-05-30T05:59:22.640Z thumbsup:error Error: Command failed: gm convert: Corrupt JPEG data: 4 extraneous bytes before marker 0xd7 (/home/lsolesen/projects/historie-gallery/images/Fotoalbums/03_KT_Knud_Thomassen/20260503_081238.jpg).
2026-05-30T05:59:22.640Z thumbsup:error 
2026-05-30T05:59:22.647Z thumbsup:error Error processing Fotoalbums/03_KT_Knud_Thomassen/20260503_081246.jpg -> media/thumbs/Fotoalbums/03_KT_Knud_Thomassen/20260503_081246.jpg
2026-05-30T05:59:22.647Z thumbsup:error Error: Command failed: gm convert: Corrupt JPEG data: 1 extraneous bytes before marker 0xd0 (/home/lsolesen/projects/historie-gallery/images/Fotoalbums/03_KT_Knud_Thomassen/20260503_081246.jpg).
2026-05-30T05:59:22.647Z thumbsup:error 
2026-05-30T05:59:22.662Z thumbsup:error Error processing Fotoalbums/03_KT_Knud_Thomassen/20260503_081251.jpg -> media/thumbs/Fotoalbums/03_KT_Knud_Thomassen/20260503_081251.jpg
2026-05-30T05:59:22.662Z thumbsup:error Error: Command failed: gm convert: Corrupt JPEG data: 4 extraneous bytes before marker 0xd7 (/home/lsolesen/projects/historie-gallery/images/Fotoalbums/03_KT_Knud_Thomassen/20260503_081251.jpg).
2026-05-30T05:59:22.662Z thumbsup:error 
2026-05-30T05:59:22.662Z thumbsup:error Error processing Fotoalbums/03_KT_Knud_Thomassen/20260503_081238.jpg -> media/thumbs/Fotoalbums/03_KT_Knud_Thomassen/20260503_081238.jpg
2026-05-30T05:59:22.662Z thumbsup:error Error: Command failed: gm convert: Corrupt JPEG data: 4 extraneous bytes before marker 0xd7 (/home/lsolesen/projects/historie-gallery/images/Fotoalbums/03_KT_Knud_Thomassen/20260503_081238.jpg).
2026-05-30T05:59:22.662Z thumbsup:error 
2026-05-30T05:59:22.690Z thumbsup:error Error processing Fotoalbums/03_KT_Knud_Thomassen/20260503_081238.jpg -> media/large/Fotoalbums/03_KT_Knud_Thomassen/20260503_081238.jpg
2026-05-30T05:59:22.690Z thumbsup:error Error: Command failed: gm composite: Corrupt JPEG data: 4 extraneous bytes before marker 0xd7 (/home/lsolesen/projects/historie-gallery/images/Fotoalbums/03_KT_Knud_Thomassen/20260503_081238.jpg).
2026-05-30T05:59:22.690Z thumbsup:error 
2026-05-30T05:59:22.690Z thumbsup:error Error processing Fotoalbums/03_KT_Knud_Thomassen/20260503_081251.jpg -> media/large/Fotoalbums/03_KT_Knud_Thomassen/20260503_081251.jpg
2026-05-30T05:59:22.690Z thumbsup:error Error: Command failed: gm composite: Corrupt JPEG data: 4 extraneous bytes before marker 0xd7 (/home/lsolesen/projects/historie-gallery/images/Fotoalbums/03_KT_Knud_Thomassen/20260503_081251.jpg).
2026-05-30T05:59:22.690Z thumbsup:error 
2026-05-30T05:59:22.691Z thumbsup:error Error processing Fotoalbums/03_KT_Knud_Thomassen/20260503_081246.jpg -> media/small/Fotoalbums/03_KT_Knud_Thomassen/20260503_081246.jpg
2026-05-30T05:59:22.691Z thumbsup:error Error: Command failed: gm convert: Corrupt JPEG data: 1 extraneous bytes before marker 0xd0 (/home/lsolesen/projects/historie-gallery/images/Fotoalbums/03_KT_Knud_Thomassen/20260503_081246.jpg).
2026-05-30T05:59:22.691Z thumbsup:error 
2026-05-30T05:59:22.696Z thumbsup:error Error processing Fotoalbums/03_KT_Knud_Thomassen/20260503_081251.jpg -> media/small/Fotoalbums/03_KT_Knud_Thomassen/20260503_081251.jpg
2026-05-30T05:59:22.696Z thumbsup:error Error: Command failed: gm convert: Corrupt JPEG data: 4 extraneous bytes before marker 0xd7 (/home/lsolesen/projects/historie-gallery/images/Fotoalbums/03_KT_Knud_Thomassen/20260503_081251.jpg).
2026-05-30T05:59:22.696Z thumbsup:error 
2026-05-30T05:59:22.720Z thumbsup:error Error processing Fotoalbums/03_KT_Knud_Thomassen/20260503_081242.jpg -> media/small/Fotoalbums/03_KT_Knud_Thomassen/20260503_081242.jpg
2026-05-30T05:59:22.720Z thumbsup:error Error: Command failed: gm convert: Corrupt JPEG data: 7 extraneous bytes before marker 0xd7 (/home/lsolesen/projects/historie-gallery/images/Fotoalbums/03_KT_Knud_Thomassen/20260503_081242.jpg).
2026-05-30T05:59:22.720Z thumbsup:error 
2026-05-30T05:59:22.720Z thumbsup:error Error processing Fotoalbums/03_KT_Knud_Thomassen/20260503_081246.jpg -> media/large/Fotoalbums/03_KT_Knud_Thomassen/20260503_081246.jpg
2026-05-30T05:59:22.720Z thumbsup:error Error: Command failed: gm composite: Corrupt JPEG data: 1 extraneous bytes before marker 0xd0 (/home/lsolesen/projects/historie-gallery/images/Fotoalbums/03_KT_Knud_Thomassen/20260503_081246.jpg).
2026-05-30T05:59:22.720Z thumbsup:error 
2026-05-30T05:59:22.757Z thumbsup:error Error processing Fotoalbums/03_KT_Knud_Thomassen/20260503_081312.jpg -> media/small/Fotoalbums/03_KT_Knud_Thomassen/20260503_081312.jpg
2026-05-30T05:59:22.757Z thumbsup:error Error: Command failed: gm convert: Corrupt JPEG data: 1 extraneous bytes before marker 0xd7 (/home/lsolesen/projects/historie-gallery/images/Fotoalbums/03_KT_Knud_Thomassen/20260503_081312.jpg).
2026-05-30T05:59:22.757Z thumbsup:error 
2026-05-30T05:59:22.774Z thumbsup:error Error processing Fotoalbums/03_KT_Knud_Thomassen/20260503_081312.jpg -> media/thumbs/Fotoalbums/03_KT_Knud_Thomassen/20260503_081312.jpg
2026-05-30T05:59:22.774Z thumbsup:error Error: Command failed: gm convert: Corrupt JPEG data: 1 extraneous bytes before marker 0xd7 (/home/lsolesen/projects/historie-gallery/images/Fotoalbums/03_KT_Knud_Thomassen/20260503_081312.jpg).
2026-05-30T05:59:22.774Z thumbsup:error 
2026-05-30T05:59:22.788Z thumbsup:error Error processing Fotoalbums/03_KT_Knud_Thomassen/20260503_081300.jpg -> media/thumbs/Fotoalbums/03_KT_Knud_Thomassen/20260503_081300.jpg
2026-05-30T05:59:22.788Z thumbsup:error Error: Command failed: gm convert: Corrupt JPEG data: 4 extraneous bytes before marker 0xd7 (/home/lsolesen/projects/historie-gallery/images/Fotoalbums/03_KT_Knud_Thomassen/20260503_081300.jpg).
2026-05-30T05:59:22.788Z thumbsup:error 
2026-05-30T05:59:22.820Z thumbsup:error Error processing Fotoalbums/03_KT_Knud_Thomassen/20260503_081242.jpg -> media/large/Fotoalbums/03_KT_Knud_Thomassen/20260503_081242.jpg
2026-05-30T05:59:22.820Z thumbsup:error Error: Command failed: gm composite: Corrupt JPEG data: 7 extraneous bytes before marker 0xd7 (/home/lsolesen/projects/historie-gallery/images/Fotoalbums/03_KT_Knud_Thomassen/20260503_081242.jpg).
2026-05-30T05:59:22.820Z thumbsup:error 
2026-05-30T05:59:22.832Z thumbsup:error Error processing Fotoalbums/03_KT_Knud_Thomassen/20260503_081312.jpg -> media/large/Fotoalbums/03_KT_Knud_Thomassen/20260503_081312.jpg
2026-05-30T05:59:22.832Z thumbsup:error Error: Command failed: gm composite: Corrupt JPEG data: 1 extraneous bytes before marker 0xd7 (/home/lsolesen/projects/historie-gallery/images/Fotoalbums/03_KT_Knud_Thomassen/20260503_081312.jpg).
2026-05-30T05:59:22.832Z thumbsup:error 
2026-05-30T05:59:22.832Z thumbsup:error Error processing Fotoalbums/03_KT_Knud_Thomassen/20260503_081303.jpg -> media/small/Fotoalbums/03_KT_Knud_Thomassen/20260503_081303.jpg
2026-05-30T05:59:22.832Z thumbsup:error Error: Command failed: gm convert: Corrupt JPEG data: 1 extraneous bytes before marker 0xd0 (/home/lsolesen/projects/historie-gallery/images/Fotoalbums/03_KT_Knud_Thomassen/20260503_081303.jpg).
2026-05-30T05:59:22.832Z thumbsup:error 
2026-05-30T05:59:22.832Z thumbsup:error Error processing Fotoalbums/03_KT_Knud_Thomassen/20260503_081303.jpg -> media/thumbs/Fotoalbums/03_KT_Knud_Thomassen/20260503_081303.jpg
2026-05-30T05:59:22.832Z thumbsup:error Error: Command failed: gm convert: Corrupt JPEG data: 1 extraneous bytes before marker 0xd0 (/home/lsolesen/projects/historie-gallery/images/Fotoalbums/03_KT_Knud_Thomassen/20260503_081303.jpg).
2026-05-30T05:59:22.832Z thumbsup:error 
2026-05-30T05:59:22.874Z thumbsup:error Error processing Fotoalbums/03_KT_Knud_Thomassen/20260503_081322.jpg -> media/small/Fotoalbums/03_KT_Knud_Thomassen/20260503_081322.jpg
2026-05-30T05:59:22.874Z thumbsup:error Error: Command failed: gm convert: Corrupt JPEG data: 2 extraneous bytes before marker 0xd7 (/home/lsolesen/projects/historie-gallery/images/Fotoalbums/03_KT_Knud_Thomassen/20260503_081322.jpg).
2026-05-30T05:59:22.874Z thumbsup:error 
2026-05-30T05:59:22.875Z thumbsup:error Error processing Fotoalbums/03_KT_Knud_Thomassen/20260503_081300.jpg -> media/small/Fotoalbums/03_KT_Knud_Thomassen/20260503_081300.jpg
2026-05-30T05:59:22.875Z thumbsup:error Error: Command failed: gm convert: Corrupt JPEG data: 4 extraneous bytes before marker 0xd7 (/home/lsolesen/projects/historie-gallery/images/Fotoalbums/03_KT_Knud_Thomassen/20260503_081300.jpg).
2026-05-30T05:59:22.875Z thumbsup:error 
2026-05-30T05:59:22.894Z thumbsup:error Error processing Fotoalbums/03_KT_Knud_Thomassen/20260503_081303.jpg -> media/large/Fotoalbums/03_KT_Knud_Thomassen/20260503_081303.jpg
2026-05-30T05:59:22.894Z thumbsup:error Error: Command failed: gm composite: Corrupt JPEG data: 1 extraneous bytes before marker 0xd0 (/home/lsolesen/projects/historie-gallery/images/Fotoalbums/03_KT_Knud_Thomassen/20260503_081303.jpg).
2026-05-30T05:59:22.894Z thumbsup:error 
2026-05-30T05:59:22.894Z thumbsup:error Error processing Fotoalbums/03_KT_Knud_Thomassen/20260503_081300.jpg -> media/large/Fotoalbums/03_KT_Knud_Thomassen/20260503_081300.jpg
2026-05-30T05:59:22.894Z thumbsup:error Error: Command failed: gm composite: Corrupt JPEG data: 4 extraneous bytes before marker 0xd7 (/home/lsolesen/projects/historie-gallery/images/Fotoalbums/03_KT_Knud_Thomassen/20260503_081300.jpg).
2026-05-30T05:59:22.894Z thumbsup:error 
2026-05-30T05:59:22.904Z thumbsup:error Error processing Fotoalbums/03_KT_Knud_Thomassen/20260503_081319.jpg -> media/small/Fotoalbums/03_KT_Knud_Thomassen/20260503_081319.jpg
2026-05-30T05:59:22.904Z thumbsup:error Error: Command failed: gm convert: Corrupt JPEG data: 4 extraneous bytes before marker 0xd7 (/home/lsolesen/projects/historie-gallery/images/Fotoalbums/03_KT_Knud_Thomassen/20260503_081319.jpg).
2026-05-30T05:59:22.904Z thumbsup:error 
2026-05-30T05:59:22.918Z thumbsup:error Error processing Fotoalbums/03_KT_Knud_Thomassen/20260503_081328.jpg -> media/thumbs/Fotoalbums/03_KT_Knud_Thomassen/20260503_081328.jpg
2026-05-30T05:59:22.918Z thumbsup:error Error: Command failed: gm convert: Corrupt JPEG data: 1 extraneous bytes before marker 0xd0 (/home/lsolesen/projects/historie-gallery/images/Fotoalbums/03_KT_Knud_Thomassen/20260503_081328.jpg).
2026-05-30T05:59:22.918Z thumbsup:error 
2026-05-30T05:59:22.918Z thumbsup:error Error processing Fotoalbums/03_KT_Knud_Thomassen/20260503_081319.jpg -> media/large/Fotoalbums/03_KT_Knud_Thomassen/20260503_081319.jpg
2026-05-30T05:59:22.918Z thumbsup:error Error: Command failed: gm composite: Corrupt JPEG data: 4 extraneous bytes before marker 0xd7 (/home/lsolesen/projects/historie-gallery/images/Fotoalbums/03_KT_Knud_Thomassen/20260503_081319.jpg).
2026-05-30T05:59:22.918Z thumbsup:error 
2026-05-30T05:59:22.933Z thumbsup:error Error processing Fotoalbums/03_KT_Knud_Thomassen/20260503_081322.jpg -> media/thumbs/Fotoalbums/03_KT_Knud_Thomassen/20260503_081322.jpg
2026-05-30T05:59:22.933Z thumbsup:error Error: Command failed: gm convert: Corrupt JPEG data: 2 extraneous bytes before marker 0xd7 (/home/lsolesen/projects/historie-gallery/images/Fotoalbums/03_KT_Knud_Thomassen/20260503_081322.jpg).
2026-05-30T05:59:22.933Z thumbsup:error 
2026-05-30T05:59:22.949Z thumbsup:error Error processing Fotoalbums/03_KT_Knud_Thomassen/20260503_081319.jpg -> media/thumbs/Fotoalbums/03_KT_Knud_Thomassen/20260503_081319.jpg
2026-05-30T05:59:22.949Z thumbsup:error Error: Command failed: gm convert: Corrupt JPEG data: 4 extraneous bytes before marker 0xd7 (/home/lsolesen/projects/historie-gallery/images/Fotoalbums/03_KT_Knud_Thomassen/20260503_081319.jpg).
2026-05-30T05:59:22.949Z thumbsup:error 
2026-05-30T05:59:22.969Z thumbsup:error Error processing Fotoalbums/03_KT_Knud_Thomassen/20260503_081322.jpg -> media/large/Fotoalbums/03_KT_Knud_Thomassen/20260503_081322.jpg
2026-05-30T05:59:22.969Z thumbsup:error Error: Command failed: gm composite: Corrupt JPEG data: 2 extraneous bytes before marker 0xd7 (/home/lsolesen/projects/historie-gallery/images/Fotoalbums/03_KT_Knud_Thomassen/20260503_081322.jpg).
2026-05-30T05:59:22.969Z thumbsup:error 
2026-05-30T05:59:22.983Z thumbsup:error Error processing Fotoalbums/03_KT_Knud_Thomassen/20260503_081328.jpg -> media/small/Fotoalbums/03_KT_Knud_Thomassen/20260503_081328.jpg
2026-05-30T05:59:22.983Z thumbsup:error Error: Command failed: gm convert: Corrupt JPEG data: 1 extraneous bytes before marker 0xd0 (/home/lsolesen/projects/historie-gallery/images/Fotoalbums/03_KT_Knud_Thomassen/20260503_081328.jpg).
2026-05-30T05:59:22.983Z thumbsup:error 
2026-05-30T05:59:22.991Z thumbsup:error Error processing Fotoalbums/03_KT_Knud_Thomassen/20260503_081325.jpg -> media/thumbs/Fotoalbums/03_KT_Knud_Thomassen/20260503_081325.jpg
2026-05-30T05:59:22.991Z thumbsup:error Error: Command failed: gm convert: Corrupt JPEG data: 5 extraneous bytes before marker 0xd7 (/home/lsolesen/projects/historie-gallery/images/Fotoalbums/03_KT_Knud_Thomassen/20260503_081325.jpg).
2026-05-30T05:59:22.991Z thumbsup:error 
2026-05-30T05:59:22.991Z thumbsup:error Error processing Fotoalbums/03_KT_Knud_Thomassen/20260503_081328.jpg -> media/large/Fotoalbums/03_KT_Knud_Thomassen/20260503_081328.jpg
2026-05-30T05:59:22.991Z thumbsup:error Error: Command failed: gm composite: Corrupt JPEG data: 1 extraneous bytes before marker 0xd0 (/home/lsolesen/projects/historie-gallery/images/Fotoalbums/03_KT_Knud_Thomassen/20260503_081328.jpg).
2026-05-30T05:59:22.991Z thumbsup:error 
2026-05-30T05:59:22.991Z thumbsup:error Error processing Fotoalbums/03_KT_Knud_Thomassen/20260503_081325.jpg -> media/large/Fotoalbums/03_KT_Knud_Thomassen/20260503_081325.jpg
2026-05-30T05:59:22.991Z thumbsup:error Error: Command failed: gm composite: Corrupt JPEG data: 5 extraneous bytes before marker 0xd7 (/home/lsolesen/projects/historie-gallery/images/Fotoalbums/03_KT_Knud_Thomassen/20260503_081325.jpg).
2026-05-30T05:59:22.991Z thumbsup:error 
2026-05-30T05:59:23.021Z thumbsup:error Error processing Fotoalbums/03_KT_Knud_Thomassen/20260503_081325.jpg -> media/small/Fotoalbums/03_KT_Knud_Thomassen/20260503_081325.jpg
2026-05-30T05:59:23.021Z thumbsup:error Error: Command failed: gm convert: Corrupt JPEG data: 5 extraneous bytes before marker 0xd7 (/home/lsolesen/projects/historie-gallery/images/Fotoalbums/03_KT_Knud_Thomassen/20260503_081325.jpg).
2026-05-30T05:59:23.021Z thumbsup:error 
2026-05-30T05:59:23.114Z thumbsup:error Error processing Fotoalbums/03_KT_Knud_Thomassen/20260503_081337.jpg -> media/small/Fotoalbums/03_KT_Knud_Thomassen/20260503_081337.jpg
2026-05-30T05:59:23.114Z thumbsup:error Error: Command failed: gm convert: Corrupt JPEG data: 2 extraneous bytes before marker 0xd5 (/home/lsolesen/projects/historie-gallery/images/Fotoalbums/03_KT_Knud_Thomassen/20260503_081337.jpg).
2026-05-30T05:59:23.114Z thumbsup:error 
2026-05-30T05:59:23.135Z thumbsup:error Error processing Fotoalbums/03_KT_Knud_Thomassen/20260503_081340.jpg -> media/thumbs/Fotoalbums/03_KT_Knud_Thomassen/20260503_081340.jpg
2026-05-30T05:59:23.135Z thumbsup:error Error: Command failed: gm convert: Corrupt JPEG data: 2 extraneous bytes before marker 0xd1 (/home/lsolesen/projects/historie-gallery/images/Fotoalbums/03_KT_Knud_Thomassen/20260503_081340.jpg).
2026-05-30T05:59:23.135Z thumbsup:error 
2026-05-30T05:59:23.141Z thumbsup:error Error processing Fotoalbums/03_KT_Knud_Thomassen/20260503_081340.jpg -> media/small/Fotoalbums/03_KT_Knud_Thomassen/20260503_081340.jpg
2026-05-30T05:59:23.141Z thumbsup:error Error: Command failed: gm convert: Corrupt JPEG data: 2 extraneous bytes before marker 0xd1 (/home/lsolesen/projects/historie-gallery/images/Fotoalbums/03_KT_Knud_Thomassen/20260503_081340.jpg).
2026-05-30T05:59:23.141Z thumbsup:error 
2026-05-30T05:59:23.154Z thumbsup:error Error processing Fotoalbums/03_KT_Knud_Thomassen/20260503_081337.jpg -> media/thumbs/Fotoalbums/03_KT_Knud_Thomassen/20260503_081337.jpg
2026-05-30T05:59:23.154Z thumbsup:error Error: Command failed: gm convert: Corrupt JPEG data: 2 extraneous bytes before marker 0xd5 (/home/lsolesen/projects/historie-gallery/images/Fotoalbums/03_KT_Knud_Thomassen/20260503_081337.jpg).
2026-05-30T05:59:23.154Z thumbsup:error 
2026-05-30T05:59:23.154Z thumbsup:error Error processing Fotoalbums/03_KT_Knud_Thomassen/20260503_081340.jpg -> media/large/Fotoalbums/03_KT_Knud_Thomassen/20260503_081340.jpg
2026-05-30T05:59:23.154Z thumbsup:error Error: Command failed: gm composite: Corrupt JPEG data: 2 extraneous bytes before marker 0xd1 (/home/lsolesen/projects/historie-gallery/images/Fotoalbums/03_KT_Knud_Thomassen/20260503_081340.jpg).
2026-05-30T05:59:23.154Z thumbsup:error 
2026-05-30T05:59:23.166Z thumbsup:error Error processing Fotoalbums/03_KT_Knud_Thomassen/20260503_081337.jpg -> media/large/Fotoalbums/03_KT_Knud_Thomassen/20260503_081337.jpg
2026-05-30T05:59:23.166Z thumbsup:error Error: Command failed: gm composite: Corrupt JPEG data: 2 extraneous bytes before marker 0xd5 (/home/lsolesen/projects/historie-gallery/images/Fotoalbums/03_KT_Knud_Thomassen/20260503_081337.jpg).
2026-05-30T05:59:23.166Z thumbsup:error 
2026-05-30T05:59:23.170Z thumbsup:error Error processing Fotoalbums/03_KT_Knud_Thomassen/20260503_081342.jpg -> media/small/Fotoalbums/03_KT_Knud_Thomassen/20260503_081342.jpg
2026-05-30T05:59:23.170Z thumbsup:error Error: Command failed: gm convert: Corrupt JPEG data: 4 extraneous bytes before marker 0xd0 (/home/lsolesen/projects/historie-gallery/images/Fotoalbums/03_KT_Knud_Thomassen/20260503_081342.jpg).
2026-05-30T05:59:23.170Z thumbsup:error 
2026-05-30T05:59:23.180Z thumbsup:error Error processing Fotoalbums/03_KT_Knud_Thomassen/20260503_081334.jpg -> media/small/Fotoalbums/03_KT_Knud_Thomassen/20260503_081334.jpg
2026-05-30T05:59:23.180Z thumbsup:error Error: Command failed: gm convert: Corrupt JPEG data: 2 extraneous bytes before marker 0xd7 (/home/lsolesen/projects/historie-gallery/images/Fotoalbums/03_KT_Knud_Thomassen/20260503_081334.jpg).
2026-05-30T05:59:23.180Z thumbsup:error 
2026-05-30T05:59:23.185Z thumbsup:error Error processing Fotoalbums/03_KT_Knud_Thomassen/20260503_081334.jpg -> media/thumbs/Fotoalbums/03_KT_Knud_Thomassen/20260503_081334.jpg
2026-05-30T05:59:23.185Z thumbsup:error Error: Command failed: gm convert: Corrupt JPEG data: 2 extraneous bytes before marker 0xd7 (/home/lsolesen/projects/historie-gallery/images/Fotoalbums/03_KT_Knud_Thomassen/20260503_081334.jpg).
2026-05-30T05:59:23.185Z thumbsup:error 
2026-05-30T05:59:23.205Z thumbsup:error Error processing Fotoalbums/03_KT_Knud_Thomassen/20260503_081342.jpg -> media/thumbs/Fotoalbums/03_KT_Knud_Thomassen/20260503_081342.jpg
2026-05-30T05:59:23.205Z thumbsup:error Error: Command failed: gm convert: Corrupt JPEG data: 4 extraneous bytes before marker 0xd0 (/home/lsolesen/projects/historie-gallery/images/Fotoalbums/03_KT_Knud_Thomassen/20260503_081342.jpg).
2026-05-30T05:59:23.205Z thumbsup:error 
2026-05-30T05:59:23.206Z thumbsup:error Error processing Fotoalbums/03_KT_Knud_Thomassen/20260503_081342.jpg -> media/large/Fotoalbums/03_KT_Knud_Thomassen/20260503_081342.jpg
2026-05-30T05:59:23.206Z thumbsup:error Error: Command failed: gm composite: Corrupt JPEG data: 4 extraneous bytes before marker 0xd0 (/home/lsolesen/projects/historie-gallery/images/Fotoalbums/03_KT_Knud_Thomassen/20260503_081342.jpg).
2026-05-30T05:59:23.206Z thumbsup:error 
2026-05-30T05:59:23.240Z thumbsup:error Error processing Fotoalbums/03_KT_Knud_Thomassen/20260503_081334.jpg -> media/large/Fotoalbums/03_KT_Knud_Thomassen/20260503_081334.jpg
2026-05-30T05:59:23.240Z thumbsup:error Error: Command failed: gm composite: Corrupt JPEG data: 2 extraneous bytes before marker 0xd7 (/home/lsolesen/projects/historie-gallery/images/Fotoalbums/03_KT_Knud_Thomassen/20260503_081334.jpg).
2026-05-30T05:59:23.240Z thumbsup:error 
2026-05-30T05:59:23.258Z thumbsup:error Error processing Fotoalbums/03_KT_Knud_Thomassen/20260503_081352.jpg -> media/large/Fotoalbums/03_KT_Knud_Thomassen/20260503_081352.jpg
2026-05-30T05:59:23.258Z thumbsup:error Error: Command failed: gm composite: Corrupt JPEG data: 1 extraneous bytes before marker 0xd5 (/home/lsolesen/projects/historie-gallery/images/Fotoalbums/03_KT_Knud_Thomassen/20260503_081352.jpg).
2026-05-30T05:59:23.258Z thumbsup:error 
2026-05-30T05:59:23.265Z thumbsup:error Error processing Fotoalbums/03_KT_Knud_Thomassen/20260503_081352.jpg -> media/thumbs/Fotoalbums/03_KT_Knud_Thomassen/20260503_081352.jpg
2026-05-30T05:59:23.265Z thumbsup:error Error: Command failed: gm convert: Corrupt JPEG data: 1 extraneous bytes before marker 0xd5 (/home/lsolesen/projects/historie-gallery/images/Fotoalbums/03_KT_Knud_Thomassen/20260503_081352.jpg).
2026-05-30T05:59:23.265Z thumbsup:error 
2026-05-30T05:59:23.306Z thumbsup:error Error processing Fotoalbums/03_KT_Knud_Thomassen/20260503_081400.jpg -> media/small/Fotoalbums/03_KT_Knud_Thomassen/20260503_081400.jpg
2026-05-30T05:59:23.306Z thumbsup:error Error: Command failed: gm convert: Corrupt JPEG data: 5 extraneous bytes before marker 0xd0 (/home/lsolesen/projects/historie-gallery/images/Fotoalbums/03_KT_Knud_Thomassen/20260503_081400.jpg).
2026-05-30T05:59:23.306Z thumbsup:error 
2026-05-30T05:59:23.320Z thumbsup:error Error processing Fotoalbums/03_KT_Knud_Thomassen/20260503_081352.jpg -> media/small/Fotoalbums/03_KT_Knud_Thomassen/20260503_081352.jpg
2026-05-30T05:59:23.320Z thumbsup:error Error: Command failed: gm convert: Corrupt JPEG data: 1 extraneous bytes before marker 0xd5 (/home/lsolesen/projects/historie-gallery/images/Fotoalbums/03_KT_Knud_Thomassen/20260503_081352.jpg).
2026-05-30T05:59:23.320Z thumbsup:error 
2026-05-30T05:59:23.366Z thumbsup:error Error processing Fotoalbums/03_KT_Knud_Thomassen/20260503_081400.jpg -> media/thumbs/Fotoalbums/03_KT_Knud_Thomassen/20260503_081400.jpg
2026-05-30T05:59:23.366Z thumbsup:error Error: Command failed: gm convert: Corrupt JPEG data: 5 extraneous bytes before marker 0xd0 (/home/lsolesen/projects/historie-gallery/images/Fotoalbums/03_KT_Knud_Thomassen/20260503_081400.jpg).
2026-05-30T05:59:23.366Z thumbsup:error 
2026-05-30T05:59:23.372Z thumbsup:error Error processing Fotoalbums/03_KT_Knud_Thomassen/20260503_081402.jpg -> media/thumbs/Fotoalbums/03_KT_Knud_Thomassen/20260503_081402.jpg
2026-05-30T05:59:23.372Z thumbsup:error Error: Command failed: gm convert: Corrupt JPEG data: 2 extraneous bytes before marker 0xd1 (/home/lsolesen/projects/historie-gallery/images/Fotoalbums/03_KT_Knud_Thomassen/20260503_081402.jpg).
2026-05-30T05:59:23.372Z thumbsup:error 
2026-05-30T05:59:23.372Z thumbsup:error Error processing Fotoalbums/03_KT_Knud_Thomassen/20260503_081402.jpg -> media/small/Fotoalbums/03_KT_Knud_Thomassen/20260503_081402.jpg
2026-05-30T05:59:23.372Z thumbsup:error Error: Command failed: gm convert: Corrupt JPEG data: 2 extraneous bytes before marker 0xd1 (/home/lsolesen/projects/historie-gallery/images/Fotoalbums/03_KT_Knud_Thomassen/20260503_081402.jpg).
2026-05-30T05:59:23.372Z thumbsup:error 
2026-05-30T05:59:23.412Z thumbsup:error Error processing Fotoalbums/03_KT_Knud_Thomassen/20260503_081400.jpg -> media/large/Fotoalbums/03_KT_Knud_Thomassen/20260503_081400.jpg
2026-05-30T05:59:23.412Z thumbsup:error Error: Command failed: gm composite: Corrupt JPEG data: 5 extraneous bytes before marker 0xd0 (/home/lsolesen/projects/historie-gallery/images/Fotoalbums/03_KT_Knud_Thomassen/20260503_081400.jpg).
2026-05-30T05:59:23.412Z thumbsup:error 
2026-05-30T05:59:23.428Z thumbsup:error Error processing Fotoalbums/03_KT_Knud_Thomassen/20260503_081420.jpg -> media/thumbs/Fotoalbums/03_KT_Knud_Thomassen/20260503_081420.jpg
2026-05-30T05:59:23.428Z thumbsup:error Error: Command failed: gm convert: Corrupt JPEG data: 1 extraneous bytes before marker 0xd7 (/home/lsolesen/projects/historie-gallery/images/Fotoalbums/03_KT_Knud_Thomassen/20260503_081420.jpg).
2026-05-30T05:59:23.428Z thumbsup:error 
2026-05-30T05:59:23.442Z thumbsup:error Error processing Fotoalbums/03_KT_Knud_Thomassen/20260503_081402.jpg -> media/large/Fotoalbums/03_KT_Knud_Thomassen/20260503_081402.jpg
2026-05-30T05:59:23.442Z thumbsup:error Error: Command failed: gm composite: Corrupt JPEG data: 2 extraneous bytes before marker 0xd1 (/home/lsolesen/projects/historie-gallery/images/Fotoalbums/03_KT_Knud_Thomassen/20260503_081402.jpg).
2026-05-30T05:59:23.442Z thumbsup:error 
2026-05-30T05:59:23.443Z thumbsup:error Error processing Fotoalbums/03_KT_Knud_Thomassen/20260503_081410.jpg -> media/large/Fotoalbums/03_KT_Knud_Thomassen/20260503_081410.jpg
2026-05-30T05:59:23.443Z thumbsup:error Error: Command failed: gm composite: Corrupt JPEG data: 4 extraneous bytes before marker 0xd7 (/home/lsolesen/projects/historie-gallery/images/Fotoalbums/03_KT_Knud_Thomassen/20260503_081410.jpg).
2026-05-30T05:59:23.443Z thumbsup:error 
2026-05-30T05:59:23.462Z thumbsup:error Error processing Fotoalbums/03_KT_Knud_Thomassen/20260503_081410.jpg -> media/thumbs/Fotoalbums/03_KT_Knud_Thomassen/20260503_081410.jpg
2026-05-30T05:59:23.462Z thumbsup:error Error: Command failed: gm convert: Corrupt JPEG data: 4 extraneous bytes before marker 0xd7 (/home/lsolesen/projects/historie-gallery/images/Fotoalbums/03_KT_Knud_Thomassen/20260503_081410.jpg).
2026-05-30T05:59:23.462Z thumbsup:error 
2026-05-30T05:59:23.471Z thumbsup:error Error processing Fotoalbums/03_KT_Knud_Thomassen/20260503_081410.jpg -> media/small/Fotoalbums/03_KT_Knud_Thomassen/20260503_081410.jpg
2026-05-30T05:59:23.471Z thumbsup:error Error: Command failed: gm convert: Corrupt JPEG data: 4 extraneous bytes before marker 0xd7 (/home/lsolesen/projects/historie-gallery/images/Fotoalbums/03_KT_Knud_Thomassen/20260503_081410.jpg).
2026-05-30T05:59:23.471Z thumbsup:error 
2026-05-30T05:59:23.482Z thumbsup:error Error processing Fotoalbums/03_KT_Knud_Thomassen/20260503_081420.jpg -> media/small/Fotoalbums/03_KT_Knud_Thomassen/20260503_081420.jpg
2026-05-30T05:59:23.482Z thumbsup:error Error: Command failed: gm convert: Corrupt JPEG data: 1 extraneous bytes before marker 0xd7 (/home/lsolesen/projects/historie-gallery/images/Fotoalbums/03_KT_Knud_Thomassen/20260503_081420.jpg).
2026-05-30T05:59:23.482Z thumbsup:error 
2026-05-30T05:59:23.483Z thumbsup:error Error processing Fotoalbums/03_KT_Knud_Thomassen/20260503_081355.jpg -> media/small/Fotoalbums/03_KT_Knud_Thomassen/20260503_081355.jpg
2026-05-30T05:59:23.483Z thumbsup:error Error: Command failed: gm convert: Corrupt JPEG data: 8 extraneous bytes before marker 0xd0 (/home/lsolesen/projects/historie-gallery/images/Fotoalbums/03_KT_Knud_Thomassen/20260503_081355.jpg).
2026-05-30T05:59:23.483Z thumbsup:error 
2026-05-30T05:59:23.513Z thumbsup:error Error processing Fotoalbums/03_KT_Knud_Thomassen/20260503_081355.jpg -> media/thumbs/Fotoalbums/03_KT_Knud_Thomassen/20260503_081355.jpg
2026-05-30T05:59:23.513Z thumbsup:error Error: Command failed: gm convert: Corrupt JPEG data: 8 extraneous bytes before marker 0xd0 (/home/lsolesen/projects/historie-gallery/images/Fotoalbums/03_KT_Knud_Thomassen/20260503_081355.jpg).
2026-05-30T05:59:23.513Z thumbsup:error 
2026-05-30T05:59:23.536Z thumbsup:error Error processing Fotoalbums/03_KT_Knud_Thomassen/20260503_081420.jpg -> media/large/Fotoalbums/03_KT_Knud_Thomassen/20260503_081420.jpg
2026-05-30T05:59:23.536Z thumbsup:error Error: Command failed: gm composite: Corrupt JPEG data: 1 extraneous bytes before marker 0xd7 (/home/lsolesen/projects/historie-gallery/images/Fotoalbums/03_KT_Knud_Thomassen/20260503_081420.jpg).
2026-05-30T05:59:23.536Z thumbsup:error 
2026-05-30T05:59:23.568Z thumbsup:error Error processing Fotoalbums/03_KT_Knud_Thomassen/20260503_081431 (1).jpg -> media/thumbs/Fotoalbums/03_KT_Knud_Thomassen/20260503_081431 (1).jpg
2026-05-30T05:59:23.568Z thumbsup:error Error: Command failed: gm convert: Corrupt JPEG data: 1 extraneous bytes before marker 0xd7 (/home/lsolesen/projects/historie-gallery/images/Fotoalbums/03_KT_Knud_Thomassen/20260503_081431 (1).jpg).
2026-05-30T05:59:23.568Z thumbsup:error 
2026-05-30T05:59:23.582Z thumbsup:error Error processing Fotoalbums/03_KT_Knud_Thomassen/20260503_081417.jpg -> media/thumbs/Fotoalbums/03_KT_Knud_Thomassen/20260503_081417.jpg
2026-05-30T05:59:23.582Z thumbsup:error Error: Command failed: gm convert: Corrupt JPEG data: 2 extraneous bytes before marker 0xd6 (/home/lsolesen/projects/historie-gallery/images/Fotoalbums/03_KT_Knud_Thomassen/20260503_081417.jpg).
2026-05-30T05:59:23.582Z thumbsup:error 
2026-05-30T05:59:23.583Z thumbsup:error Error processing Fotoalbums/03_KT_Knud_Thomassen/20260503_081431 (1).jpg -> media/small/Fotoalbums/03_KT_Knud_Thomassen/20260503_081431 (1).jpg
2026-05-30T05:59:23.583Z thumbsup:error Error: Command failed: gm convert: Corrupt JPEG data: 1 extraneous bytes before marker 0xd7 (/home/lsolesen/projects/historie-gallery/images/Fotoalbums/03_KT_Knud_Thomassen/20260503_081431 (1).jpg).
2026-05-30T05:59:23.583Z thumbsup:error 
2026-05-30T05:59:23.597Z thumbsup:error Error processing Fotoalbums/03_KT_Knud_Thomassen/20260503_081431 (1).jpg -> media/large/Fotoalbums/03_KT_Knud_Thomassen/20260503_081431 (1).jpg
2026-05-30T05:59:23.597Z thumbsup:error Error: Command failed: gm composite: Corrupt JPEG data: 1 extraneous bytes before marker 0xd7 (/home/lsolesen/projects/historie-gallery/images/Fotoalbums/03_KT_Knud_Thomassen/20260503_081431 (1).jpg).
2026-05-30T05:59:23.597Z thumbsup:error 
2026-05-30T05:59:23.609Z thumbsup:error Error processing Fotoalbums/03_KT_Knud_Thomassen/20260503_081355.jpg -> media/large/Fotoalbums/03_KT_Knud_Thomassen/20260503_081355.jpg
2026-05-30T05:59:23.609Z thumbsup:error Error: Command failed: gm composite: Corrupt JPEG data: 8 extraneous bytes before marker 0xd0 (/home/lsolesen/projects/historie-gallery/images/Fotoalbums/03_KT_Knud_Thomassen/20260503_081355.jpg).
2026-05-30T05:59:23.609Z thumbsup:error 
2026-05-30T05:59:23.609Z thumbsup:error Error processing Fotoalbums/03_KT_Knud_Thomassen/20260503_081431.jpg -> media/thumbs/Fotoalbums/03_KT_Knud_Thomassen/20260503_081431.jpg
2026-05-30T05:59:23.609Z thumbsup:error Error: Command failed: gm convert: Corrupt JPEG data: 1 extraneous bytes before marker 0xd7 (/home/lsolesen/projects/historie-gallery/images/Fotoalbums/03_KT_Knud_Thomassen/20260503_081431.jpg).
2026-05-30T05:59:23.609Z thumbsup:error 
2026-05-30T05:59:23.638Z thumbsup:error Error processing Fotoalbums/03_KT_Knud_Thomassen/20260503_081431.jpg -> media/large/Fotoalbums/03_KT_Knud_Thomassen/20260503_081431.jpg
2026-05-30T05:59:23.638Z thumbsup:error Error: Command failed: gm composite: Corrupt JPEG data: 1 extraneous bytes before marker 0xd7 (/home/lsolesen/projects/historie-gallery/images/Fotoalbums/03_KT_Knud_Thomassen/20260503_081431.jpg).
2026-05-30T05:59:23.638Z thumbsup:error 
2026-05-30T05:59:23.654Z thumbsup:error Error processing Fotoalbums/03_KT_Knud_Thomassen/20260503_081413.jpg -> media/large/Fotoalbums/03_KT_Knud_Thomassen/20260503_081413.jpg
2026-05-30T05:59:23.654Z thumbsup:error Error: Command failed: gm composite: Corrupt JPEG data: 7 extraneous bytes before marker 0xd1 (/home/lsolesen/projects/historie-gallery/images/Fotoalbums/03_KT_Knud_Thomassen/20260503_081413.jpg).
2026-05-30T05:59:23.654Z thumbsup:error 
2026-05-30T05:59:23.673Z thumbsup:error Error processing Fotoalbums/03_KT_Knud_Thomassen/20260503_081431.jpg -> media/small/Fotoalbums/03_KT_Knud_Thomassen/20260503_081431.jpg
2026-05-30T05:59:23.673Z thumbsup:error Error: Command failed: gm convert: Corrupt JPEG data: 1 extraneous bytes before marker 0xd7 (/home/lsolesen/projects/historie-gallery/images/Fotoalbums/03_KT_Knud_Thomassen/20260503_081431.jpg).
2026-05-30T05:59:23.673Z thumbsup:error 
2026-05-30T05:59:23.673Z thumbsup:error Error processing Fotoalbums/03_KT_Knud_Thomassen/20260503_081413.jpg -> media/small/Fotoalbums/03_KT_Knud_Thomassen/20260503_081413.jpg
2026-05-30T05:59:23.673Z thumbsup:error Error: Command failed: gm convert: Corrupt JPEG data: 7 extraneous bytes before marker 0xd1 (/home/lsolesen/projects/historie-gallery/images/Fotoalbums/03_KT_Knud_Thomassen/20260503_081413.jpg).
2026-05-30T05:59:23.673Z thumbsup:error 
2026-05-30T05:59:23.682Z thumbsup:error Error processing Fotoalbums/03_KT_Knud_Thomassen/20260503_081413.jpg -> media/thumbs/Fotoalbums/03_KT_Knud_Thomassen/20260503_081413.jpg
2026-05-30T05:59:23.682Z thumbsup:error Error: Command failed: gm convert: Corrupt JPEG data: 7 extraneous bytes before marker 0xd1 (/home/lsolesen/projects/historie-gallery/images/Fotoalbums/03_KT_Knud_Thomassen/20260503_081413.jpg).
2026-05-30T05:59:23.682Z thumbsup:error 
2026-05-30T05:59:23.708Z thumbsup:error Error processing Fotoalbums/03_KT_Knud_Thomassen/20260503_081417.jpg -> media/small/Fotoalbums/03_KT_Knud_Thomassen/20260503_081417.jpg
2026-05-30T05:59:23.708Z thumbsup:error Error: Command failed: gm convert: Corrupt JPEG data: 2 extraneous bytes before marker 0xd6 (/home/lsolesen/projects/historie-gallery/images/Fotoalbums/03_KT_Knud_Thomassen/20260503_081417.jpg).
2026-05-30T05:59:23.708Z thumbsup:error 
2026-05-30T05:59:23.717Z thumbsup:error Error processing Fotoalbums/03_KT_Knud_Thomassen/20260503_081428.jpg -> media/small/Fotoalbums/03_KT_Knud_Thomassen/20260503_081428.jpg
2026-05-30T05:59:23.717Z thumbsup:error Error: Command failed: gm convert: Corrupt JPEG data: 4 extraneous bytes before marker 0xd1 (/home/lsolesen/projects/historie-gallery/images/Fotoalbums/03_KT_Knud_Thomassen/20260503_081428.jpg).
2026-05-30T05:59:23.717Z thumbsup:error 
2026-05-30T05:59:23.722Z thumbsup:error Error processing Fotoalbums/03_KT_Knud_Thomassen/20260503_081436.jpg -> media/thumbs/Fotoalbums/03_KT_Knud_Thomassen/20260503_081436.jpg
2026-05-30T05:59:23.722Z thumbsup:error Error: Command failed: gm convert: Corrupt JPEG data: 3 extraneous bytes before marker 0xd0 (/home/lsolesen/projects/historie-gallery/images/Fotoalbums/03_KT_Knud_Thomassen/20260503_081436.jpg).
2026-05-30T05:59:23.722Z thumbsup:error 
2026-05-30T05:59:23.740Z thumbsup:error Error processing Fotoalbums/03_KT_Knud_Thomassen/20260503_081417.jpg -> media/large/Fotoalbums/03_KT_Knud_Thomassen/20260503_081417.jpg
2026-05-30T05:59:23.740Z thumbsup:error Error: Command failed: gm composite: Corrupt JPEG data: 2 extraneous bytes before marker 0xd6 (/home/lsolesen/projects/historie-gallery/images/Fotoalbums/03_KT_Knud_Thomassen/20260503_081417.jpg).
2026-05-30T05:59:23.740Z thumbsup:error 
2026-05-30T05:59:23.756Z thumbsup:error Error processing Fotoalbums/03_KT_Knud_Thomassen/20260503_081428.jpg -> media/large/Fotoalbums/03_KT_Knud_Thomassen/20260503_081428.jpg
2026-05-30T05:59:23.756Z thumbsup:error Error: Command failed: gm composite: Corrupt JPEG data: 4 extraneous bytes before marker 0xd1 (/home/lsolesen/projects/historie-gallery/images/Fotoalbums/03_KT_Knud_Thomassen/20260503_081428.jpg).
2026-05-30T05:59:23.756Z thumbsup:error 
2026-05-30T05:59:23.776Z thumbsup:error Error processing Fotoalbums/03_KT_Knud_Thomassen/20260503_081428.jpg -> media/thumbs/Fotoalbums/03_KT_Knud_Thomassen/20260503_081428.jpg
2026-05-30T05:59:23.776Z thumbsup:error Error: Command failed: gm convert: Corrupt JPEG data: 4 extraneous bytes before marker 0xd1 (/home/lsolesen/projects/historie-gallery/images/Fotoalbums/03_KT_Knud_Thomassen/20260503_081428.jpg).
2026-05-30T05:59:23.776Z thumbsup:error 
2026-05-30T05:59:23.796Z thumbsup:error Error processing Fotoalbums/03_KT_Knud_Thomassen/20260503_081436.jpg -> media/large/Fotoalbums/03_KT_Knud_Thomassen/20260503_081436.jpg
2026-05-30T05:59:23.796Z thumbsup:error Error: Command failed: gm composite: Corrupt JPEG data: 3 extraneous bytes before marker 0xd0 (/home/lsolesen/projects/historie-gallery/images/Fotoalbums/03_KT_Knud_Thomassen/20260503_081436.jpg).
2026-05-30T05:59:23.796Z thumbsup:error 
2026-05-30T05:59:23.816Z thumbsup:error Error processing Fotoalbums/03_KT_Knud_Thomassen/20260503_081438.jpg -> media/small/Fotoalbums/03_KT_Knud_Thomassen/20260503_081438.jpg
2026-05-30T05:59:23.816Z thumbsup:error Error: Command failed: gm convert: Corrupt JPEG data: 3 extraneous bytes before marker 0xd3 (/home/lsolesen/projects/historie-gallery/images/Fotoalbums/03_KT_Knud_Thomassen/20260503_081438.jpg).
2026-05-30T05:59:23.816Z thumbsup:error 
2026-05-30T05:59:23.846Z thumbsup:error Error processing Fotoalbums/03_KT_Knud_Thomassen/20260503_081456.jpg -> media/large/Fotoalbums/03_KT_Knud_Thomassen/20260503_081456.jpg
2026-05-30T05:59:23.846Z thumbsup:error Error: Command failed: gm composite: Corrupt JPEG data: 3 extraneous bytes before marker 0xd7 (/home/lsolesen/projects/historie-gallery/images/Fotoalbums/03_KT_Knud_Thomassen/20260503_081456.jpg).
2026-05-30T05:59:23.846Z thumbsup:error 
2026-05-30T05:59:23.852Z thumbsup:error Error processing Fotoalbums/03_KT_Knud_Thomassen/20260503_081456.jpg -> media/small/Fotoalbums/03_KT_Knud_Thomassen/20260503_081456.jpg
2026-05-30T05:59:23.852Z thumbsup:error Error: Command failed: gm convert: Corrupt JPEG data: 3 extraneous bytes before marker 0xd7 (/home/lsolesen/projects/historie-gallery/images/Fotoalbums/03_KT_Knud_Thomassen/20260503_081456.jpg).
2026-05-30T05:59:23.852Z thumbsup:error 
2026-05-30T05:59:23.852Z thumbsup:error Error processing Fotoalbums/03_KT_Knud_Thomassen/20260503_081436.jpg -> media/small/Fotoalbums/03_KT_Knud_Thomassen/20260503_081436.jpg
2026-05-30T05:59:23.852Z thumbsup:error Error: Command failed: gm convert: Corrupt JPEG data: 3 extraneous bytes before marker 0xd0 (/home/lsolesen/projects/historie-gallery/images/Fotoalbums/03_KT_Knud_Thomassen/20260503_081436.jpg).
2026-05-30T05:59:23.852Z thumbsup:error 
2026-05-30T05:59:23.872Z thumbsup:error Error processing Fotoalbums/03_KT_Knud_Thomassen/20260503_081456.jpg -> media/thumbs/Fotoalbums/03_KT_Knud_Thomassen/20260503_081456.jpg
2026-05-30T05:59:23.872Z thumbsup:error Error: Command failed: gm convert: Corrupt JPEG data: 3 extraneous bytes before marker 0xd7 (/home/lsolesen/projects/historie-gallery/images/Fotoalbums/03_KT_Knud_Thomassen/20260503_081456.jpg).
2026-05-30T05:59:23.872Z thumbsup:error 
2026-05-30T05:59:23.873Z thumbsup:error Error processing Fotoalbums/03_KT_Knud_Thomassen/20260503_081438.jpg -> media/thumbs/Fotoalbums/03_KT_Knud_Thomassen/20260503_081438.jpg
2026-05-30T05:59:23.873Z thumbsup:error Error: Command failed: gm convert: Corrupt JPEG data: 3 extraneous bytes before marker 0xd3 (/home/lsolesen/projects/historie-gallery/images/Fotoalbums/03_KT_Knud_Thomassen/20260503_081438.jpg).
2026-05-30T05:59:23.873Z thumbsup:error 
2026-05-30T05:59:23.903Z thumbsup:error Error processing Fotoalbums/03_KT_Knud_Thomassen/20260503_081449.jpg -> media/small/Fotoalbums/03_KT_Knud_Thomassen/20260503_081449.jpg
2026-05-30T05:59:23.903Z thumbsup:error Error: Command failed: gm convert: Corrupt JPEG data: 3 extraneous bytes before marker 0xd7 (/home/lsolesen/projects/historie-gallery/images/Fotoalbums/03_KT_Knud_Thomassen/20260503_081449.jpg).
2026-05-30T05:59:23.903Z thumbsup:error 
2026-05-30T05:59:23.903Z thumbsup:error Error processing Fotoalbums/03_KT_Knud_Thomassen/20260503_081449.jpg -> media/large/Fotoalbums/03_KT_Knud_Thomassen/20260503_081449.jpg
2026-05-30T05:59:23.903Z thumbsup:error Error: Command failed: gm composite: Corrupt JPEG data: 3 extraneous bytes before marker 0xd7 (/home/lsolesen/projects/historie-gallery/images/Fotoalbums/03_KT_Knud_Thomassen/20260503_081449.jpg).
2026-05-30T05:59:23.903Z thumbsup:error 
2026-05-30T05:59:23.931Z thumbsup:error Error processing Fotoalbums/03_KT_Knud_Thomassen/20260503_081438.jpg -> media/large/Fotoalbums/03_KT_Knud_Thomassen/20260503_081438.jpg
2026-05-30T05:59:23.931Z thumbsup:error Error: Command failed: gm composite: Corrupt JPEG data: 3 extraneous bytes before marker 0xd3 (/home/lsolesen/projects/historie-gallery/images/Fotoalbums/03_KT_Knud_Thomassen/20260503_081438.jpg).
2026-05-30T05:59:23.931Z thumbsup:error 
2026-05-30T05:59:23.964Z thumbsup:error Error processing Fotoalbums/03_KT_Knud_Thomassen/20260503_081459.jpg -> media/thumbs/Fotoalbums/03_KT_Knud_Thomassen/20260503_081459.jpg
2026-05-30T05:59:23.964Z thumbsup:error Error: Command failed: gm convert: Corrupt JPEG data: 2 extraneous bytes before marker 0xd7 (/home/lsolesen/projects/historie-gallery/images/Fotoalbums/03_KT_Knud_Thomassen/20260503_081459.jpg).
2026-05-30T05:59:23.964Z thumbsup:error 
2026-05-30T05:59:23.964Z thumbsup:error Error processing Fotoalbums/03_KT_Knud_Thomassen/20260503_081449.jpg -> media/thumbs/Fotoalbums/03_KT_Knud_Thomassen/20260503_081449.jpg
2026-05-30T05:59:23.964Z thumbsup:error Error: Command failed: gm convert: Corrupt JPEG data: 3 extraneous bytes before marker 0xd7 (/home/lsolesen/projects/historie-gallery/images/Fotoalbums/03_KT_Knud_Thomassen/20260503_081449.jpg).
2026-05-30T05:59:23.964Z thumbsup:error 
2026-05-30T05:59:23.978Z thumbsup:error Error processing Fotoalbums/03_KT_Knud_Thomassen/20260503_081453.jpg -> media/thumbs/Fotoalbums/03_KT_Knud_Thomassen/20260503_081453.jpg
2026-05-30T05:59:23.978Z thumbsup:error Error: Command failed: gm convert: Corrupt JPEG data: 6 extraneous bytes before marker 0xd7 (/home/lsolesen/projects/historie-gallery/images/Fotoalbums/03_KT_Knud_Thomassen/20260503_081453.jpg).
2026-05-30T05:59:23.978Z thumbsup:error 
2026-05-30T05:59:23.999Z thumbsup:error Error processing Fotoalbums/03_KT_Knud_Thomassen/20260503_081453.jpg -> media/large/Fotoalbums/03_KT_Knud_Thomassen/20260503_081453.jpg
2026-05-30T05:59:23.999Z thumbsup:error Error: Command failed: gm composite: Corrupt JPEG data: 6 extraneous bytes before marker 0xd7 (/home/lsolesen/projects/historie-gallery/images/Fotoalbums/03_KT_Knud_Thomassen/20260503_081453.jpg).
2026-05-30T05:59:23.999Z thumbsup:error 
2026-05-30T05:59:24.013Z thumbsup:error Error processing Fotoalbums/03_KT_Knud_Thomassen/20260503_081459.jpg -> media/large/Fotoalbums/03_KT_Knud_Thomassen/20260503_081459.jpg
2026-05-30T05:59:24.013Z thumbsup:error Error: Command failed: gm composite: Corrupt JPEG data: 2 extraneous bytes before marker 0xd7 (/home/lsolesen/projects/historie-gallery/images/Fotoalbums/03_KT_Knud_Thomassen/20260503_081459.jpg).
2026-05-30T05:59:24.013Z thumbsup:error 
2026-05-30T05:59:24.033Z thumbsup:error Error processing Fotoalbums/03_KT_Knud_Thomassen/20260503_081517.jpg -> media/thumbs/Fotoalbums/03_KT_Knud_Thomassen/20260503_081517.jpg
2026-05-30T05:59:24.033Z thumbsup:error Error: Command failed: gm convert: Corrupt JPEG data: 2 extraneous bytes before marker 0xd4 (/home/lsolesen/projects/historie-gallery/images/Fotoalbums/03_KT_Knud_Thomassen/20260503_081517.jpg).
2026-05-30T05:59:24.033Z thumbsup:error 
2026-05-30T05:59:24.048Z thumbsup:error Error processing Fotoalbums/03_KT_Knud_Thomassen/20260503_081453.jpg -> media/small/Fotoalbums/03_KT_Knud_Thomassen/20260503_081453.jpg
2026-05-30T05:59:24.048Z thumbsup:error Error: Command failed: gm convert: Corrupt JPEG data: 6 extraneous bytes before marker 0xd7 (/home/lsolesen/projects/historie-gallery/images/Fotoalbums/03_KT_Knud_Thomassen/20260503_081453.jpg).
2026-05-30T05:59:24.048Z thumbsup:error 
2026-05-30T05:59:24.057Z thumbsup:error Error processing Fotoalbums/03_KT_Knud_Thomassen/20260503_081459.jpg -> media/small/Fotoalbums/03_KT_Knud_Thomassen/20260503_081459.jpg
2026-05-30T05:59:24.057Z thumbsup:error Error: Command failed: gm convert: Corrupt JPEG data: 2 extraneous bytes before marker 0xd7 (/home/lsolesen/projects/historie-gallery/images/Fotoalbums/03_KT_Knud_Thomassen/20260503_081459.jpg).
2026-05-30T05:59:24.057Z thumbsup:error 
2026-05-30T05:59:24.077Z thumbsup:error Error processing Fotoalbums/03_KT_Knud_Thomassen/20260503_081517.jpg -> media/small/Fotoalbums/03_KT_Knud_Thomassen/20260503_081517.jpg
2026-05-30T05:59:24.077Z thumbsup:error Error: Command failed: gm convert: Corrupt JPEG data: 2 extraneous bytes before marker 0xd4 (/home/lsolesen/projects/historie-gallery/images/Fotoalbums/03_KT_Knud_Thomassen/20260503_081517.jpg).
2026-05-30T05:59:24.077Z thumbsup:error 
2026-05-30T05:59:24.082Z thumbsup:error Error processing Fotoalbums/03_KT_Knud_Thomassen/20260503_081517.jpg -> media/large/Fotoalbums/03_KT_Knud_Thomassen/20260503_081517.jpg
2026-05-30T05:59:24.082Z thumbsup:error Error: Command failed: gm composite: Corrupt JPEG data: 2 extraneous bytes before marker 0xd4 (/home/lsolesen/projects/historie-gallery/images/Fotoalbums/03_KT_Knud_Thomassen/20260503_081517.jpg).
2026-05-30T05:59:24.082Z thumbsup:error 
2026-05-30T05:59:24.160Z thumbsup:error Error processing Fotoalbums/03_KT_Knud_Thomassen/20260503_081524.jpg -> media/thumbs/Fotoalbums/03_KT_Knud_Thomassen/20260503_081524.jpg
2026-05-30T05:59:24.160Z thumbsup:error Error: Command failed: gm convert: Corrupt JPEG data: 1 extraneous bytes before marker 0xd7 (/home/lsolesen/projects/historie-gallery/images/Fotoalbums/03_KT_Knud_Thomassen/20260503_081524.jpg).
2026-05-30T05:59:24.160Z thumbsup:error 
2026-05-30T05:59:24.170Z thumbsup:error Error processing Fotoalbums/03_KT_Knud_Thomassen/20260503_081524.jpg -> media/large/Fotoalbums/03_KT_Knud_Thomassen/20260503_081524.jpg
2026-05-30T05:59:24.170Z thumbsup:error Error: Command failed: gm composite: Corrupt JPEG data: 1 extraneous bytes before marker 0xd7 (/home/lsolesen/projects/historie-gallery/images/Fotoalbums/03_KT_Knud_Thomassen/20260503_081524.jpg).
2026-05-30T05:59:24.170Z thumbsup:error 
2026-05-30T05:59:24.212Z thumbsup:error Error processing Fotoalbums/03_KT_Knud_Thomassen/20260503_081507.jpg -> media/small/Fotoalbums/03_KT_Knud_Thomassen/20260503_081507.jpg
2026-05-30T05:59:24.212Z thumbsup:error Error: Command failed: gm convert: Corrupt JPEG data: 5 extraneous bytes before marker 0xd2 (/home/lsolesen/projects/historie-gallery/images/Fotoalbums/03_KT_Knud_Thomassen/20260503_081507.jpg).
2026-05-30T05:59:24.212Z thumbsup:error 
2026-05-30T05:59:24.280Z thumbsup:error Error processing Fotoalbums/03_KT_Knud_Thomassen/20260503_081514.jpg -> media/small/Fotoalbums/03_KT_Knud_Thomassen/20260503_081514.jpg
2026-05-30T05:59:24.280Z thumbsup:error Error: Command failed: gm convert: Corrupt JPEG data: 5 extraneous bytes before marker 0xd6 (/home/lsolesen/projects/historie-gallery/images/Fotoalbums/03_KT_Knud_Thomassen/20260503_081514.jpg).
2026-05-30T05:59:24.280Z thumbsup:error 
2026-05-30T05:59:24.281Z thumbsup:error Error processing Fotoalbums/03_KT_Knud_Thomassen/20260503_081514.jpg -> media/large/Fotoalbums/03_KT_Knud_Thomassen/20260503_081514.jpg
2026-05-30T05:59:24.281Z thumbsup:error Error: Command failed: gm composite: Corrupt JPEG data: 5 extraneous bytes before marker 0xd6 (/home/lsolesen/projects/historie-gallery/images/Fotoalbums/03_KT_Knud_Thomassen/20260503_081514.jpg).
2026-05-30T05:59:24.281Z thumbsup:error 
2026-05-30T05:59:24.456Z thumbsup:error Error processing Fotoalbums/03_KT_Knud_Thomassen/20260503_081514.jpg -> media/thumbs/Fotoalbums/03_KT_Knud_Thomassen/20260503_081514.jpg
2026-05-30T05:59:24.456Z thumbsup:error Error: Command failed: gm convert: Corrupt JPEG data: 5 extraneous bytes before marker 0xd6 (/home/lsolesen/projects/historie-gallery/images/Fotoalbums/03_KT_Knud_Thomassen/20260503_081514.jpg).
2026-05-30T05:59:24.456Z thumbsup:error 
2026-05-30T05:59:24.528Z thumbsup:error Error processing Fotoalbums/03_KT_Knud_Thomassen/20260503_081507.jpg -> media/large/Fotoalbums/03_KT_Knud_Thomassen/20260503_081507.jpg
2026-05-30T05:59:24.528Z thumbsup:error Error: Command failed: gm composite: Corrupt JPEG data: 5 extraneous bytes before marker 0xd2 (/home/lsolesen/projects/historie-gallery/images/Fotoalbums/03_KT_Knud_Thomassen/20260503_081507.jpg).
2026-05-30T05:59:24.528Z thumbsup:error 
2026-05-30T05:59:24.577Z thumbsup:error Error processing Fotoalbums/03_KT_Knud_Thomassen/20260503_081510.jpg -> media/large/Fotoalbums/03_KT_Knud_Thomassen/20260503_081510.jpg
2026-05-30T05:59:24.577Z thumbsup:error Error: Command failed: gm composite: Corrupt JPEG data: 5 extraneous bytes before marker 0xd5 (/home/lsolesen/projects/historie-gallery/images/Fotoalbums/03_KT_Knud_Thomassen/20260503_081510.jpg).
2026-05-30T05:59:24.577Z thumbsup:error 
2026-05-30T05:59:24.577Z thumbsup:error Error processing Fotoalbums/03_KT_Knud_Thomassen/20260503_081534.jpg -> media/large/Fotoalbums/03_KT_Knud_Thomassen/20260503_081534.jpg
2026-05-30T05:59:24.577Z thumbsup:error Error: Command failed: gm composite: Corrupt JPEG data: 1 extraneous bytes before marker 0xd7 (/home/lsolesen/projects/historie-gallery/images/Fotoalbums/03_KT_Knud_Thomassen/20260503_081534.jpg).
2026-05-30T05:59:24.577Z thumbsup:error 
2026-05-30T05:59:24.577Z thumbsup:error Error processing Fotoalbums/03_KT_Knud_Thomassen/20260503_081534.jpg -> media/thumbs/Fotoalbums/03_KT_Knud_Thomassen/20260503_081534.jpg
2026-05-30T05:59:24.577Z thumbsup:error Error: Command failed: gm convert: Corrupt JPEG data: 1 extraneous bytes before marker 0xd7 (/home/lsolesen/projects/historie-gallery/images/Fotoalbums/03_KT_Knud_Thomassen/20260503_081534.jpg).
2026-05-30T05:59:24.577Z thumbsup:error 
2026-05-30T05:59:24.577Z thumbsup:error Error processing Fotoalbums/03_KT_Knud_Thomassen/20260503_081510.jpg -> media/small/Fotoalbums/03_KT_Knud_Thomassen/20260503_081510.jpg
2026-05-30T05:59:24.577Z thumbsup:error Error: Command failed: gm convert: Corrupt JPEG data: 5 extraneous bytes before marker 0xd5 (/home/lsolesen/projects/historie-gallery/images/Fotoalbums/03_KT_Knud_Thomassen/20260503_081510.jpg).
2026-05-30T05:59:24.577Z thumbsup:error 
2026-05-30T05:59:24.577Z thumbsup:error Error processing Fotoalbums/03_KT_Knud_Thomassen/20260503_081524.jpg -> media/small/Fotoalbums/03_KT_Knud_Thomassen/20260503_081524.jpg
2026-05-30T05:59:24.577Z thumbsup:error Error: Command failed: gm convert: Corrupt JPEG data: 1 extraneous bytes before marker 0xd7 (/home/lsolesen/projects/historie-gallery/images/Fotoalbums/03_KT_Knud_Thomassen/20260503_081524.jpg).
2026-05-30T05:59:24.577Z thumbsup:error 
2026-05-30T05:59:25.031Z thumbsup:error Error processing Fotoalbums/03_KT_Knud_Thomassen/20260503_081507.jpg -> media/thumbs/Fotoalbums/03_KT_Knud_Thomassen/20260503_081507.jpg
2026-05-30T05:59:25.031Z thumbsup:error Error: Command failed: gm convert: Corrupt JPEG data: 5 extraneous bytes before marker 0xd2 (/home/lsolesen/projects/historie-gallery/images/Fotoalbums/03_KT_Knud_Thomassen/20260503_081507.jpg).
2026-05-30T05:59:25.031Z thumbsup:error 
2026-05-30T05:59:25.228Z thumbsup:error Error processing Fotoalbums/03_KT_Knud_Thomassen/20260503_081510.jpg -> media/thumbs/Fotoalbums/03_KT_Knud_Thomassen/20260503_081510.jpg
2026-05-30T05:59:25.228Z thumbsup:error Error: Command failed: gm convert: Corrupt JPEG data: 5 extraneous bytes before marker 0xd5 (/home/lsolesen/projects/historie-gallery/images/Fotoalbums/03_KT_Knud_Thomassen/20260503_081510.jpg).
2026-05-30T05:59:25.228Z thumbsup:error 
2026-05-30T05:59:25.828Z thumbsup:error Error processing Fotoalbums/03_KT_Knud_Thomassen/20260503_081534.jpg -> media/small/Fotoalbums/03_KT_Knud_Thomassen/20260503_081534.jpg
2026-05-30T05:59:25.828Z thumbsup:error Error: Command failed: gm convert: Corrupt JPEG data: 1 extraneous bytes before marker 0xd7 (/home/lsolesen/projects/historie-gallery/images/Fotoalbums/03_KT_Knud_Thomassen/20260503_081534.jpg).
2026-05-30T05:59:25.828Z thumbsup:error 
2026-05-30T05:59:50.744Z thumbsup:error Error processing Fotoalbums/03_KT_Knud_Thomassen/KT21.jpg -> media/thumbs/Fotoalbums/03_KT_Knud_Thomassen/KT21.jpg
2026-05-30T05:59:50.744Z thumbsup:error Error: Command failed: gm convert: Corrupt JPEG data: 2 extraneous bytes before marker 0xd1 (/home/lsolesen/projects/historie-gallery/images/Fotoalbums/03_KT_Knud_Thomassen/KT21.jpg).
2026-05-30T05:59:50.744Z thumbsup:error 
2026-05-30T05:59:51.098Z thumbsup:error Error processing Fotoalbums/03_KT_Knud_Thomassen/KT21.jpg -> media/small/Fotoalbums/03_KT_Knud_Thomassen/KT21.jpg
2026-05-30T05:59:51.098Z thumbsup:error Error: Command failed: gm convert: Corrupt JPEG data: 2 extraneous bytes before marker 0xd1 (/home/lsolesen/projects/historie-gallery/images/Fotoalbums/03_KT_Knud_Thomassen/KT21.jpg).
2026-05-30T05:59:51.098Z thumbsup:error 
2026-05-30T05:59:51.543Z thumbsup:error Error processing Fotoalbums/03_KT_Knud_Thomassen/KT21.jpg -> media/large/Fotoalbums/03_KT_Knud_Thomassen/KT21.jpg
2026-05-30T05:59:51.543Z thumbsup:error Error: Command failed: gm composite: Corrupt JPEG data: 2 extraneous bytes before marker 0xd1 (/home/lsolesen/projects/historie-gallery/images/Fotoalbums/03_KT_Knud_Thomassen/KT21.jpg).
2026-05-30T05:59:51.543Z thumbsup:error 
2026-05-30T05:59:51.837Z thumbsup:error Error processing Fotoalbums/03_KT_Knud_Thomassen/KT23.jpg -> media/thumbs/Fotoalbums/03_KT_Knud_Thomassen/KT23.jpg
2026-05-30T05:59:51.837Z thumbsup:error Error: Command failed: gm convert: Corrupt JPEG data: 1 extraneous bytes before marker 0xd7 (/home/lsolesen/projects/historie-gallery/images/Fotoalbums/03_KT_Knud_Thomassen/KT23.jpg).
2026-05-30T05:59:51.837Z thumbsup:error 
2026-05-30T05:59:51.920Z thumbsup:error Error processing Fotoalbums/03_KT_Knud_Thomassen/KT22.jpg -> media/large/Fotoalbums/03_KT_Knud_Thomassen/KT22.jpg
2026-05-30T05:59:51.920Z thumbsup:error Error: Command failed: gm composite: Corrupt JPEG data: 5 extraneous bytes before marker 0xd5 (/home/lsolesen/projects/historie-gallery/images/Fotoalbums/03_KT_Knud_Thomassen/KT22.jpg).
2026-05-30T05:59:51.920Z thumbsup:error 
2026-05-30T05:59:51.962Z thumbsup:error Error processing Fotoalbums/03_KT_Knud_Thomassen/KT22.jpg -> media/small/Fotoalbums/03_KT_Knud_Thomassen/KT22.jpg
2026-05-30T05:59:51.962Z thumbsup:error Error: Command failed: gm convert: Corrupt JPEG data: 5 extraneous bytes before marker 0xd5 (/home/lsolesen/projects/historie-gallery/images/Fotoalbums/03_KT_Knud_Thomassen/KT22.jpg).
2026-05-30T05:59:51.962Z thumbsup:error 
2026-05-30T05:59:52.305Z thumbsup:error Error processing Fotoalbums/03_KT_Knud_Thomassen/KT23.jpg -> media/small/Fotoalbums/03_KT_Knud_Thomassen/KT23.jpg
2026-05-30T05:59:52.305Z thumbsup:error Error: Command failed: gm convert: Corrupt JPEG data: 1 extraneous bytes before marker 0xd7 (/home/lsolesen/projects/historie-gallery/images/Fotoalbums/03_KT_Knud_Thomassen/KT23.jpg).
2026-05-30T05:59:52.305Z thumbsup:error 
2026-05-30T05:59:52.724Z thumbsup:error Error processing Fotoalbums/03_KT_Knud_Thomassen/KT24.jpg -> media/small/Fotoalbums/03_KT_Knud_Thomassen/KT24.jpg
2026-05-30T05:59:52.724Z thumbsup:error Error: Command failed: gm convert: Corrupt JPEG data: 1 extraneous bytes before marker 0xd3 (/home/lsolesen/projects/historie-gallery/images/Fotoalbums/03_KT_Knud_Thomassen/KT24.jpg).
2026-05-30T05:59:52.724Z thumbsup:error 
2026-05-30T05:59:52.876Z thumbsup:error Error processing Fotoalbums/03_KT_Knud_Thomassen/KT24.jpg -> media/large/Fotoalbums/03_KT_Knud_Thomassen/KT24.jpg
2026-05-30T05:59:52.876Z thumbsup:error Error: Command failed: gm composite: Corrupt JPEG data: 1 extraneous bytes before marker 0xd3 (/home/lsolesen/projects/historie-gallery/images/Fotoalbums/03_KT_Knud_Thomassen/KT24.jpg).
2026-05-30T05:59:52.876Z thumbsup:error 
2026-05-30T05:59:52.915Z thumbsup:error Error processing Fotoalbums/03_KT_Knud_Thomassen/KT23.jpg -> media/large/Fotoalbums/03_KT_Knud_Thomassen/KT23.jpg
2026-05-30T05:59:52.915Z thumbsup:error Error: Command failed: gm composite: Corrupt JPEG data: 1 extraneous bytes before marker 0xd7 (/home/lsolesen/projects/historie-gallery/images/Fotoalbums/03_KT_Knud_Thomassen/KT23.jpg).
2026-05-30T05:59:52.915Z thumbsup:error 
2026-05-30T05:59:53.385Z thumbsup:error Error processing Fotoalbums/03_KT_Knud_Thomassen/KT22.jpg -> media/thumbs/Fotoalbums/03_KT_Knud_Thomassen/KT22.jpg
2026-05-30T05:59:53.385Z thumbsup:error Error: Command failed: gm convert: Corrupt JPEG data: 5 extraneous bytes before marker 0xd5 (/home/lsolesen/projects/historie-gallery/images/Fotoalbums/03_KT_Knud_Thomassen/KT22.jpg).
2026-05-30T05:59:53.385Z thumbsup:error 
2026-05-30T05:59:53.518Z thumbsup:error Error processing Fotoalbums/03_KT_Knud_Thomassen/KT24.jpg -> media/thumbs/Fotoalbums/03_KT_Knud_Thomassen/KT24.jpg
2026-05-30T05:59:53.518Z thumbsup:error Error: Command failed: gm convert: Corrupt JPEG data: 1 extraneous bytes before marker 0xd3 (/home/lsolesen/projects/historie-gallery/images/Fotoalbums/03_KT_Knud_Thomassen/KT24.jpg).
2026-05-30T05:59:53.518Z thumbsup:error 
2026-05-30T05:59:53.917Z thumbsup:error Error processing Fotoalbums/03_KT_Knud_Thomassen/KT25.jpg -> media/thumbs/Fotoalbums/03_KT_Knud_Thomassen/KT25.jpg
2026-05-30T05:59:53.917Z thumbsup:error Error: Command failed: gm convert: Corrupt JPEG data: 1 extraneous bytes before marker 0xd6 (/home/lsolesen/projects/historie-gallery/images/Fotoalbums/03_KT_Knud_Thomassen/KT25.jpg).
2026-05-30T05:59:53.917Z thumbsup:error 
2026-05-30T05:59:54.028Z thumbsup:error Error processing Fotoalbums/03_KT_Knud_Thomassen/KT25.jpg -> media/large/Fotoalbums/03_KT_Knud_Thomassen/KT25.jpg
2026-05-30T05:59:54.028Z thumbsup:error Error: Command failed: gm composite: Corrupt JPEG data: 1 extraneous bytes before marker 0xd6 (/home/lsolesen/projects/historie-gallery/images/Fotoalbums/03_KT_Knud_Thomassen/KT25.jpg).
2026-05-30T05:59:54.028Z thumbsup:error 
2026-05-30T05:59:54.176Z thumbsup:error Error processing Fotoalbums/03_KT_Knud_Thomassen/KT25.jpg -> media/small/Fotoalbums/03_KT_Knud_Thomassen/KT25.jpg
2026-05-30T05:59:54.176Z thumbsup:error Error: Command failed: gm convert: Corrupt JPEG data: 1 extraneous bytes before marker 0xd6 (/home/lsolesen/projects/historie-gallery/images/Fotoalbums/03_KT_Knud_Thomassen/KT25.jpg).
2026-05-30T05:59:54.176Z thumbsup:error 
2026-05-30T05:59:54.973Z thumbsup:error Error processing Fotoalbums/03_KT_Knud_Thomassen/KT27.jpg -> media/large/Fotoalbums/03_KT_Knud_Thomassen/KT27.jpg
2026-05-30T05:59:54.973Z thumbsup:error Error: Command failed: gm composite: Corrupt JPEG data: 2 extraneous bytes before marker 0xd7 (/home/lsolesen/projects/historie-gallery/images/Fotoalbums/03_KT_Knud_Thomassen/KT27.jpg).
2026-05-30T05:59:54.973Z thumbsup:error 
2026-05-30T05:59:55.076Z thumbsup:error Error processing Fotoalbums/03_KT_Knud_Thomassen/KT26.jpg -> media/large/Fotoalbums/03_KT_Knud_Thomassen/KT26.jpg
2026-05-30T05:59:55.076Z thumbsup:error Error: Command failed: gm composite: Corrupt JPEG data: 3 extraneous bytes before marker 0xd2 (/home/lsolesen/projects/historie-gallery/images/Fotoalbums/03_KT_Knud_Thomassen/KT26.jpg).
2026-05-30T05:59:55.076Z thumbsup:error 
2026-05-30T05:59:55.117Z thumbsup:error Error processing Fotoalbums/03_KT_Knud_Thomassen/KT27.jpg -> media/thumbs/Fotoalbums/03_KT_Knud_Thomassen/KT27.jpg
2026-05-30T05:59:55.117Z thumbsup:error Error: Command failed: gm convert: Corrupt JPEG data: 2 extraneous bytes before marker 0xd7 (/home/lsolesen/projects/historie-gallery/images/Fotoalbums/03_KT_Knud_Thomassen/KT27.jpg).
2026-05-30T05:59:55.117Z thumbsup:error 
2026-05-30T05:59:55.178Z thumbsup:error Error processing Fotoalbums/03_KT_Knud_Thomassen/KT27.jpg -> media/small/Fotoalbums/03_KT_Knud_Thomassen/KT27.jpg
2026-05-30T05:59:55.178Z thumbsup:error Error: Command failed: gm convert: Corrupt JPEG data: 2 extraneous bytes before marker 0xd7 (/home/lsolesen/projects/historie-gallery/images/Fotoalbums/03_KT_Knud_Thomassen/KT27.jpg).
2026-05-30T05:59:55.178Z thumbsup:error 
2026-05-30T05:59:55.223Z thumbsup:error Error processing Fotoalbums/03_KT_Knud_Thomassen/KT26.jpg -> media/thumbs/Fotoalbums/03_KT_Knud_Thomassen/KT26.jpg
2026-05-30T05:59:55.223Z thumbsup:error Error: Command failed: gm convert: Corrupt JPEG data: 3 extraneous bytes before marker 0xd2 (/home/lsolesen/projects/historie-gallery/images/Fotoalbums/03_KT_Knud_Thomassen/KT26.jpg).
2026-05-30T05:59:55.223Z thumbsup:error 
2026-05-30T05:59:55.337Z thumbsup:error Error processing Fotoalbums/03_KT_Knud_Thomassen/KT26.jpg -> media/small/Fotoalbums/03_KT_Knud_Thomassen/KT26.jpg
2026-05-30T05:59:55.337Z thumbsup:error Error: Command failed: gm convert: Corrupt JPEG data: 3 extraneous bytes before marker 0xd2 (/home/lsolesen/projects/historie-gallery/images/Fotoalbums/03_KT_Knud_Thomassen/KT26.jpg).
2026-05-30T05:59:55.337Z thumbsup:error 
2026-05-30T05:59:55.556Z thumbsup:error Error processing Fotoalbums/03_KT_Knud_Thomassen/KT28.jpg -> media/thumbs/Fotoalbums/03_KT_Knud_Thomassen/KT28.jpg
2026-05-30T05:59:55.556Z thumbsup:error Error: Command failed: gm convert: Corrupt JPEG data: 1 extraneous bytes before marker 0xd0 (/home/lsolesen/projects/historie-gallery/images/Fotoalbums/03_KT_Knud_Thomassen/KT28.jpg).
2026-05-30T05:59:55.556Z thumbsup:error 
2026-05-30T05:59:55.639Z thumbsup:error Error processing Fotoalbums/03_KT_Knud_Thomassen/KT28.jpg -> media/small/Fotoalbums/03_KT_Knud_Thomassen/KT28.jpg
2026-05-30T05:59:55.639Z thumbsup:error Error: Command failed: gm convert: Corrupt JPEG data: 1 extraneous bytes before marker 0xd0 (/home/lsolesen/projects/historie-gallery/images/Fotoalbums/03_KT_Knud_Thomassen/KT28.jpg).
2026-05-30T05:59:55.639Z thumbsup:error 
2026-05-30T05:59:55.739Z thumbsup:error Error processing Fotoalbums/03_KT_Knud_Thomassen/KT28.jpg -> media/large/Fotoalbums/03_KT_Knud_Thomassen/KT28.jpg
2026-05-30T05:59:55.739Z thumbsup:error Error: Command failed: gm composite: Corrupt JPEG data: 1 extraneous bytes before marker 0xd0 (/home/lsolesen/projects/historie-gallery/images/Fotoalbums/03_KT_Knud_Thomassen/KT28.jpg).
2026-05-30T05:59:55.739Z thumbsup:error 
2026-05-30T05:59:57.079Z thumbsup:error Error processing Fotoalbums/03_KT_Knud_Thomassen/KT29.jpg -> media/thumbs/Fotoalbums/03_KT_Knud_Thomassen/KT29.jpg
2026-05-30T05:59:57.079Z thumbsup:error Error: Command failed: gm convert: Corrupt JPEG data: 1 extraneous bytes before marker 0xd3 (/home/lsolesen/projects/historie-gallery/images/Fotoalbums/03_KT_Knud_Thomassen/KT29.jpg).
2026-05-30T05:59:57.079Z thumbsup:error 
2026-05-30T05:59:57.281Z thumbsup:error Error processing Fotoalbums/03_KT_Knud_Thomassen/KT29.jpg -> media/large/Fotoalbums/03_KT_Knud_Thomassen/KT29.jpg
2026-05-30T05:59:57.281Z thumbsup:error Error: Command failed: gm composite: Corrupt JPEG data: 1 extraneous bytes before marker 0xd3 (/home/lsolesen/projects/historie-gallery/images/Fotoalbums/03_KT_Knud_Thomassen/KT29.jpg).
2026-05-30T05:59:57.281Z thumbsup:error 
2026-05-30T05:59:58.497Z thumbsup:error Error processing Fotoalbums/03_KT_Knud_Thomassen/KT29.jpg -> media/small/Fotoalbums/03_KT_Knud_Thomassen/KT29.jpg
2026-05-30T05:59:58.497Z thumbsup:error Error: Command failed: gm convert: Corrupt JPEG data: 1 extraneous bytes before marker 0xd3 (/home/lsolesen/projects/historie-gallery/images/Fotoalbums/03_KT_Knud_Thomassen/KT29.jpg).
2026-05-30T05:59:58.497Z thumbsup:error 
2026-05-30T05:59:58.588Z thumbsup:error Error processing Fotoalbums/03_KT_Knud_Thomassen/KT30.jpg -> media/large/Fotoalbums/03_KT_Knud_Thomassen/KT30.jpg
2026-05-30T05:59:58.588Z thumbsup:error Error: Command failed: gm composite: Corrupt JPEG data: 2 extraneous bytes before marker 0xd2 (/home/lsolesen/projects/historie-gallery/images/Fotoalbums/03_KT_Knud_Thomassen/KT30.jpg).
2026-05-30T05:59:58.588Z thumbsup:error 
2026-05-30T05:59:58.765Z thumbsup:error Error processing Fotoalbums/03_KT_Knud_Thomassen/KT30.jpg -> media/thumbs/Fotoalbums/03_KT_Knud_Thomassen/KT30.jpg
2026-05-30T05:59:58.765Z thumbsup:error Error: Command failed: gm convert: Corrupt JPEG data: 2 extraneous bytes before marker 0xd2 (/home/lsolesen/projects/historie-gallery/images/Fotoalbums/03_KT_Knud_Thomassen/KT30.jpg).
2026-05-30T05:59:58.765Z thumbsup:error 
2026-05-30T05:59:59.293Z thumbsup:error Error processing Fotoalbums/03_KT_Knud_Thomassen/KT30.jpg -> media/small/Fotoalbums/03_KT_Knud_Thomassen/KT30.jpg
2026-05-30T05:59:59.293Z thumbsup:error Error: Command failed: gm convert: Corrupt JPEG data: 2 extraneous bytes before marker 0xd2 (/home/lsolesen/projects/historie-gallery/images/Fotoalbums/03_KT_Knud_Thomassen/KT30.jpg).
2026-05-30T05:59:59.293Z thumbsup:error 
2026-05-30T06:00:01.840Z thumbsup:error Error processing Fotoalbums/05_BS_Spraglet_Fotoalbum/BS1.jpg -> media/small/Fotoalbums/05_BS_Spraglet_Fotoalbum/BS1.jpg
2026-05-30T06:00:01.840Z thumbsup:error Error: Command failed: gm convert: Corrupt JPEG data: 2 extraneous bytes before marker 0xd7 (/home/lsolesen/projects/historie-gallery/images/Fotoalbums/05_BS_Spraglet_Fotoalbum/BS1.jpg).
2026-05-30T06:00:01.840Z thumbsup:error 
2026-05-30T06:00:01.953Z thumbsup:error Error processing Fotoalbums/05_BS_Spraglet_Fotoalbum/BS1.jpg -> media/large/Fotoalbums/05_BS_Spraglet_Fotoalbum/BS1.jpg
2026-05-30T06:00:01.953Z thumbsup:error Error: Command failed: gm composite: Corrupt JPEG data: 2 extraneous bytes before marker 0xd7 (/home/lsolesen/projects/historie-gallery/images/Fotoalbums/05_BS_Spraglet_Fotoalbum/BS1.jpg).
2026-05-30T06:00:01.953Z thumbsup:error 
2026-05-30T06:00:02.037Z thumbsup:error Error processing Fotoalbums/05_BS_Spraglet_Fotoalbum/BS1.jpg -> media/thumbs/Fotoalbums/05_BS_Spraglet_Fotoalbum/BS1.jpg
2026-05-30T06:00:02.037Z thumbsup:error Error: Command failed: gm convert: Corrupt JPEG data: 2 extraneous bytes before marker 0xd7 (/home/lsolesen/projects/historie-gallery/images/Fotoalbums/05_BS_Spraglet_Fotoalbum/BS1.jpg).
2026-05-30T06:00:02.037Z thumbsup:error 
2026-05-30T06:00:42.340Z thumbsup:error Error processing Fotoalbums/04_BF_Blåt_Småt_Fotoalbum/BF3-20260511_203622.jpg -> media/thumbs/Fotoalbums/04_BF_Blåt_Småt_Fotoalbum/BF3-20260511_203622.jpg
2026-05-30T06:00:42.340Z thumbsup:error Error: Command failed: gm convert: Corrupt JPEG data: 6 extraneous bytes before marker 0xd7 (/home/lsolesen/projects/historie-gallery/images/Fotoalbums/04_BF_Blåt_Småt_Fotoalbum/BF3-20260511_203622.jpg).
2026-05-30T06:00:42.340Z thumbsup:error 
2026-05-30T06:00:42.438Z thumbsup:error Error processing Fotoalbums/04_BF_Blåt_Småt_Fotoalbum/BF5-20260511_203649.jpg -> media/thumbs/Fotoalbums/04_BF_Blåt_Småt_Fotoalbum/BF5-20260511_203649.jpg
2026-05-30T06:00:42.438Z thumbsup:error Error: Command failed: gm convert: Corrupt JPEG data: 1 extraneous bytes before marker 0xd3 (/home/lsolesen/projects/historie-gallery/images/Fotoalbums/04_BF_Blåt_Småt_Fotoalbum/BF5-20260511_203649.jpg).
2026-05-30T06:00:42.438Z thumbsup:error 
2026-05-30T06:00:42.585Z thumbsup:error Error processing Fotoalbums/04_BF_Blåt_Småt_Fotoalbum/BF3-20260511_203622.jpg -> media/small/Fotoalbums/04_BF_Blåt_Småt_Fotoalbum/BF3-20260511_203622.jpg
2026-05-30T06:00:42.585Z thumbsup:error Error: Command failed: gm convert: Corrupt JPEG data: 6 extraneous bytes before marker 0xd7 (/home/lsolesen/projects/historie-gallery/images/Fotoalbums/04_BF_Blåt_Småt_Fotoalbum/BF3-20260511_203622.jpg).
2026-05-30T06:00:42.585Z thumbsup:error 
2026-05-30T06:00:42.618Z thumbsup:error Error processing Fotoalbums/04_BF_Blåt_Småt_Fotoalbum/BF54-20260511_204418.jpg -> media/thumbs/Fotoalbums/04_BF_Blåt_Småt_Fotoalbum/BF54-20260511_204418.jpg
2026-05-30T06:00:42.618Z thumbsup:error Error: Command failed: gm convert: Corrupt JPEG data: 4 extraneous bytes before marker 0xd2 (/home/lsolesen/projects/historie-gallery/images/Fotoalbums/04_BF_Blåt_Småt_Fotoalbum/BF54-20260511_204418.jpg).
2026-05-30T06:00:42.618Z thumbsup:error 
2026-05-30T06:00:42.630Z thumbsup:error Error processing Fotoalbums/04_BF_Blåt_Småt_Fotoalbum/BF55-20260511_204427.jpg -> media/thumbs/Fotoalbums/04_BF_Blåt_Småt_Fotoalbum/BF55-20260511_204427.jpg
2026-05-30T06:00:42.630Z thumbsup:error Error: Command failed: gm convert: Corrupt JPEG data: 1 extraneous bytes before marker 0xd7 (/home/lsolesen/projects/historie-gallery/images/Fotoalbums/04_BF_Blåt_Småt_Fotoalbum/BF55-20260511_204427.jpg).
2026-05-30T06:00:42.630Z thumbsup:error 
2026-05-30T06:00:42.642Z thumbsup:error Error processing Fotoalbums/04_BF_Blåt_Småt_Fotoalbum/BF5-20260511_203649.jpg -> media/large/Fotoalbums/04_BF_Blåt_Småt_Fotoalbum/BF5-20260511_203649.jpg
2026-05-30T06:00:42.642Z thumbsup:error Error: Command failed: gm composite: Corrupt JPEG data: 1 extraneous bytes before marker 0xd3 (/home/lsolesen/projects/historie-gallery/images/Fotoalbums/04_BF_Blåt_Småt_Fotoalbum/BF5-20260511_203649.jpg).
2026-05-30T06:00:42.642Z thumbsup:error 
2026-05-30T06:00:42.723Z thumbsup:error Error processing Fotoalbums/04_BF_Blåt_Småt_Fotoalbum/BF5-20260511_203649.jpg -> media/small/Fotoalbums/04_BF_Blåt_Småt_Fotoalbum/BF5-20260511_203649.jpg
2026-05-30T06:00:42.723Z thumbsup:error Error: Command failed: gm convert: Corrupt JPEG data: 1 extraneous bytes before marker 0xd3 (/home/lsolesen/projects/historie-gallery/images/Fotoalbums/04_BF_Blåt_Småt_Fotoalbum/BF5-20260511_203649.jpg).
2026-05-30T06:00:42.723Z thumbsup:error 
2026-05-30T06:00:42.961Z thumbsup:error Error processing Fotoalbums/04_BF_Blåt_Småt_Fotoalbum/BF3-20260511_203622.jpg -> media/large/Fotoalbums/04_BF_Blåt_Småt_Fotoalbum/BF3-20260511_203622.jpg
2026-05-30T06:00:42.961Z thumbsup:error Error: Command failed: gm composite: Corrupt JPEG data: 6 extraneous bytes before marker 0xd7 (/home/lsolesen/projects/historie-gallery/images/Fotoalbums/04_BF_Blåt_Småt_Fotoalbum/BF3-20260511_203622.jpg).
2026-05-30T06:00:42.961Z thumbsup:error 
2026-05-30T06:00:42.994Z thumbsup:error Error processing Fotoalbums/04_BF_Blåt_Småt_Fotoalbum/BF55-20260511_204427.jpg -> media/small/Fotoalbums/04_BF_Blåt_Småt_Fotoalbum/BF55-20260511_204427.jpg
2026-05-30T06:00:42.994Z thumbsup:error Error: Command failed: gm convert: Corrupt JPEG data: 1 extraneous bytes before marker 0xd7 (/home/lsolesen/projects/historie-gallery/images/Fotoalbums/04_BF_Blåt_Småt_Fotoalbum/BF55-20260511_204427.jpg).
2026-05-30T06:00:42.994Z thumbsup:error 
2026-05-30T06:00:43.068Z thumbsup:error Error processing Fotoalbums/04_BF_Blåt_Småt_Fotoalbum/BF54-20260511_204418.jpg -> media/large/Fotoalbums/04_BF_Blåt_Småt_Fotoalbum/BF54-20260511_204418.jpg
2026-05-30T06:00:43.068Z thumbsup:error Error: Command failed: gm composite: Corrupt JPEG data: 4 extraneous bytes before marker 0xd2 (/home/lsolesen/projects/historie-gallery/images/Fotoalbums/04_BF_Blåt_Småt_Fotoalbum/BF54-20260511_204418.jpg).
2026-05-30T06:00:43.068Z thumbsup:error 
2026-05-30T06:00:43.068Z thumbsup:error Error processing Fotoalbums/04_BF_Blåt_Småt_Fotoalbum/BF55-20260511_204427.jpg -> media/large/Fotoalbums/04_BF_Blåt_Småt_Fotoalbum/BF55-20260511_204427.jpg
2026-05-30T06:00:43.068Z thumbsup:error Error: Command failed: gm composite: Corrupt JPEG data: 1 extraneous bytes before marker 0xd7 (/home/lsolesen/projects/historie-gallery/images/Fotoalbums/04_BF_Blåt_Småt_Fotoalbum/BF55-20260511_204427.jpg).
2026-05-30T06:00:43.068Z thumbsup:error 
2026-05-30T06:00:43.437Z thumbsup:error Error processing Fotoalbums/04_BF_Blåt_Småt_Fotoalbum/BF59-20260511_204508.jpg -> media/large/Fotoalbums/04_BF_Blåt_Småt_Fotoalbum/BF59-20260511_204508.jpg
2026-05-30T06:00:43.437Z thumbsup:error Error: Command failed: gm composite: Corrupt JPEG data: 1 extraneous bytes before marker 0xd4 (/home/lsolesen/projects/historie-gallery/images/Fotoalbums/04_BF_Blåt_Småt_Fotoalbum/BF59-20260511_204508.jpg).
2026-05-30T06:00:43.437Z thumbsup:error 
2026-05-30T06:00:43.453Z thumbsup:error Error processing Fotoalbums/04_BF_Blåt_Småt_Fotoalbum/BF56-20260511_204438.jpg -> media/large/Fotoalbums/04_BF_Blåt_Småt_Fotoalbum/BF56-20260511_204438.jpg
2026-05-30T06:00:43.453Z thumbsup:error Error: Command failed: gm composite: Corrupt JPEG data: 4 extraneous bytes before marker 0xd7 (/home/lsolesen/projects/historie-gallery/images/Fotoalbums/04_BF_Blåt_Småt_Fotoalbum/BF56-20260511_204438.jpg).
2026-05-30T06:00:43.453Z thumbsup:error 
2026-05-30T06:00:43.462Z thumbsup:error Error processing Fotoalbums/04_BF_Blåt_Småt_Fotoalbum/BF56-20260511_204438.jpg -> media/thumbs/Fotoalbums/04_BF_Blåt_Småt_Fotoalbum/BF56-20260511_204438.jpg
2026-05-30T06:00:43.462Z thumbsup:error Error: Command failed: gm convert: Corrupt JPEG data: 4 extraneous bytes before marker 0xd7 (/home/lsolesen/projects/historie-gallery/images/Fotoalbums/04_BF_Blåt_Småt_Fotoalbum/BF56-20260511_204438.jpg).
2026-05-30T06:00:43.462Z thumbsup:error 
2026-05-30T06:00:43.630Z thumbsup:error Error processing Fotoalbums/04_BF_Blåt_Småt_Fotoalbum/BF58-20260511_204500.jpg -> media/thumbs/Fotoalbums/04_BF_Blåt_Småt_Fotoalbum/BF58-20260511_204500.jpg
2026-05-30T06:00:43.630Z thumbsup:error Error: Command failed: gm convert: Corrupt JPEG data: 1 extraneous bytes before marker 0xd7 (/home/lsolesen/projects/historie-gallery/images/Fotoalbums/04_BF_Blåt_Småt_Fotoalbum/BF58-20260511_204500.jpg).
2026-05-30T06:00:43.630Z thumbsup:error 
2026-05-30T06:00:43.666Z thumbsup:error Error processing Fotoalbums/04_BF_Blåt_Småt_Fotoalbum/BF57-20260511_204450.jpg -> media/thumbs/Fotoalbums/04_BF_Blåt_Småt_Fotoalbum/BF57-20260511_204450.jpg
2026-05-30T06:00:43.666Z thumbsup:error Error: Command failed: gm convert: Corrupt JPEG data: 3 extraneous bytes before marker 0xd7 (/home/lsolesen/projects/historie-gallery/images/Fotoalbums/04_BF_Blåt_Småt_Fotoalbum/BF57-20260511_204450.jpg).
2026-05-30T06:00:43.666Z thumbsup:error 
2026-05-30T06:00:43.682Z thumbsup:error Error processing Fotoalbums/04_BF_Blåt_Småt_Fotoalbum/BF59-20260511_204508.jpg -> media/thumbs/Fotoalbums/04_BF_Blåt_Småt_Fotoalbum/BF59-20260511_204508.jpg
2026-05-30T06:00:43.682Z thumbsup:error Error: Command failed: gm convert: Corrupt JPEG data: 1 extraneous bytes before marker 0xd4 (/home/lsolesen/projects/historie-gallery/images/Fotoalbums/04_BF_Blåt_Småt_Fotoalbum/BF59-20260511_204508.jpg).
2026-05-30T06:00:43.682Z thumbsup:error 
2026-05-30T06:00:43.740Z thumbsup:error Error processing Fotoalbums/04_BF_Blåt_Småt_Fotoalbum/BF59-20260511_204508.jpg -> media/small/Fotoalbums/04_BF_Blåt_Småt_Fotoalbum/BF59-20260511_204508.jpg
2026-05-30T06:00:43.740Z thumbsup:error Error: Command failed: gm convert: Corrupt JPEG data: 1 extraneous bytes before marker 0xd4 (/home/lsolesen/projects/historie-gallery/images/Fotoalbums/04_BF_Blåt_Småt_Fotoalbum/BF59-20260511_204508.jpg).
2026-05-30T06:00:43.740Z thumbsup:error 
2026-05-30T06:00:43.740Z thumbsup:error Error processing Fotoalbums/04_BF_Blåt_Småt_Fotoalbum/BF58-20260511_204500.jpg -> media/large/Fotoalbums/04_BF_Blåt_Småt_Fotoalbum/BF58-20260511_204500.jpg
2026-05-30T06:00:43.740Z thumbsup:error Error: Command failed: gm composite: Corrupt JPEG data: 1 extraneous bytes before marker 0xd7 (/home/lsolesen/projects/historie-gallery/images/Fotoalbums/04_BF_Blåt_Småt_Fotoalbum/BF58-20260511_204500.jpg).
2026-05-30T06:00:43.740Z thumbsup:error 
2026-05-30T06:00:43.826Z thumbsup:error Error processing Fotoalbums/04_BF_Blåt_Småt_Fotoalbum/BF57-20260511_204450.jpg -> media/large/Fotoalbums/04_BF_Blåt_Småt_Fotoalbum/BF57-20260511_204450.jpg
2026-05-30T06:00:43.826Z thumbsup:error Error: Command failed: gm composite: Corrupt JPEG data: 3 extraneous bytes before marker 0xd7 (/home/lsolesen/projects/historie-gallery/images/Fotoalbums/04_BF_Blåt_Småt_Fotoalbum/BF57-20260511_204450.jpg).
2026-05-30T06:00:43.826Z thumbsup:error 
2026-05-30T06:00:43.862Z thumbsup:error Error processing Fotoalbums/04_BF_Blåt_Småt_Fotoalbum/BF60-20260511_204516.jpg -> media/small/Fotoalbums/04_BF_Blåt_Småt_Fotoalbum/BF60-20260511_204516.jpg
2026-05-30T06:00:43.862Z thumbsup:error Error: Command failed: gm convert: Corrupt JPEG data: 1 extraneous bytes before marker 0xd5 (/home/lsolesen/projects/historie-gallery/images/Fotoalbums/04_BF_Blåt_Småt_Fotoalbum/BF60-20260511_204516.jpg).
2026-05-30T06:00:43.862Z thumbsup:error 
2026-05-30T06:00:43.862Z thumbsup:error Error processing Fotoalbums/04_BF_Blåt_Småt_Fotoalbum/BF58-20260511_204500.jpg -> media/small/Fotoalbums/04_BF_Blåt_Småt_Fotoalbum/BF58-20260511_204500.jpg
2026-05-30T06:00:43.862Z thumbsup:error Error: Command failed: gm convert: Corrupt JPEG data: 1 extraneous bytes before marker 0xd7 (/home/lsolesen/projects/historie-gallery/images/Fotoalbums/04_BF_Blåt_Småt_Fotoalbum/BF58-20260511_204500.jpg).
2026-05-30T06:00:43.862Z thumbsup:error 
2026-05-30T06:00:43.862Z thumbsup:error Error processing Fotoalbums/04_BF_Blåt_Småt_Fotoalbum/BF7-20260511_203711.jpg -> media/small/Fotoalbums/04_BF_Blåt_Småt_Fotoalbum/BF7-20260511_203711.jpg
2026-05-30T06:00:43.862Z thumbsup:error Error: Command failed: gm convert: Corrupt JPEG data: 1 extraneous bytes before marker 0xd6 (/home/lsolesen/projects/historie-gallery/images/Fotoalbums/04_BF_Blåt_Småt_Fotoalbum/BF7-20260511_203711.jpg).
2026-05-30T06:00:43.862Z thumbsup:error 
2026-05-30T06:00:43.862Z thumbsup:error Error processing Fotoalbums/04_BF_Blåt_Småt_Fotoalbum/BF56-20260511_204438.jpg -> media/small/Fotoalbums/04_BF_Blåt_Småt_Fotoalbum/BF56-20260511_204438.jpg
2026-05-30T06:00:43.862Z thumbsup:error Error: Command failed: gm convert: Corrupt JPEG data: 4 extraneous bytes before marker 0xd7 (/home/lsolesen/projects/historie-gallery/images/Fotoalbums/04_BF_Blåt_Småt_Fotoalbum/BF56-20260511_204438.jpg).
2026-05-30T06:00:43.862Z thumbsup:error 
2026-05-30T06:00:43.862Z thumbsup:error Error processing Fotoalbums/04_BF_Blåt_Småt_Fotoalbum/BF60-20260511_204516.jpg -> media/thumbs/Fotoalbums/04_BF_Blåt_Småt_Fotoalbum/BF60-20260511_204516.jpg
2026-05-30T06:00:43.862Z thumbsup:error Error: Command failed: gm convert: Corrupt JPEG data: 1 extraneous bytes before marker 0xd5 (/home/lsolesen/projects/historie-gallery/images/Fotoalbums/04_BF_Blåt_Småt_Fotoalbum/BF60-20260511_204516.jpg).
2026-05-30T06:00:43.862Z thumbsup:error 
2026-05-30T06:00:43.866Z thumbsup:error Error processing Fotoalbums/04_BF_Blåt_Småt_Fotoalbum/BF60-20260511_204516.jpg -> media/large/Fotoalbums/04_BF_Blåt_Småt_Fotoalbum/BF60-20260511_204516.jpg
2026-05-30T06:00:43.866Z thumbsup:error Error: Command failed: gm composite: Corrupt JPEG data: 1 extraneous bytes before marker 0xd5 (/home/lsolesen/projects/historie-gallery/images/Fotoalbums/04_BF_Blåt_Småt_Fotoalbum/BF60-20260511_204516.jpg).
2026-05-30T06:00:43.866Z thumbsup:error 
2026-05-30T06:00:43.918Z thumbsup:error Error processing Fotoalbums/04_BF_Blåt_Småt_Fotoalbum/BF57-20260511_204450.jpg -> media/small/Fotoalbums/04_BF_Blåt_Småt_Fotoalbum/BF57-20260511_204450.jpg
2026-05-30T06:00:43.918Z thumbsup:error Error: Command failed: gm convert: Corrupt JPEG data: 3 extraneous bytes before marker 0xd7 (/home/lsolesen/projects/historie-gallery/images/Fotoalbums/04_BF_Blåt_Småt_Fotoalbum/BF57-20260511_204450.jpg).
2026-05-30T06:00:43.918Z thumbsup:error 
2026-05-30T06:00:43.945Z thumbsup:error Error processing Fotoalbums/04_BF_Blåt_Småt_Fotoalbum/BF54-20260511_204418.jpg -> media/small/Fotoalbums/04_BF_Blåt_Småt_Fotoalbum/BF54-20260511_204418.jpg
2026-05-30T06:00:43.945Z thumbsup:error Error: Command failed: gm convert: Corrupt JPEG data: 4 extraneous bytes before marker 0xd2 (/home/lsolesen/projects/historie-gallery/images/Fotoalbums/04_BF_Blåt_Småt_Fotoalbum/BF54-20260511_204418.jpg).
2026-05-30T06:00:43.945Z thumbsup:error 
2026-05-30T06:00:43.965Z thumbsup:error Error processing Fotoalbums/04_BF_Blåt_Småt_Fotoalbum/BF7-20260511_203711.jpg -> media/thumbs/Fotoalbums/04_BF_Blåt_Småt_Fotoalbum/BF7-20260511_203711.jpg
2026-05-30T06:00:43.965Z thumbsup:error Error: Command failed: gm convert: Corrupt JPEG data: 1 extraneous bytes before marker 0xd6 (/home/lsolesen/projects/historie-gallery/images/Fotoalbums/04_BF_Blåt_Småt_Fotoalbum/BF7-20260511_203711.jpg).
2026-05-30T06:00:43.965Z thumbsup:error 
2026-05-30T06:00:43.992Z thumbsup:error Error processing Fotoalbums/04_BF_Blåt_Småt_Fotoalbum/BF7-20260511_203711.jpg -> media/large/Fotoalbums/04_BF_Blåt_Småt_Fotoalbum/BF7-20260511_203711.jpg
2026-05-30T06:00:43.992Z thumbsup:error Error: Command failed: gm composite: Corrupt JPEG data: 1 extraneous bytes before marker 0xd6 (/home/lsolesen/projects/historie-gallery/images/Fotoalbums/04_BF_Blåt_Småt_Fotoalbum/BF7-20260511_203711.jpg).
2026-05-30T06:00:43.992Z thumbsup:error 
2026-05-30T06:00:44.050Z thumbsup:error Error processing Fotoalbums/03_KT_Knud_Thomassen/20260503_080728.jpg -> media/thumbs/Fotoalbums/03_KT_Knud_Thomassen/20260503_080728.jpg
2026-05-30T06:00:44.050Z thumbsup:error Error: Command failed: gm convert: Corrupt JPEG data: 2 extraneous bytes before marker 0xd0 (/home/lsolesen/projects/historie-gallery/images/Fotoalbums/03_KT_Knud_Thomassen/20260503_080728.jpg).
2026-05-30T06:00:44.050Z thumbsup:error 
2026-05-30T06:00:44.056Z thumbsup:error Error processing Fotoalbums/04_BF_Blåt_Småt_Fotoalbum/BF8-20260511_203723.jpg -> media/large/Fotoalbums/04_BF_Blåt_Småt_Fotoalbum/BF8-20260511_203723.jpg
2026-05-30T06:00:44.056Z thumbsup:error Error: Command failed: gm composite: Corrupt JPEG data: 4 extraneous bytes before marker 0xd6 (/home/lsolesen/projects/historie-gallery/images/Fotoalbums/04_BF_Blåt_Småt_Fotoalbum/BF8-20260511_203723.jpg).
2026-05-30T06:00:44.056Z thumbsup:error 
2026-05-30T06:00:44.087Z thumbsup:error Error processing Fotoalbums/04_BF_Blåt_Småt_Fotoalbum/BF8-20260511_203723.jpg -> media/small/Fotoalbums/04_BF_Blåt_Småt_Fotoalbum/BF8-20260511_203723.jpg
2026-05-30T06:00:44.087Z thumbsup:error Error: Command failed: gm convert: Corrupt JPEG data: 4 extraneous bytes before marker 0xd6 (/home/lsolesen/projects/historie-gallery/images/Fotoalbums/04_BF_Blåt_Småt_Fotoalbum/BF8-20260511_203723.jpg).
2026-05-30T06:00:44.087Z thumbsup:error 
2026-05-30T06:00:44.100Z thumbsup:error Error processing Fotoalbums/03_KT_Knud_Thomassen/20260503_080721.jpg -> media/large/Fotoalbums/03_KT_Knud_Thomassen/20260503_080721.jpg
2026-05-30T06:00:44.100Z thumbsup:error Error: Command failed: gm composite: Corrupt JPEG data: 8 extraneous bytes before marker 0xd4 (/home/lsolesen/projects/historie-gallery/images/Fotoalbums/03_KT_Knud_Thomassen/20260503_080721.jpg).
2026-05-30T06:00:44.100Z thumbsup:error 
2026-05-30T06:00:44.155Z thumbsup:error Error processing Fotoalbums/04_BF_Blåt_Småt_Fotoalbum/BF8-20260511_203723.jpg -> media/thumbs/Fotoalbums/04_BF_Blåt_Småt_Fotoalbum/BF8-20260511_203723.jpg
2026-05-30T06:00:44.155Z thumbsup:error Error: Command failed: gm convert: Corrupt JPEG data: 4 extraneous bytes before marker 0xd6 (/home/lsolesen/projects/historie-gallery/images/Fotoalbums/04_BF_Blåt_Småt_Fotoalbum/BF8-20260511_203723.jpg).
2026-05-30T06:00:44.155Z thumbsup:error 
2026-05-30T06:00:44.173Z thumbsup:error Error processing Fotoalbums/03_KT_Knud_Thomassen/20260503_080721.jpg -> media/small/Fotoalbums/03_KT_Knud_Thomassen/20260503_080721.jpg
2026-05-30T06:00:44.173Z thumbsup:error Error: Command failed: gm convert: Corrupt JPEG data: 8 extraneous bytes before marker 0xd4 (/home/lsolesen/projects/historie-gallery/images/Fotoalbums/03_KT_Knud_Thomassen/20260503_080721.jpg).
2026-05-30T06:00:44.173Z thumbsup:error 
2026-05-30T06:00:44.184Z thumbsup:error Error processing Fotoalbums/03_KT_Knud_Thomassen/20260503_081033.jpg -> media/small/Fotoalbums/03_KT_Knud_Thomassen/20260503_081033.jpg
2026-05-30T06:00:44.184Z thumbsup:error Error: Command failed: gm convert: Corrupt JPEG data: 2 extraneous bytes before marker 0xd3 (/home/lsolesen/projects/historie-gallery/images/Fotoalbums/03_KT_Knud_Thomassen/20260503_081033.jpg).
2026-05-30T06:00:44.184Z thumbsup:error 
2026-05-30T06:00:44.245Z thumbsup:error Error processing Fotoalbums/03_KT_Knud_Thomassen/20260503_081033.jpg -> media/large/Fotoalbums/03_KT_Knud_Thomassen/20260503_081033.jpg
2026-05-30T06:00:44.245Z thumbsup:error Error: Command failed: gm composite: Corrupt JPEG data: 2 extraneous bytes before marker 0xd3 (/home/lsolesen/projects/historie-gallery/images/Fotoalbums/03_KT_Knud_Thomassen/20260503_081033.jpg).
2026-05-30T06:00:44.245Z thumbsup:error 
2026-05-30T06:00:44.282Z thumbsup:error Error processing Fotoalbums/03_KT_Knud_Thomassen/20260503_080728.jpg -> media/small/Fotoalbums/03_KT_Knud_Thomassen/20260503_080728.jpg
2026-05-30T06:00:44.282Z thumbsup:error Error: Command failed: gm convert: Corrupt JPEG data: 2 extraneous bytes before marker 0xd0 (/home/lsolesen/projects/historie-gallery/images/Fotoalbums/03_KT_Knud_Thomassen/20260503_080728.jpg).
2026-05-30T06:00:44.282Z thumbsup:error 
2026-05-30T06:00:44.282Z thumbsup:error Error processing Fotoalbums/03_KT_Knud_Thomassen/20260503_081033.jpg -> media/thumbs/Fotoalbums/03_KT_Knud_Thomassen/20260503_081033.jpg
2026-05-30T06:00:44.282Z thumbsup:error Error: Command failed: gm convert: Corrupt JPEG data: 2 extraneous bytes before marker 0xd3 (/home/lsolesen/projects/historie-gallery/images/Fotoalbums/03_KT_Knud_Thomassen/20260503_081033.jpg).
2026-05-30T06:00:44.282Z thumbsup:error 
2026-05-30T06:00:44.319Z thumbsup:error Error processing Fotoalbums/03_KT_Knud_Thomassen/20260503_080736.jpg -> media/thumbs/Fotoalbums/03_KT_Knud_Thomassen/20260503_080736.jpg
2026-05-30T06:00:44.319Z thumbsup:error Error: Command failed: gm convert: Corrupt JPEG data: 3 extraneous bytes before marker 0xd5 (/home/lsolesen/projects/historie-gallery/images/Fotoalbums/03_KT_Knud_Thomassen/20260503_080736.jpg).
2026-05-30T06:00:44.319Z thumbsup:error 
2026-05-30T06:00:44.319Z thumbsup:error Error processing Fotoalbums/03_KT_Knud_Thomassen/20260503_080721.jpg -> media/thumbs/Fotoalbums/03_KT_Knud_Thomassen/20260503_080721.jpg
2026-05-30T06:00:44.319Z thumbsup:error Error: Command failed: gm convert: Corrupt JPEG data: 8 extraneous bytes before marker 0xd4 (/home/lsolesen/projects/historie-gallery/images/Fotoalbums/03_KT_Knud_Thomassen/20260503_080721.jpg).
2026-05-30T06:00:44.319Z thumbsup:error 
2026-05-30T06:00:44.334Z thumbsup:error Error processing Fotoalbums/03_KT_Knud_Thomassen/20260503_081038.jpg -> media/thumbs/Fotoalbums/03_KT_Knud_Thomassen/20260503_081038.jpg
2026-05-30T06:00:44.334Z thumbsup:error Error: Command failed: gm convert: Corrupt JPEG data: 1 extraneous bytes before marker 0xd0 (/home/lsolesen/projects/historie-gallery/images/Fotoalbums/03_KT_Knud_Thomassen/20260503_081038.jpg).
2026-05-30T06:00:44.334Z thumbsup:error 
2026-05-30T06:00:44.338Z thumbsup:error Error processing Fotoalbums/03_KT_Knud_Thomassen/20260503_080736.jpg -> media/large/Fotoalbums/03_KT_Knud_Thomassen/20260503_080736.jpg
2026-05-30T06:00:44.338Z thumbsup:error Error: Command failed: gm composite: Corrupt JPEG data: 3 extraneous bytes before marker 0xd5 (/home/lsolesen/projects/historie-gallery/images/Fotoalbums/03_KT_Knud_Thomassen/20260503_080736.jpg).
2026-05-30T06:00:44.338Z thumbsup:error 
2026-05-30T06:00:44.351Z thumbsup:error Error processing Fotoalbums/03_KT_Knud_Thomassen/20260503_080728.jpg -> media/large/Fotoalbums/03_KT_Knud_Thomassen/20260503_080728.jpg
2026-05-30T06:00:44.351Z thumbsup:error Error: Command failed: gm composite: Corrupt JPEG data: 2 extraneous bytes before marker 0xd0 (/home/lsolesen/projects/historie-gallery/images/Fotoalbums/03_KT_Knud_Thomassen/20260503_080728.jpg).
2026-05-30T06:00:44.351Z thumbsup:error 
2026-05-30T06:00:44.360Z thumbsup:error Error processing Fotoalbums/03_KT_Knud_Thomassen/20260503_080736.jpg -> media/small/Fotoalbums/03_KT_Knud_Thomassen/20260503_080736.jpg
2026-05-30T06:00:44.360Z thumbsup:error Error: Command failed: gm convert: Corrupt JPEG data: 3 extraneous bytes before marker 0xd5 (/home/lsolesen/projects/historie-gallery/images/Fotoalbums/03_KT_Knud_Thomassen/20260503_080736.jpg).
2026-05-30T06:00:44.360Z thumbsup:error 
2026-05-30T06:00:44.361Z thumbsup:error Error processing Fotoalbums/03_KT_Knud_Thomassen/20260503_080741.jpg -> media/large/Fotoalbums/03_KT_Knud_Thomassen/20260503_080741.jpg
2026-05-30T06:00:44.361Z thumbsup:error Error: Command failed: gm composite: Corrupt JPEG data: 2 extraneous bytes before marker 0xd0 (/home/lsolesen/projects/historie-gallery/images/Fotoalbums/03_KT_Knud_Thomassen/20260503_080741.jpg).
2026-05-30T06:00:44.361Z thumbsup:error 
2026-05-30T06:00:44.376Z thumbsup:error Error processing Fotoalbums/03_KT_Knud_Thomassen/20260503_081038.jpg -> media/small/Fotoalbums/03_KT_Knud_Thomassen/20260503_081038.jpg
2026-05-30T06:00:44.376Z thumbsup:error Error: Command failed: gm convert: Corrupt JPEG data: 1 extraneous bytes before marker 0xd0 (/home/lsolesen/projects/historie-gallery/images/Fotoalbums/03_KT_Knud_Thomassen/20260503_081038.jpg).
2026-05-30T06:00:44.376Z thumbsup:error 
2026-05-30T06:00:44.381Z thumbsup:error Error processing Fotoalbums/03_KT_Knud_Thomassen/20260503_081038.jpg -> media/large/Fotoalbums/03_KT_Knud_Thomassen/20260503_081038.jpg
2026-05-30T06:00:44.381Z thumbsup:error Error: Command failed: gm composite: Corrupt JPEG data: 1 extraneous bytes before marker 0xd0 (/home/lsolesen/projects/historie-gallery/images/Fotoalbums/03_KT_Knud_Thomassen/20260503_081038.jpg).
2026-05-30T06:00:44.381Z thumbsup:error 
2026-05-30T06:00:44.403Z thumbsup:error Error processing Fotoalbums/03_KT_Knud_Thomassen/20260503_081052.jpg -> media/large/Fotoalbums/03_KT_Knud_Thomassen/20260503_081052.jpg
2026-05-30T06:00:44.403Z thumbsup:error Error: Command failed: gm composite: Corrupt JPEG data: 1 extraneous bytes before marker 0xd2 (/home/lsolesen/projects/historie-gallery/images/Fotoalbums/03_KT_Knud_Thomassen/20260503_081052.jpg).
2026-05-30T06:00:44.403Z thumbsup:error 
2026-05-30T06:00:44.403Z thumbsup:error Error processing Fotoalbums/03_KT_Knud_Thomassen/20260503_080741.jpg -> media/thumbs/Fotoalbums/03_KT_Knud_Thomassen/20260503_080741.jpg
2026-05-30T06:00:44.403Z thumbsup:error Error: Command failed: gm convert: Corrupt JPEG data: 2 extraneous bytes before marker 0xd0 (/home/lsolesen/projects/historie-gallery/images/Fotoalbums/03_KT_Knud_Thomassen/20260503_080741.jpg).
2026-05-30T06:00:44.403Z thumbsup:error 
2026-05-30T06:00:44.415Z thumbsup:error Error processing Fotoalbums/03_KT_Knud_Thomassen/20260503_081052.jpg -> media/small/Fotoalbums/03_KT_Knud_Thomassen/20260503_081052.jpg
2026-05-30T06:00:44.415Z thumbsup:error Error: Command failed: gm convert: Corrupt JPEG data: 1 extraneous bytes before marker 0xd2 (/home/lsolesen/projects/historie-gallery/images/Fotoalbums/03_KT_Knud_Thomassen/20260503_081052.jpg).
2026-05-30T06:00:44.415Z thumbsup:error 
2026-05-30T06:00:44.420Z thumbsup:error Error processing Fotoalbums/03_KT_Knud_Thomassen/20260503_081052.jpg -> media/thumbs/Fotoalbums/03_KT_Knud_Thomassen/20260503_081052.jpg
2026-05-30T06:00:44.420Z thumbsup:error Error: Command failed: gm convert: Corrupt JPEG data: 1 extraneous bytes before marker 0xd2 (/home/lsolesen/projects/historie-gallery/images/Fotoalbums/03_KT_Knud_Thomassen/20260503_081052.jpg).
2026-05-30T06:00:44.420Z thumbsup:error 
2026-05-30T06:00:44.471Z thumbsup:error Error processing Fotoalbums/03_KT_Knud_Thomassen/20260503_080741.jpg -> media/small/Fotoalbums/03_KT_Knud_Thomassen/20260503_080741.jpg
2026-05-30T06:00:44.471Z thumbsup:error Error: Command failed: gm convert: Corrupt JPEG data: 2 extraneous bytes before marker 0xd0 (/home/lsolesen/projects/historie-gallery/images/Fotoalbums/03_KT_Knud_Thomassen/20260503_080741.jpg).
2026-05-30T06:00:44.471Z thumbsup:error 
2026-05-30T06:00:44.766Z thumbsup:error Error processing Fotoalbums/03_KT_Knud_Thomassen/20260503_081042.jpg -> media/thumbs/Fotoalbums/03_KT_Knud_Thomassen/20260503_081042.jpg
2026-05-30T06:00:44.766Z thumbsup:error Error: Command failed: gm convert: Corrupt JPEG data: 2 extraneous bytes before marker 0xd2 (/home/lsolesen/projects/historie-gallery/images/Fotoalbums/03_KT_Knud_Thomassen/20260503_081042.jpg).
2026-05-30T06:00:44.766Z thumbsup:error 
2026-05-30T06:00:44.835Z thumbsup:error Error processing Fotoalbums/03_KT_Knud_Thomassen/20260503_081057.jpg -> media/thumbs/Fotoalbums/03_KT_Knud_Thomassen/20260503_081057.jpg
2026-05-30T06:00:44.835Z thumbsup:error Error: Command failed: gm convert: Corrupt JPEG data: 9 extraneous bytes before marker 0xd3 (/home/lsolesen/projects/historie-gallery/images/Fotoalbums/03_KT_Knud_Thomassen/20260503_081057.jpg).
2026-05-30T06:00:44.835Z thumbsup:error 
2026-05-30T06:00:45.210Z thumbsup:error Error processing Fotoalbums/03_KT_Knud_Thomassen/20260503_081057.jpg -> media/small/Fotoalbums/03_KT_Knud_Thomassen/20260503_081057.jpg
2026-05-30T06:00:45.210Z thumbsup:error Error: Command failed: gm convert: Corrupt JPEG data: 9 extraneous bytes before marker 0xd3 (/home/lsolesen/projects/historie-gallery/images/Fotoalbums/03_KT_Knud_Thomassen/20260503_081057.jpg).
2026-05-30T06:00:45.210Z thumbsup:error 
2026-05-30T06:00:45.479Z thumbsup:error Error processing Fotoalbums/03_KT_Knud_Thomassen/20260503_081057.jpg -> media/large/Fotoalbums/03_KT_Knud_Thomassen/20260503_081057.jpg
2026-05-30T06:00:45.479Z thumbsup:error Error: Command failed: gm composite: Corrupt JPEG data: 9 extraneous bytes before marker 0xd3 (/home/lsolesen/projects/historie-gallery/images/Fotoalbums/03_KT_Knud_Thomassen/20260503_081057.jpg).
2026-05-30T06:00:45.479Z thumbsup:error 
2026-05-30T06:00:45.898Z thumbsup:error Error processing Fotoalbums/03_KT_Knud_Thomassen/20260503_081042.jpg -> media/large/Fotoalbums/03_KT_Knud_Thomassen/20260503_081042.jpg
2026-05-30T06:00:45.898Z thumbsup:error Error: Command failed: gm composite: Corrupt JPEG data: 2 extraneous bytes before marker 0xd2 (/home/lsolesen/projects/historie-gallery/images/Fotoalbums/03_KT_Knud_Thomassen/20260503_081042.jpg).
2026-05-30T06:00:45.898Z thumbsup:error 
2026-05-30T06:00:46.020Z thumbsup:error Error processing Fotoalbums/03_KT_Knud_Thomassen/20260503_081042.jpg -> media/small/Fotoalbums/03_KT_Knud_Thomassen/20260503_081042.jpg
2026-05-30T06:00:46.020Z thumbsup:error Error: Command failed: gm convert: Corrupt JPEG data: 2 extraneous bytes before marker 0xd2 (/home/lsolesen/projects/historie-gallery/images/Fotoalbums/03_KT_Knud_Thomassen/20260503_081042.jpg).
2026-05-30T06:00:46.020Z thumbsup:error 
2026-05-30T06:01:19.105Z thumbsup:error Error processing Fotoalbums/05_BS_Spraglet_Fotoalbum/BS12.jpg -> media/thumbs/Fotoalbums/05_BS_Spraglet_Fotoalbum/BS12.jpg
2026-05-30T06:01:19.105Z thumbsup:error Error: Command failed: gm convert: Corrupt JPEG data: 2 extraneous bytes before marker 0xd7 (/home/lsolesen/projects/historie-gallery/images/Fotoalbums/05_BS_Spraglet_Fotoalbum/BS12.jpg).
2026-05-30T06:01:19.105Z thumbsup:error 
2026-05-30T06:01:19.123Z thumbsup:error Error processing Fotoalbums/05_BS_Spraglet_Fotoalbum/BS12.jpg -> media/small/Fotoalbums/05_BS_Spraglet_Fotoalbum/BS12.jpg
2026-05-30T06:01:19.123Z thumbsup:error Error: Command failed: gm convert: Corrupt JPEG data: 2 extraneous bytes before marker 0xd7 (/home/lsolesen/projects/historie-gallery/images/Fotoalbums/05_BS_Spraglet_Fotoalbum/BS12.jpg).
2026-05-30T06:01:19.123Z thumbsup:error 
2026-05-30T06:01:19.162Z thumbsup:error Error processing Fotoalbums/05_BS_Spraglet_Fotoalbum/BS12.jpg -> media/large/Fotoalbums/05_BS_Spraglet_Fotoalbum/BS12.jpg
2026-05-30T06:01:19.162Z thumbsup:error Error: Command failed: gm composite: Corrupt JPEG data: 2 extraneous bytes before marker 0xd7 (/home/lsolesen/projects/historie-gallery/images/Fotoalbums/05_BS_Spraglet_Fotoalbum/BS12.jpg).
2026-05-30T06:01:19.162Z thumbsup:error 
2026-05-30T06:01:19.191Z thumbsup:error Error processing Fotoalbums/05_BS_Spraglet_Fotoalbum/BS13.jpg -> media/large/Fotoalbums/05_BS_Spraglet_Fotoalbum/BS13.jpg
2026-05-30T06:01:19.191Z thumbsup:error Error: Command failed: gm composite: Corrupt JPEG data: 2 extraneous bytes before marker 0xd7 (/home/lsolesen/projects/historie-gallery/images/Fotoalbums/05_BS_Spraglet_Fotoalbum/BS13.jpg).
2026-05-30T06:01:19.191Z thumbsup:error 
2026-05-30T06:01:19.198Z thumbsup:error Error processing Fotoalbums/05_BS_Spraglet_Fotoalbum/BS10.jpg -> media/thumbs/Fotoalbums/05_BS_Spraglet_Fotoalbum/BS10.jpg
2026-05-30T06:01:19.198Z thumbsup:error Error: Command failed: gm convert: Corrupt JPEG data: 2 extraneous bytes before marker 0xd7 (/home/lsolesen/projects/historie-gallery/images/Fotoalbums/05_BS_Spraglet_Fotoalbum/BS10.jpg).
2026-05-30T06:01:19.198Z thumbsup:error 
2026-05-30T06:01:19.231Z thumbsup:error Error processing Fotoalbums/05_BS_Spraglet_Fotoalbum/BS10.jpg -> media/large/Fotoalbums/05_BS_Spraglet_Fotoalbum/BS10.jpg
2026-05-30T06:01:19.231Z thumbsup:error Error: Command failed: gm composite: Corrupt JPEG data: 2 extraneous bytes before marker 0xd7 (/home/lsolesen/projects/historie-gallery/images/Fotoalbums/05_BS_Spraglet_Fotoalbum/BS10.jpg).
2026-05-30T06:01:19.231Z thumbsup:error 
2026-05-30T06:01:19.243Z thumbsup:error Error processing Fotoalbums/05_BS_Spraglet_Fotoalbum/BS13.jpg -> media/thumbs/Fotoalbums/05_BS_Spraglet_Fotoalbum/BS13.jpg
2026-05-30T06:01:19.243Z thumbsup:error Error: Command failed: gm convert: Corrupt JPEG data: 2 extraneous bytes before marker 0xd7 (/home/lsolesen/projects/historie-gallery/images/Fotoalbums/05_BS_Spraglet_Fotoalbum/BS13.jpg).
2026-05-30T06:01:19.243Z thumbsup:error 
2026-05-30T06:01:19.249Z thumbsup:error Error processing Fotoalbums/05_BS_Spraglet_Fotoalbum/BS10.jpg -> media/small/Fotoalbums/05_BS_Spraglet_Fotoalbum/BS10.jpg
2026-05-30T06:01:19.249Z thumbsup:error Error: Command failed: gm convert: Corrupt JPEG data: 2 extraneous bytes before marker 0xd7 (/home/lsolesen/projects/historie-gallery/images/Fotoalbums/05_BS_Spraglet_Fotoalbum/BS10.jpg).
2026-05-30T06:01:19.249Z thumbsup:error 
2026-05-30T06:01:19.260Z thumbsup:error Error processing Fotoalbums/05_BS_Spraglet_Fotoalbum/BS13.jpg -> media/small/Fotoalbums/05_BS_Spraglet_Fotoalbum/BS13.jpg
2026-05-30T06:01:19.260Z thumbsup:error Error: Command failed: gm convert: Corrupt JPEG data: 2 extraneous bytes before marker 0xd7 (/home/lsolesen/projects/historie-gallery/images/Fotoalbums/05_BS_Spraglet_Fotoalbum/BS13.jpg).
2026-05-30T06:01:19.260Z thumbsup:error 
2026-05-30T06:01:19.315Z thumbsup:error Error processing Fotoalbums/05_BS_Spraglet_Fotoalbum/BS11.jpg -> media/thumbs/Fotoalbums/05_BS_Spraglet_Fotoalbum/BS11.jpg
2026-05-30T06:01:19.315Z thumbsup:error Error: Command failed: gm convert: Corrupt JPEG data: 2 extraneous bytes before marker 0xd6 (/home/lsolesen/projects/historie-gallery/images/Fotoalbums/05_BS_Spraglet_Fotoalbum/BS11.jpg).
2026-05-30T06:01:19.315Z thumbsup:error 
2026-05-30T06:01:19.391Z thumbsup:error Error processing Fotoalbums/05_BS_Spraglet_Fotoalbum/BS11.jpg -> media/large/Fotoalbums/05_BS_Spraglet_Fotoalbum/BS11.jpg
2026-05-30T06:01:19.391Z thumbsup:error Error: Command failed: gm composite: Corrupt JPEG data: 2 extraneous bytes before marker 0xd6 (/home/lsolesen/projects/historie-gallery/images/Fotoalbums/05_BS_Spraglet_Fotoalbum/BS11.jpg).
2026-05-30T06:01:19.391Z thumbsup:error 
2026-05-30T06:01:19.417Z thumbsup:error Error processing Fotoalbums/05_BS_Spraglet_Fotoalbum/BS11.jpg -> media/small/Fotoalbums/05_BS_Spraglet_Fotoalbum/BS11.jpg
2026-05-30T06:01:19.417Z thumbsup:error Error: Command failed: gm convert: Corrupt JPEG data: 2 extraneous bytes before marker 0xd6 (/home/lsolesen/projects/historie-gallery/images/Fotoalbums/05_BS_Spraglet_Fotoalbum/BS11.jpg).
2026-05-30T06:01:19.417Z thumbsup:error 
2026-05-30T06:01:19.439Z thumbsup:error Error processing Fotoalbums/05_BS_Spraglet_Fotoalbum/BS17.jpg -> media/large/Fotoalbums/05_BS_Spraglet_Fotoalbum/BS17.jpg
2026-05-30T06:01:19.439Z thumbsup:error Error: Command failed: gm composite: Corrupt JPEG data: 1 extraneous bytes before marker 0xd3 (/home/lsolesen/projects/historie-gallery/images/Fotoalbums/05_BS_Spraglet_Fotoalbum/BS17.jpg).
2026-05-30T06:01:19.439Z thumbsup:error 
2026-05-30T06:01:19.487Z thumbsup:error Error processing Fotoalbums/05_BS_Spraglet_Fotoalbum/BS17.jpg -> media/small/Fotoalbums/05_BS_Spraglet_Fotoalbum/BS17.jpg
2026-05-30T06:01:19.487Z thumbsup:error Error: Command failed: gm convert: Corrupt JPEG data: 1 extraneous bytes before marker 0xd3 (/home/lsolesen/projects/historie-gallery/images/Fotoalbums/05_BS_Spraglet_Fotoalbum/BS17.jpg).
2026-05-30T06:01:19.487Z thumbsup:error 
2026-05-30T06:01:19.499Z thumbsup:error Error processing Fotoalbums/05_BS_Spraglet_Fotoalbum/BS17.jpg -> media/thumbs/Fotoalbums/05_BS_Spraglet_Fotoalbum/BS17.jpg
2026-05-30T06:01:19.499Z thumbsup:error Error: Command failed: gm convert: Corrupt JPEG data: 1 extraneous bytes before marker 0xd3 (/home/lsolesen/projects/historie-gallery/images/Fotoalbums/05_BS_Spraglet_Fotoalbum/BS17.jpg).
2026-05-30T06:01:19.499Z thumbsup:error 
2026-05-30T06:01:19.516Z thumbsup:error Error processing Fotoalbums/05_BS_Spraglet_Fotoalbum/BS14.jpg -> media/small/Fotoalbums/05_BS_Spraglet_Fotoalbum/BS14.jpg
2026-05-30T06:01:19.516Z thumbsup:error Error: Command failed: gm convert: Corrupt JPEG data: 5 extraneous bytes before marker 0xd4 (/home/lsolesen/projects/historie-gallery/images/Fotoalbums/05_BS_Spraglet_Fotoalbum/BS14.jpg).
2026-05-30T06:01:19.516Z thumbsup:error 
2026-05-30T06:01:19.516Z thumbsup:error Error processing Fotoalbums/05_BS_Spraglet_Fotoalbum/BS15.jpg -> media/thumbs/Fotoalbums/05_BS_Spraglet_Fotoalbum/BS15.jpg
2026-05-30T06:01:19.516Z thumbsup:error Error: Command failed: gm convert: Corrupt JPEG data: 4 extraneous bytes before marker 0xd7 (/home/lsolesen/projects/historie-gallery/images/Fotoalbums/05_BS_Spraglet_Fotoalbum/BS15.jpg).
2026-05-30T06:01:19.516Z thumbsup:error 
2026-05-30T06:01:19.549Z thumbsup:error Error processing Fotoalbums/05_BS_Spraglet_Fotoalbum/BS14.jpg -> media/large/Fotoalbums/05_BS_Spraglet_Fotoalbum/BS14.jpg
2026-05-30T06:01:19.549Z thumbsup:error Error: Command failed: gm composite: Corrupt JPEG data: 5 extraneous bytes before marker 0xd4 (/home/lsolesen/projects/historie-gallery/images/Fotoalbums/05_BS_Spraglet_Fotoalbum/BS14.jpg).
2026-05-30T06:01:19.549Z thumbsup:error 
2026-05-30T06:01:19.578Z thumbsup:error Error processing Fotoalbums/05_BS_Spraglet_Fotoalbum/BS14.jpg -> media/thumbs/Fotoalbums/05_BS_Spraglet_Fotoalbum/BS14.jpg
2026-05-30T06:01:19.578Z thumbsup:error Error: Command failed: gm convert: Corrupt JPEG data: 5 extraneous bytes before marker 0xd4 (/home/lsolesen/projects/historie-gallery/images/Fotoalbums/05_BS_Spraglet_Fotoalbum/BS14.jpg).
2026-05-30T06:01:19.578Z thumbsup:error 
2026-05-30T06:01:19.587Z thumbsup:error Error processing Fotoalbums/05_BS_Spraglet_Fotoalbum/BS15.jpg -> media/small/Fotoalbums/05_BS_Spraglet_Fotoalbum/BS15.jpg
2026-05-30T06:01:19.587Z thumbsup:error Error: Command failed: gm convert: Corrupt JPEG data: 4 extraneous bytes before marker 0xd7 (/home/lsolesen/projects/historie-gallery/images/Fotoalbums/05_BS_Spraglet_Fotoalbum/BS15.jpg).
2026-05-30T06:01:19.587Z thumbsup:error 
2026-05-30T06:01:19.666Z thumbsup:error Error processing Fotoalbums/05_BS_Spraglet_Fotoalbum/BS15.jpg -> media/large/Fotoalbums/05_BS_Spraglet_Fotoalbum/BS15.jpg
2026-05-30T06:01:19.666Z thumbsup:error Error: Command failed: gm composite: Corrupt JPEG data: 4 extraneous bytes before marker 0xd7 (/home/lsolesen/projects/historie-gallery/images/Fotoalbums/05_BS_Spraglet_Fotoalbum/BS15.jpg).
2026-05-30T06:01:19.666Z thumbsup:error 
2026-05-30T06:01:19.682Z thumbsup:error Error processing Fotoalbums/05_BS_Spraglet_Fotoalbum/BS18.jpg -> media/large/Fotoalbums/05_BS_Spraglet_Fotoalbum/BS18.jpg
2026-05-30T06:01:19.682Z thumbsup:error Error: Command failed: gm composite: Corrupt JPEG data: 6 extraneous bytes before marker 0xd1 (/home/lsolesen/projects/historie-gallery/images/Fotoalbums/05_BS_Spraglet_Fotoalbum/BS18.jpg).
2026-05-30T06:01:19.682Z thumbsup:error 
2026-05-30T06:01:19.695Z thumbsup:error Error processing Fotoalbums/05_BS_Spraglet_Fotoalbum/BS18.jpg -> media/small/Fotoalbums/05_BS_Spraglet_Fotoalbum/BS18.jpg
2026-05-30T06:01:19.695Z thumbsup:error Error: Command failed: gm convert: Corrupt JPEG data: 6 extraneous bytes before marker 0xd1 (/home/lsolesen/projects/historie-gallery/images/Fotoalbums/05_BS_Spraglet_Fotoalbum/BS18.jpg).
2026-05-30T06:01:19.695Z thumbsup:error 
2026-05-30T06:01:19.719Z thumbsup:error Error processing Fotoalbums/05_BS_Spraglet_Fotoalbum/BS16.jpg -> media/large/Fotoalbums/05_BS_Spraglet_Fotoalbum/BS16.jpg
2026-05-30T06:01:19.719Z thumbsup:error Error: Command failed: gm composite: Corrupt JPEG data: 6 extraneous bytes before marker 0xd4 (/home/lsolesen/projects/historie-gallery/images/Fotoalbums/05_BS_Spraglet_Fotoalbum/BS16.jpg).
2026-05-30T06:01:19.719Z thumbsup:error 
2026-05-30T06:01:19.731Z thumbsup:error Error processing Fotoalbums/05_BS_Spraglet_Fotoalbum/BS19.jpg -> media/large/Fotoalbums/05_BS_Spraglet_Fotoalbum/BS19.jpg
2026-05-30T06:01:19.731Z thumbsup:error Error: Command failed: gm composite: Corrupt JPEG data: 1 extraneous bytes before marker 0xd7 (/home/lsolesen/projects/historie-gallery/images/Fotoalbums/05_BS_Spraglet_Fotoalbum/BS19.jpg).
2026-05-30T06:01:19.731Z thumbsup:error 
2026-05-30T06:01:19.775Z thumbsup:error Error processing Fotoalbums/05_BS_Spraglet_Fotoalbum/BS19.jpg -> media/thumbs/Fotoalbums/05_BS_Spraglet_Fotoalbum/BS19.jpg
2026-05-30T06:01:19.775Z thumbsup:error Error: Command failed: gm convert: Corrupt JPEG data: 1 extraneous bytes before marker 0xd7 (/home/lsolesen/projects/historie-gallery/images/Fotoalbums/05_BS_Spraglet_Fotoalbum/BS19.jpg).
2026-05-30T06:01:19.775Z thumbsup:error 
2026-05-30T06:01:19.785Z thumbsup:error Error processing Fotoalbums/05_BS_Spraglet_Fotoalbum/BS18.jpg -> media/thumbs/Fotoalbums/05_BS_Spraglet_Fotoalbum/BS18.jpg
2026-05-30T06:01:19.785Z thumbsup:error Error: Command failed: gm convert: Corrupt JPEG data: 6 extraneous bytes before marker 0xd1 (/home/lsolesen/projects/historie-gallery/images/Fotoalbums/05_BS_Spraglet_Fotoalbum/BS18.jpg).
2026-05-30T06:01:19.785Z thumbsup:error 
2026-05-30T06:01:19.786Z thumbsup:error Error processing Fotoalbums/05_BS_Spraglet_Fotoalbum/BS16.jpg -> media/thumbs/Fotoalbums/05_BS_Spraglet_Fotoalbum/BS16.jpg
2026-05-30T06:01:19.786Z thumbsup:error Error: Command failed: gm convert: Corrupt JPEG data: 6 extraneous bytes before marker 0xd4 (/home/lsolesen/projects/historie-gallery/images/Fotoalbums/05_BS_Spraglet_Fotoalbum/BS16.jpg).
2026-05-30T06:01:19.786Z thumbsup:error 
2026-05-30T06:01:19.805Z thumbsup:error Error processing Fotoalbums/05_BS_Spraglet_Fotoalbum/BS20.jpg -> media/small/Fotoalbums/05_BS_Spraglet_Fotoalbum/BS20.jpg
2026-05-30T06:01:19.805Z thumbsup:error Error: Command failed: gm convert: Corrupt JPEG data: 3 extraneous bytes before marker 0xd7 (/home/lsolesen/projects/historie-gallery/images/Fotoalbums/05_BS_Spraglet_Fotoalbum/BS20.jpg).
2026-05-30T06:01:19.805Z thumbsup:error 
2026-05-30T06:01:19.844Z thumbsup:error Error processing Fotoalbums/05_BS_Spraglet_Fotoalbum/BS20.jpg -> media/thumbs/Fotoalbums/05_BS_Spraglet_Fotoalbum/BS20.jpg
2026-05-30T06:01:19.844Z thumbsup:error Error: Command failed: gm convert: Corrupt JPEG data: 3 extraneous bytes before marker 0xd7 (/home/lsolesen/projects/historie-gallery/images/Fotoalbums/05_BS_Spraglet_Fotoalbum/BS20.jpg).
2026-05-30T06:01:19.844Z thumbsup:error 
2026-05-30T06:01:19.861Z thumbsup:error Error processing Fotoalbums/05_BS_Spraglet_Fotoalbum/BS2.jpg -> media/large/Fotoalbums/05_BS_Spraglet_Fotoalbum/BS2.jpg
2026-05-30T06:01:19.861Z thumbsup:error Error: Command failed: gm composite: Corrupt JPEG data: 2 extraneous bytes before marker 0xd7 (/home/lsolesen/projects/historie-gallery/images/Fotoalbums/05_BS_Spraglet_Fotoalbum/BS2.jpg).
2026-05-30T06:01:19.861Z thumbsup:error 
2026-05-30T06:01:19.861Z thumbsup:error Error processing Fotoalbums/05_BS_Spraglet_Fotoalbum/BS16.jpg -> media/small/Fotoalbums/05_BS_Spraglet_Fotoalbum/BS16.jpg
2026-05-30T06:01:19.861Z thumbsup:error Error: Command failed: gm convert: Corrupt JPEG data: 6 extraneous bytes before marker 0xd4 (/home/lsolesen/projects/historie-gallery/images/Fotoalbums/05_BS_Spraglet_Fotoalbum/BS16.jpg).
2026-05-30T06:01:19.861Z thumbsup:error 
2026-05-30T06:01:19.861Z thumbsup:error Error processing Fotoalbums/05_BS_Spraglet_Fotoalbum/BS19.jpg -> media/small/Fotoalbums/05_BS_Spraglet_Fotoalbum/BS19.jpg
2026-05-30T06:01:19.861Z thumbsup:error Error: Command failed: gm convert: Corrupt JPEG data: 1 extraneous bytes before marker 0xd7 (/home/lsolesen/projects/historie-gallery/images/Fotoalbums/05_BS_Spraglet_Fotoalbum/BS19.jpg).
2026-05-30T06:01:19.861Z thumbsup:error 
2026-05-30T06:01:19.861Z thumbsup:error Error processing Fotoalbums/05_BS_Spraglet_Fotoalbum/BS20.jpg -> media/large/Fotoalbums/05_BS_Spraglet_Fotoalbum/BS20.jpg
2026-05-30T06:01:19.861Z thumbsup:error Error: Command failed: gm composite: Corrupt JPEG data: 3 extraneous bytes before marker 0xd7 (/home/lsolesen/projects/historie-gallery/images/Fotoalbums/05_BS_Spraglet_Fotoalbum/BS20.jpg).
2026-05-30T06:01:19.861Z thumbsup:error 
2026-05-30T06:01:19.892Z thumbsup:error Error processing Fotoalbums/05_BS_Spraglet_Fotoalbum/BS21.jpg -> media/thumbs/Fotoalbums/05_BS_Spraglet_Fotoalbum/BS21.jpg
2026-05-30T06:01:19.892Z thumbsup:error Error: Command failed: gm convert: Corrupt JPEG data: 1 extraneous bytes before marker 0xd7 (/home/lsolesen/projects/historie-gallery/images/Fotoalbums/05_BS_Spraglet_Fotoalbum/BS21.jpg).
2026-05-30T06:01:19.892Z thumbsup:error 
2026-05-30T06:01:19.893Z thumbsup:error Error processing Fotoalbums/05_BS_Spraglet_Fotoalbum/BS2.jpg -> media/thumbs/Fotoalbums/05_BS_Spraglet_Fotoalbum/BS2.jpg
2026-05-30T06:01:19.893Z thumbsup:error Error: Command failed: gm convert: Corrupt JPEG data: 2 extraneous bytes before marker 0xd7 (/home/lsolesen/projects/historie-gallery/images/Fotoalbums/05_BS_Spraglet_Fotoalbum/BS2.jpg).
2026-05-30T06:01:19.893Z thumbsup:error 
2026-05-30T06:01:19.936Z thumbsup:error Error processing Fotoalbums/05_BS_Spraglet_Fotoalbum/BS2.jpg -> media/small/Fotoalbums/05_BS_Spraglet_Fotoalbum/BS2.jpg
2026-05-30T06:01:19.936Z thumbsup:error Error: Command failed: gm convert: Corrupt JPEG data: 2 extraneous bytes before marker 0xd7 (/home/lsolesen/projects/historie-gallery/images/Fotoalbums/05_BS_Spraglet_Fotoalbum/BS2.jpg).
2026-05-30T06:01:19.936Z thumbsup:error 
2026-05-30T06:01:19.936Z thumbsup:error Error processing Fotoalbums/05_BS_Spraglet_Fotoalbum/BS21.jpg -> media/small/Fotoalbums/05_BS_Spraglet_Fotoalbum/BS21.jpg
2026-05-30T06:01:19.936Z thumbsup:error Error: Command failed: gm convert: Corrupt JPEG data: 1 extraneous bytes before marker 0xd7 (/home/lsolesen/projects/historie-gallery/images/Fotoalbums/05_BS_Spraglet_Fotoalbum/BS21.jpg).
2026-05-30T06:01:19.936Z thumbsup:error 
2026-05-30T06:01:19.952Z thumbsup:error Error processing Fotoalbums/05_BS_Spraglet_Fotoalbum/BS21.jpg -> media/large/Fotoalbums/05_BS_Spraglet_Fotoalbum/BS21.jpg
2026-05-30T06:01:19.952Z thumbsup:error Error: Command failed: gm composite: Corrupt JPEG data: 1 extraneous bytes before marker 0xd7 (/home/lsolesen/projects/historie-gallery/images/Fotoalbums/05_BS_Spraglet_Fotoalbum/BS21.jpg).
2026-05-30T06:01:19.952Z thumbsup:error 
2026-05-30T06:01:20.027Z thumbsup:error Error processing Fotoalbums/05_BS_Spraglet_Fotoalbum/BS25.jpg -> media/large/Fotoalbums/05_BS_Spraglet_Fotoalbum/BS25.jpg
2026-05-30T06:01:20.027Z thumbsup:error Error: Command failed: gm composite: Corrupt JPEG data: 1 extraneous bytes before marker 0xd1 (/home/lsolesen/projects/historie-gallery/images/Fotoalbums/05_BS_Spraglet_Fotoalbum/BS25.jpg).
2026-05-30T06:01:20.027Z thumbsup:error 
2026-05-30T06:01:20.035Z thumbsup:error Error processing Fotoalbums/05_BS_Spraglet_Fotoalbum/BS23.jpg -> media/small/Fotoalbums/05_BS_Spraglet_Fotoalbum/BS23.jpg
2026-05-30T06:01:20.035Z thumbsup:error Error: Command failed: gm convert: Corrupt JPEG data: 3 extraneous bytes before marker 0xd0 (/home/lsolesen/projects/historie-gallery/images/Fotoalbums/05_BS_Spraglet_Fotoalbum/BS23.jpg).
2026-05-30T06:01:20.035Z thumbsup:error 
2026-05-30T06:01:20.043Z thumbsup:error Error processing Fotoalbums/05_BS_Spraglet_Fotoalbum/BS23.jpg -> media/large/Fotoalbums/05_BS_Spraglet_Fotoalbum/BS23.jpg
2026-05-30T06:01:20.043Z thumbsup:error Error: Command failed: gm composite: Corrupt JPEG data: 3 extraneous bytes before marker 0xd0 (/home/lsolesen/projects/historie-gallery/images/Fotoalbums/05_BS_Spraglet_Fotoalbum/BS23.jpg).
2026-05-30T06:01:20.043Z thumbsup:error 
2026-05-30T06:01:20.048Z thumbsup:error Error processing Fotoalbums/05_BS_Spraglet_Fotoalbum/BS25.jpg -> media/thumbs/Fotoalbums/05_BS_Spraglet_Fotoalbum/BS25.jpg
2026-05-30T06:01:20.048Z thumbsup:error Error: Command failed: gm convert: Corrupt JPEG data: 1 extraneous bytes before marker 0xd1 (/home/lsolesen/projects/historie-gallery/images/Fotoalbums/05_BS_Spraglet_Fotoalbum/BS25.jpg).
2026-05-30T06:01:20.048Z thumbsup:error 
2026-05-30T06:01:20.077Z thumbsup:error Error processing Fotoalbums/05_BS_Spraglet_Fotoalbum/BS23.jpg -> media/thumbs/Fotoalbums/05_BS_Spraglet_Fotoalbum/BS23.jpg
2026-05-30T06:01:20.077Z thumbsup:error Error: Command failed: gm convert: Corrupt JPEG data: 3 extraneous bytes before marker 0xd0 (/home/lsolesen/projects/historie-gallery/images/Fotoalbums/05_BS_Spraglet_Fotoalbum/BS23.jpg).
2026-05-30T06:01:20.077Z thumbsup:error 
2026-05-30T06:01:20.092Z thumbsup:error Error processing Fotoalbums/05_BS_Spraglet_Fotoalbum/BS24.jpg -> media/thumbs/Fotoalbums/05_BS_Spraglet_Fotoalbum/BS24.jpg
2026-05-30T06:01:20.092Z thumbsup:error Error: Command failed: gm convert: Corrupt JPEG data: 3 extraneous bytes before marker 0xd7 (/home/lsolesen/projects/historie-gallery/images/Fotoalbums/05_BS_Spraglet_Fotoalbum/BS24.jpg).
2026-05-30T06:01:20.092Z thumbsup:error 
2026-05-30T06:01:20.103Z thumbsup:error Error processing Fotoalbums/05_BS_Spraglet_Fotoalbum/BS26.jpg -> media/thumbs/Fotoalbums/05_BS_Spraglet_Fotoalbum/BS26.jpg
2026-05-30T06:01:20.103Z thumbsup:error Error: Command failed: gm convert: Corrupt JPEG data: 1 extraneous bytes before marker 0xd4 (/home/lsolesen/projects/historie-gallery/images/Fotoalbums/05_BS_Spraglet_Fotoalbum/BS26.jpg).
2026-05-30T06:01:20.103Z thumbsup:error 
2026-05-30T06:01:20.131Z thumbsup:error Error processing Fotoalbums/05_BS_Spraglet_Fotoalbum/BS26.jpg -> media/small/Fotoalbums/05_BS_Spraglet_Fotoalbum/BS26.jpg
2026-05-30T06:01:20.131Z thumbsup:error Error: Command failed: gm convert: Corrupt JPEG data: 1 extraneous bytes before marker 0xd4 (/home/lsolesen/projects/historie-gallery/images/Fotoalbums/05_BS_Spraglet_Fotoalbum/BS26.jpg).
2026-05-30T06:01:20.131Z thumbsup:error 
2026-05-30T06:01:20.137Z thumbsup:error Error processing Fotoalbums/05_BS_Spraglet_Fotoalbum/BS25.jpg -> media/small/Fotoalbums/05_BS_Spraglet_Fotoalbum/BS25.jpg
2026-05-30T06:01:20.137Z thumbsup:error Error: Command failed: gm convert: Corrupt JPEG data: 1 extraneous bytes before marker 0xd1 (/home/lsolesen/projects/historie-gallery/images/Fotoalbums/05_BS_Spraglet_Fotoalbum/BS25.jpg).
2026-05-30T06:01:20.137Z thumbsup:error 
2026-05-30T06:01:20.160Z thumbsup:error Error processing Fotoalbums/05_BS_Spraglet_Fotoalbum/BS27.jpg -> media/small/Fotoalbums/05_BS_Spraglet_Fotoalbum/BS27.jpg
2026-05-30T06:01:20.160Z thumbsup:error Error: Command failed: gm convert: Corrupt JPEG data: 1 extraneous bytes before marker 0xd6 (/home/lsolesen/projects/historie-gallery/images/Fotoalbums/05_BS_Spraglet_Fotoalbum/BS27.jpg).
2026-05-30T06:01:20.160Z thumbsup:error 
2026-05-30T06:01:20.161Z thumbsup:error Error processing Fotoalbums/05_BS_Spraglet_Fotoalbum/BS28.jpg -> media/thumbs/Fotoalbums/05_BS_Spraglet_Fotoalbum/BS28.jpg
2026-05-30T06:01:20.161Z thumbsup:error Error: Command failed: gm convert: Corrupt JPEG data: 1 extraneous bytes before marker 0xd7 (/home/lsolesen/projects/historie-gallery/images/Fotoalbums/05_BS_Spraglet_Fotoalbum/BS28.jpg).
2026-05-30T06:01:20.161Z thumbsup:error 
2026-05-30T06:01:20.174Z thumbsup:error Error processing Fotoalbums/05_BS_Spraglet_Fotoalbum/BS27.jpg -> media/thumbs/Fotoalbums/05_BS_Spraglet_Fotoalbum/BS27.jpg
2026-05-30T06:01:20.174Z thumbsup:error Error: Command failed: gm convert: Corrupt JPEG data: 1 extraneous bytes before marker 0xd6 (/home/lsolesen/projects/historie-gallery/images/Fotoalbums/05_BS_Spraglet_Fotoalbum/BS27.jpg).
2026-05-30T06:01:20.174Z thumbsup:error 
2026-05-30T06:01:20.189Z thumbsup:error Error processing Fotoalbums/05_BS_Spraglet_Fotoalbum/BS24.jpg -> media/large/Fotoalbums/05_BS_Spraglet_Fotoalbum/BS24.jpg
2026-05-30T06:01:20.189Z thumbsup:error Error: Command failed: gm composite: Corrupt JPEG data: 3 extraneous bytes before marker 0xd7 (/home/lsolesen/projects/historie-gallery/images/Fotoalbums/05_BS_Spraglet_Fotoalbum/BS24.jpg).
2026-05-30T06:01:20.189Z thumbsup:error 
2026-05-30T06:01:20.202Z thumbsup:error Error processing Fotoalbums/05_BS_Spraglet_Fotoalbum/BS24.jpg -> media/small/Fotoalbums/05_BS_Spraglet_Fotoalbum/BS24.jpg
2026-05-30T06:01:20.202Z thumbsup:error Error: Command failed: gm convert: Corrupt JPEG data: 3 extraneous bytes before marker 0xd7 (/home/lsolesen/projects/historie-gallery/images/Fotoalbums/05_BS_Spraglet_Fotoalbum/BS24.jpg).
2026-05-30T06:01:20.202Z thumbsup:error 
2026-05-30T06:01:20.202Z thumbsup:error Error processing Fotoalbums/05_BS_Spraglet_Fotoalbum/BS22.jpg -> media/large/Fotoalbums/05_BS_Spraglet_Fotoalbum/BS22.jpg
2026-05-30T06:01:20.202Z thumbsup:error Error: Command failed: gm composite: Corrupt JPEG data: 8 extraneous bytes before marker 0xd7 (/home/lsolesen/projects/historie-gallery/images/Fotoalbums/05_BS_Spraglet_Fotoalbum/BS22.jpg).
2026-05-30T06:01:20.202Z thumbsup:error 
2026-05-30T06:01:20.218Z thumbsup:error Error processing Fotoalbums/05_BS_Spraglet_Fotoalbum/BS27.jpg -> media/large/Fotoalbums/05_BS_Spraglet_Fotoalbum/BS27.jpg
2026-05-30T06:01:20.218Z thumbsup:error Error: Command failed: gm composite: Corrupt JPEG data: 1 extraneous bytes before marker 0xd6 (/home/lsolesen/projects/historie-gallery/images/Fotoalbums/05_BS_Spraglet_Fotoalbum/BS27.jpg).
2026-05-30T06:01:20.218Z thumbsup:error 
2026-05-30T06:01:20.238Z thumbsup:error Error processing Fotoalbums/05_BS_Spraglet_Fotoalbum/BS26.jpg -> media/large/Fotoalbums/05_BS_Spraglet_Fotoalbum/BS26.jpg
2026-05-30T06:01:20.238Z thumbsup:error Error: Command failed: gm composite: Corrupt JPEG data: 1 extraneous bytes before marker 0xd4 (/home/lsolesen/projects/historie-gallery/images/Fotoalbums/05_BS_Spraglet_Fotoalbum/BS26.jpg).
2026-05-30T06:01:20.238Z thumbsup:error 
2026-05-30T06:01:20.238Z thumbsup:error Error processing Fotoalbums/05_BS_Spraglet_Fotoalbum/BS22.jpg -> media/small/Fotoalbums/05_BS_Spraglet_Fotoalbum/BS22.jpg
2026-05-30T06:01:20.238Z thumbsup:error Error: Command failed: gm convert: Corrupt JPEG data: 8 extraneous bytes before marker 0xd7 (/home/lsolesen/projects/historie-gallery/images/Fotoalbums/05_BS_Spraglet_Fotoalbum/BS22.jpg).
2026-05-30T06:01:20.238Z thumbsup:error 
2026-05-30T06:01:20.253Z thumbsup:error Error processing Fotoalbums/05_BS_Spraglet_Fotoalbum/BS28.jpg -> media/small/Fotoalbums/05_BS_Spraglet_Fotoalbum/BS28.jpg
2026-05-30T06:01:20.253Z thumbsup:error Error: Command failed: gm convert: Corrupt JPEG data: 1 extraneous bytes before marker 0xd7 (/home/lsolesen/projects/historie-gallery/images/Fotoalbums/05_BS_Spraglet_Fotoalbum/BS28.jpg).
2026-05-30T06:01:20.253Z thumbsup:error 
2026-05-30T06:01:20.262Z thumbsup:error Error processing Fotoalbums/05_BS_Spraglet_Fotoalbum/BS28.jpg -> media/large/Fotoalbums/05_BS_Spraglet_Fotoalbum/BS28.jpg
2026-05-30T06:01:20.262Z thumbsup:error Error: Command failed: gm composite: Corrupt JPEG data: 1 extraneous bytes before marker 0xd7 (/home/lsolesen/projects/historie-gallery/images/Fotoalbums/05_BS_Spraglet_Fotoalbum/BS28.jpg).
2026-05-30T06:01:20.262Z thumbsup:error 
2026-05-30T06:01:20.262Z thumbsup:error Error processing Fotoalbums/05_BS_Spraglet_Fotoalbum/BS22.jpg -> media/thumbs/Fotoalbums/05_BS_Spraglet_Fotoalbum/BS22.jpg
2026-05-30T06:01:20.262Z thumbsup:error Error: Command failed: gm convert: Corrupt JPEG data: 8 extraneous bytes before marker 0xd7 (/home/lsolesen/projects/historie-gallery/images/Fotoalbums/05_BS_Spraglet_Fotoalbum/BS22.jpg).
2026-05-30T06:01:20.262Z thumbsup:error 
2026-05-30T06:01:20.314Z thumbsup:error Error processing Fotoalbums/05_BS_Spraglet_Fotoalbum/BS29.jpg -> media/thumbs/Fotoalbums/05_BS_Spraglet_Fotoalbum/BS29.jpg
2026-05-30T06:01:20.314Z thumbsup:error Error: Command failed: gm convert: Corrupt JPEG data: 2 extraneous bytes before marker 0xd7 (/home/lsolesen/projects/historie-gallery/images/Fotoalbums/05_BS_Spraglet_Fotoalbum/BS29.jpg).
2026-05-30T06:01:20.314Z thumbsup:error 
2026-05-30T06:01:20.320Z thumbsup:error Error processing Fotoalbums/05_BS_Spraglet_Fotoalbum/BS29.jpg -> media/large/Fotoalbums/05_BS_Spraglet_Fotoalbum/BS29.jpg
2026-05-30T06:01:20.320Z thumbsup:error Error: Command failed: gm composite: Corrupt JPEG data: 2 extraneous bytes before marker 0xd7 (/home/lsolesen/projects/historie-gallery/images/Fotoalbums/05_BS_Spraglet_Fotoalbum/BS29.jpg).
2026-05-30T06:01:20.320Z thumbsup:error 
2026-05-30T06:01:20.330Z thumbsup:error Error processing Fotoalbums/05_BS_Spraglet_Fotoalbum/BS30.jpg -> media/thumbs/Fotoalbums/05_BS_Spraglet_Fotoalbum/BS30.jpg
2026-05-30T06:01:20.330Z thumbsup:error Error: Command failed: gm convert: Corrupt JPEG data: 2 extraneous bytes before marker 0xd4 (/home/lsolesen/projects/historie-gallery/images/Fotoalbums/05_BS_Spraglet_Fotoalbum/BS30.jpg).
2026-05-30T06:01:20.330Z thumbsup:error 
2026-05-30T06:01:20.330Z thumbsup:error Error processing Fotoalbums/05_BS_Spraglet_Fotoalbum/BS30.jpg -> media/small/Fotoalbums/05_BS_Spraglet_Fotoalbum/BS30.jpg
2026-05-30T06:01:20.330Z thumbsup:error Error: Command failed: gm convert: Corrupt JPEG data: 2 extraneous bytes before marker 0xd4 (/home/lsolesen/projects/historie-gallery/images/Fotoalbums/05_BS_Spraglet_Fotoalbum/BS30.jpg).
2026-05-30T06:01:20.330Z thumbsup:error 
2026-05-30T06:01:20.349Z thumbsup:error Error processing Fotoalbums/05_BS_Spraglet_Fotoalbum/BS30.jpg -> media/large/Fotoalbums/05_BS_Spraglet_Fotoalbum/BS30.jpg
2026-05-30T06:01:20.349Z thumbsup:error Error: Command failed: gm composite: Corrupt JPEG data: 2 extraneous bytes before marker 0xd4 (/home/lsolesen/projects/historie-gallery/images/Fotoalbums/05_BS_Spraglet_Fotoalbum/BS30.jpg).
2026-05-30T06:01:20.349Z thumbsup:error 
2026-05-30T06:01:20.363Z thumbsup:error Error processing Fotoalbums/05_BS_Spraglet_Fotoalbum/BS29.jpg -> media/small/Fotoalbums/05_BS_Spraglet_Fotoalbum/BS29.jpg
2026-05-30T06:01:20.363Z thumbsup:error Error: Command failed: gm convert: Corrupt JPEG data: 2 extraneous bytes before marker 0xd7 (/home/lsolesen/projects/historie-gallery/images/Fotoalbums/05_BS_Spraglet_Fotoalbum/BS29.jpg).
2026-05-30T06:01:20.363Z thumbsup:error 
2026-05-30T06:01:20.440Z thumbsup:error Error processing Fotoalbums/05_BS_Spraglet_Fotoalbum/BS3.jpg -> media/small/Fotoalbums/05_BS_Spraglet_Fotoalbum/BS3.jpg
2026-05-30T06:01:20.440Z thumbsup:error Error: Command failed: gm convert: Corrupt JPEG data: 4 extraneous bytes before marker 0xd7 (/home/lsolesen/projects/historie-gallery/images/Fotoalbums/05_BS_Spraglet_Fotoalbum/BS3.jpg).
2026-05-30T06:01:20.440Z thumbsup:error 
2026-05-30T06:01:20.446Z thumbsup:error Error processing Fotoalbums/05_BS_Spraglet_Fotoalbum/BS32.jpg -> media/small/Fotoalbums/05_BS_Spraglet_Fotoalbum/BS32.jpg
2026-05-30T06:01:20.446Z thumbsup:error Error: Command failed: gm convert: Corrupt JPEG data: 2 extraneous bytes before marker 0xd7 (/home/lsolesen/projects/historie-gallery/images/Fotoalbums/05_BS_Spraglet_Fotoalbum/BS32.jpg).
2026-05-30T06:01:20.446Z thumbsup:error 
2026-05-30T06:01:20.450Z thumbsup:error Error processing Fotoalbums/05_BS_Spraglet_Fotoalbum/BS32.jpg -> media/thumbs/Fotoalbums/05_BS_Spraglet_Fotoalbum/BS32.jpg
2026-05-30T06:01:20.450Z thumbsup:error Error: Command failed: gm convert: Corrupt JPEG data: 2 extraneous bytes before marker 0xd7 (/home/lsolesen/projects/historie-gallery/images/Fotoalbums/05_BS_Spraglet_Fotoalbum/BS32.jpg).
2026-05-30T06:01:20.450Z thumbsup:error 
2026-05-30T06:01:20.456Z thumbsup:error Error processing Fotoalbums/05_BS_Spraglet_Fotoalbum/BS3.jpg -> media/thumbs/Fotoalbums/05_BS_Spraglet_Fotoalbum/BS3.jpg
2026-05-30T06:01:20.456Z thumbsup:error Error: Command failed: gm convert: Corrupt JPEG data: 4 extraneous bytes before marker 0xd7 (/home/lsolesen/projects/historie-gallery/images/Fotoalbums/05_BS_Spraglet_Fotoalbum/BS3.jpg).
2026-05-30T06:01:20.456Z thumbsup:error 
2026-05-30T06:01:20.457Z thumbsup:error Error processing Fotoalbums/05_BS_Spraglet_Fotoalbum/BS34.jpg -> media/thumbs/Fotoalbums/05_BS_Spraglet_Fotoalbum/BS34.jpg
2026-05-30T06:01:20.457Z thumbsup:error Error: Command failed: gm convert: Corrupt JPEG data: 2 extraneous bytes before marker 0xd7 (/home/lsolesen/projects/historie-gallery/images/Fotoalbums/05_BS_Spraglet_Fotoalbum/BS34.jpg).
2026-05-30T06:01:20.457Z thumbsup:error 
2026-05-30T06:01:20.503Z thumbsup:error Error processing Fotoalbums/05_BS_Spraglet_Fotoalbum/BS34.jpg -> media/small/Fotoalbums/05_BS_Spraglet_Fotoalbum/BS34.jpg
2026-05-30T06:01:20.503Z thumbsup:error Error: Command failed: gm convert: Corrupt JPEG data: 2 extraneous bytes before marker 0xd7 (/home/lsolesen/projects/historie-gallery/images/Fotoalbums/05_BS_Spraglet_Fotoalbum/BS34.jpg).
2026-05-30T06:01:20.503Z thumbsup:error 
2026-05-30T06:01:20.531Z thumbsup:error Error processing Fotoalbums/05_BS_Spraglet_Fotoalbum/BS32.jpg -> media/large/Fotoalbums/05_BS_Spraglet_Fotoalbum/BS32.jpg
2026-05-30T06:01:20.531Z thumbsup:error Error: Command failed: gm composite: Corrupt JPEG data: 2 extraneous bytes before marker 0xd7 (/home/lsolesen/projects/historie-gallery/images/Fotoalbums/05_BS_Spraglet_Fotoalbum/BS32.jpg).
2026-05-30T06:01:20.531Z thumbsup:error 
2026-05-30T06:01:20.547Z thumbsup:error Error processing Fotoalbums/05_BS_Spraglet_Fotoalbum/BS33.jpg -> media/small/Fotoalbums/05_BS_Spraglet_Fotoalbum/BS33.jpg
2026-05-30T06:01:20.547Z thumbsup:error Error: Command failed: gm convert: Corrupt JPEG data: 1 extraneous bytes before marker 0xd7 (/home/lsolesen/projects/historie-gallery/images/Fotoalbums/05_BS_Spraglet_Fotoalbum/BS33.jpg).
2026-05-30T06:01:20.547Z thumbsup:error 
2026-05-30T06:01:20.587Z thumbsup:error Error processing Fotoalbums/05_BS_Spraglet_Fotoalbum/BS3.jpg -> media/large/Fotoalbums/05_BS_Spraglet_Fotoalbum/BS3.jpg
2026-05-30T06:01:20.587Z thumbsup:error Error: Command failed: gm composite: Corrupt JPEG data: 4 extraneous bytes before marker 0xd7 (/home/lsolesen/projects/historie-gallery/images/Fotoalbums/05_BS_Spraglet_Fotoalbum/BS3.jpg).
2026-05-30T06:01:20.587Z thumbsup:error 
2026-05-30T06:01:20.593Z thumbsup:error Error processing Fotoalbums/05_BS_Spraglet_Fotoalbum/BS34.jpg -> media/large/Fotoalbums/05_BS_Spraglet_Fotoalbum/BS34.jpg
2026-05-30T06:01:20.593Z thumbsup:error Error: Command failed: gm composite: Corrupt JPEG data: 2 extraneous bytes before marker 0xd7 (/home/lsolesen/projects/historie-gallery/images/Fotoalbums/05_BS_Spraglet_Fotoalbum/BS34.jpg).
2026-05-30T06:01:20.593Z thumbsup:error 
2026-05-30T06:01:20.611Z thumbsup:error Error processing Fotoalbums/05_BS_Spraglet_Fotoalbum/BS36.jpg -> media/small/Fotoalbums/05_BS_Spraglet_Fotoalbum/BS36.jpg
2026-05-30T06:01:20.611Z thumbsup:error Error: Command failed: gm convert: Corrupt JPEG data: 8 extraneous bytes before marker 0xd7 (/home/lsolesen/projects/historie-gallery/images/Fotoalbums/05_BS_Spraglet_Fotoalbum/BS36.jpg).
2026-05-30T06:01:20.611Z thumbsup:error 
2026-05-30T06:01:20.618Z thumbsup:error Error processing Fotoalbums/05_BS_Spraglet_Fotoalbum/BS33.jpg -> media/thumbs/Fotoalbums/05_BS_Spraglet_Fotoalbum/BS33.jpg
2026-05-30T06:01:20.618Z thumbsup:error Error: Command failed: gm convert: Corrupt JPEG data: 1 extraneous bytes before marker 0xd7 (/home/lsolesen/projects/historie-gallery/images/Fotoalbums/05_BS_Spraglet_Fotoalbum/BS33.jpg).
2026-05-30T06:01:20.618Z thumbsup:error 
2026-05-30T06:01:20.619Z thumbsup:error Error processing Fotoalbums/05_BS_Spraglet_Fotoalbum/BS36.jpg -> media/thumbs/Fotoalbums/05_BS_Spraglet_Fotoalbum/BS36.jpg
2026-05-30T06:01:20.619Z thumbsup:error Error: Command failed: gm convert: Corrupt JPEG data: 8 extraneous bytes before marker 0xd7 (/home/lsolesen/projects/historie-gallery/images/Fotoalbums/05_BS_Spraglet_Fotoalbum/BS36.jpg).
2026-05-30T06:01:20.619Z thumbsup:error 
2026-05-30T06:01:20.638Z thumbsup:error Error processing Fotoalbums/05_BS_Spraglet_Fotoalbum/BS33.jpg -> media/large/Fotoalbums/05_BS_Spraglet_Fotoalbum/BS33.jpg
2026-05-30T06:01:20.638Z thumbsup:error Error: Command failed: gm composite: Corrupt JPEG data: 1 extraneous bytes before marker 0xd7 (/home/lsolesen/projects/historie-gallery/images/Fotoalbums/05_BS_Spraglet_Fotoalbum/BS33.jpg).
2026-05-30T06:01:20.638Z thumbsup:error 
2026-05-30T06:01:20.663Z thumbsup:error Error processing Fotoalbums/05_BS_Spraglet_Fotoalbum/BS36.jpg -> media/large/Fotoalbums/05_BS_Spraglet_Fotoalbum/BS36.jpg
2026-05-30T06:01:20.663Z thumbsup:error Error: Command failed: gm composite: Corrupt JPEG data: 8 extraneous bytes before marker 0xd7 (/home/lsolesen/projects/historie-gallery/images/Fotoalbums/05_BS_Spraglet_Fotoalbum/BS36.jpg).
2026-05-30T06:01:20.663Z thumbsup:error 
2026-05-30T06:01:20.727Z thumbsup:error Error processing Fotoalbums/05_BS_Spraglet_Fotoalbum/BS37.jpg -> media/thumbs/Fotoalbums/05_BS_Spraglet_Fotoalbum/BS37.jpg
2026-05-30T06:01:20.727Z thumbsup:error Error: Command failed: gm convert: Corrupt JPEG data: 2 extraneous bytes before marker 0xd6 (/home/lsolesen/projects/historie-gallery/images/Fotoalbums/05_BS_Spraglet_Fotoalbum/BS37.jpg).
2026-05-30T06:01:20.727Z thumbsup:error 
2026-05-30T06:01:20.763Z thumbsup:error Error processing Fotoalbums/05_BS_Spraglet_Fotoalbum/BS39.jpg -> media/thumbs/Fotoalbums/05_BS_Spraglet_Fotoalbum/BS39.jpg
2026-05-30T06:01:20.763Z thumbsup:error Error: Command failed: gm convert: Corrupt JPEG data: 3 extraneous bytes before marker 0xd2 (/home/lsolesen/projects/historie-gallery/images/Fotoalbums/05_BS_Spraglet_Fotoalbum/BS39.jpg).
2026-05-30T06:01:20.763Z thumbsup:error 
2026-05-30T06:01:20.777Z thumbsup:error Error processing Fotoalbums/05_BS_Spraglet_Fotoalbum/BS39.jpg -> media/large/Fotoalbums/05_BS_Spraglet_Fotoalbum/BS39.jpg
2026-05-30T06:01:20.777Z thumbsup:error Error: Command failed: gm composite: Corrupt JPEG data: 3 extraneous bytes before marker 0xd2 (/home/lsolesen/projects/historie-gallery/images/Fotoalbums/05_BS_Spraglet_Fotoalbum/BS39.jpg).
2026-05-30T06:01:20.777Z thumbsup:error 
2026-05-30T06:01:20.966Z thumbsup:error Error processing Fotoalbums/05_BS_Spraglet_Fotoalbum/BS38.jpg -> media/large/Fotoalbums/05_BS_Spraglet_Fotoalbum/BS38.jpg
2026-05-30T06:01:20.966Z thumbsup:error Error: Command failed: gm composite: Corrupt JPEG data: 1 extraneous bytes before marker 0xd7 (/home/lsolesen/projects/historie-gallery/images/Fotoalbums/05_BS_Spraglet_Fotoalbum/BS38.jpg).
2026-05-30T06:01:20.966Z thumbsup:error 
2026-05-30T06:01:21.004Z thumbsup:error Error processing Fotoalbums/05_BS_Spraglet_Fotoalbum/BS40.jpg -> media/large/Fotoalbums/05_BS_Spraglet_Fotoalbum/BS40.jpg
2026-05-30T06:01:21.004Z thumbsup:error Error: Command failed: gm composite: Corrupt JPEG data: 1 extraneous bytes before marker 0xd5 (/home/lsolesen/projects/historie-gallery/images/Fotoalbums/05_BS_Spraglet_Fotoalbum/BS40.jpg).
2026-05-30T06:01:21.004Z thumbsup:error 
2026-05-30T06:01:21.019Z thumbsup:error Error processing Fotoalbums/05_BS_Spraglet_Fotoalbum/BS38.jpg -> media/small/Fotoalbums/05_BS_Spraglet_Fotoalbum/BS38.jpg
2026-05-30T06:01:21.019Z thumbsup:error Error: Command failed: gm convert: Corrupt JPEG data: 1 extraneous bytes before marker 0xd7 (/home/lsolesen/projects/historie-gallery/images/Fotoalbums/05_BS_Spraglet_Fotoalbum/BS38.jpg).
2026-05-30T06:01:21.019Z thumbsup:error 
2026-05-30T06:01:21.032Z thumbsup:error Error processing Fotoalbums/05_BS_Spraglet_Fotoalbum/BS4.jpg -> media/thumbs/Fotoalbums/05_BS_Spraglet_Fotoalbum/BS4.jpg
2026-05-30T06:01:21.032Z thumbsup:error Error: Command failed: gm convert: Corrupt JPEG data: 1 extraneous bytes before marker 0xd3 (/home/lsolesen/projects/historie-gallery/images/Fotoalbums/05_BS_Spraglet_Fotoalbum/BS4.jpg).
2026-05-30T06:01:21.032Z thumbsup:error 
2026-05-30T06:01:21.049Z thumbsup:error Error processing Fotoalbums/05_BS_Spraglet_Fotoalbum/BS4.jpg -> media/small/Fotoalbums/05_BS_Spraglet_Fotoalbum/BS4.jpg
2026-05-30T06:01:21.049Z thumbsup:error Error: Command failed: gm convert: Corrupt JPEG data: 1 extraneous bytes before marker 0xd3 (/home/lsolesen/projects/historie-gallery/images/Fotoalbums/05_BS_Spraglet_Fotoalbum/BS4.jpg).
2026-05-30T06:01:21.049Z thumbsup:error 
2026-05-30T06:01:21.050Z thumbsup:error Error processing Fotoalbums/05_BS_Spraglet_Fotoalbum/BS37.jpg -> media/small/Fotoalbums/05_BS_Spraglet_Fotoalbum/BS37.jpg
2026-05-30T06:01:21.050Z thumbsup:error Error: Command failed: gm convert: Corrupt JPEG data: 2 extraneous bytes before marker 0xd6 (/home/lsolesen/projects/historie-gallery/images/Fotoalbums/05_BS_Spraglet_Fotoalbum/BS37.jpg).
2026-05-30T06:01:21.050Z thumbsup:error 
2026-05-30T06:01:21.060Z thumbsup:error Error processing Fotoalbums/05_BS_Spraglet_Fotoalbum/BS37.jpg -> media/large/Fotoalbums/05_BS_Spraglet_Fotoalbum/BS37.jpg
2026-05-30T06:01:21.060Z thumbsup:error Error: Command failed: gm composite: Corrupt JPEG data: 2 extraneous bytes before marker 0xd6 (/home/lsolesen/projects/historie-gallery/images/Fotoalbums/05_BS_Spraglet_Fotoalbum/BS37.jpg).
2026-05-30T06:01:21.060Z thumbsup:error 
2026-05-30T06:01:21.060Z thumbsup:error Error processing Fotoalbums/05_BS_Spraglet_Fotoalbum/BS31.jpg -> media/thumbs/Fotoalbums/05_BS_Spraglet_Fotoalbum/BS31.jpg
2026-05-30T06:01:21.060Z thumbsup:error Error: Command failed: gm convert: Corrupt JPEG data: 7 extraneous bytes before marker 0xd7 (/home/lsolesen/projects/historie-gallery/images/Fotoalbums/05_BS_Spraglet_Fotoalbum/BS31.jpg).
2026-05-30T06:01:21.060Z thumbsup:error 
2026-05-30T06:01:21.074Z thumbsup:error Error processing Fotoalbums/05_BS_Spraglet_Fotoalbum/BS31.jpg -> media/small/Fotoalbums/05_BS_Spraglet_Fotoalbum/BS31.jpg
2026-05-30T06:01:21.074Z thumbsup:error Error: Command failed: gm convert: Corrupt JPEG data: 7 extraneous bytes before marker 0xd7 (/home/lsolesen/projects/historie-gallery/images/Fotoalbums/05_BS_Spraglet_Fotoalbum/BS31.jpg).
2026-05-30T06:01:21.074Z thumbsup:error 
2026-05-30T06:01:21.074Z thumbsup:error Error processing Fotoalbums/05_BS_Spraglet_Fotoalbum/BS31.jpg -> media/large/Fotoalbums/05_BS_Spraglet_Fotoalbum/BS31.jpg
2026-05-30T06:01:21.074Z thumbsup:error Error: Command failed: gm composite: Corrupt JPEG data: 7 extraneous bytes before marker 0xd7 (/home/lsolesen/projects/historie-gallery/images/Fotoalbums/05_BS_Spraglet_Fotoalbum/BS31.jpg).
2026-05-30T06:01:21.074Z thumbsup:error 
2026-05-30T06:01:21.075Z thumbsup:error Error processing Fotoalbums/05_BS_Spraglet_Fotoalbum/BS39.jpg -> media/small/Fotoalbums/05_BS_Spraglet_Fotoalbum/BS39.jpg
2026-05-30T06:01:21.075Z thumbsup:error Error: Command failed: gm convert: Corrupt JPEG data: 3 extraneous bytes before marker 0xd2 (/home/lsolesen/projects/historie-gallery/images/Fotoalbums/05_BS_Spraglet_Fotoalbum/BS39.jpg).
2026-05-30T06:01:21.075Z thumbsup:error 
2026-05-30T06:01:21.075Z thumbsup:error Error processing Fotoalbums/05_BS_Spraglet_Fotoalbum/BS40.jpg -> media/thumbs/Fotoalbums/05_BS_Spraglet_Fotoalbum/BS40.jpg
2026-05-30T06:01:21.075Z thumbsup:error Error: Command failed: gm convert: Corrupt JPEG data: 1 extraneous bytes before marker 0xd5 (/home/lsolesen/projects/historie-gallery/images/Fotoalbums/05_BS_Spraglet_Fotoalbum/BS40.jpg).
2026-05-30T06:01:21.075Z thumbsup:error 
2026-05-30T06:01:21.096Z thumbsup:error Error processing Fotoalbums/05_BS_Spraglet_Fotoalbum/BS41.jpg -> media/thumbs/Fotoalbums/05_BS_Spraglet_Fotoalbum/BS41.jpg
2026-05-30T06:01:21.096Z thumbsup:error Error: Command failed: gm convert: Corrupt JPEG data: 3 extraneous bytes before marker 0xd7 (/home/lsolesen/projects/historie-gallery/images/Fotoalbums/05_BS_Spraglet_Fotoalbum/BS41.jpg).
2026-05-30T06:01:21.096Z thumbsup:error 
2026-05-30T06:01:21.126Z thumbsup:error Error processing Fotoalbums/05_BS_Spraglet_Fotoalbum/BS41.jpg -> media/small/Fotoalbums/05_BS_Spraglet_Fotoalbum/BS41.jpg
2026-05-30T06:01:21.126Z thumbsup:error Error: Command failed: gm convert: Corrupt JPEG data: 3 extraneous bytes before marker 0xd7 (/home/lsolesen/projects/historie-gallery/images/Fotoalbums/05_BS_Spraglet_Fotoalbum/BS41.jpg).
2026-05-30T06:01:21.126Z thumbsup:error 
2026-05-30T06:01:21.127Z thumbsup:error Error processing Fotoalbums/05_BS_Spraglet_Fotoalbum/BS38.jpg -> media/thumbs/Fotoalbums/05_BS_Spraglet_Fotoalbum/BS38.jpg
2026-05-30T06:01:21.127Z thumbsup:error Error: Command failed: gm convert: Corrupt JPEG data: 1 extraneous bytes before marker 0xd7 (/home/lsolesen/projects/historie-gallery/images/Fotoalbums/05_BS_Spraglet_Fotoalbum/BS38.jpg).
2026-05-30T06:01:21.127Z thumbsup:error 
2026-05-30T06:01:21.149Z thumbsup:error Error processing Fotoalbums/05_BS_Spraglet_Fotoalbum/BS40.jpg -> media/small/Fotoalbums/05_BS_Spraglet_Fotoalbum/BS40.jpg
2026-05-30T06:01:21.149Z thumbsup:error Error: Command failed: gm convert: Corrupt JPEG data: 1 extraneous bytes before marker 0xd5 (/home/lsolesen/projects/historie-gallery/images/Fotoalbums/05_BS_Spraglet_Fotoalbum/BS40.jpg).
2026-05-30T06:01:21.149Z thumbsup:error 
2026-05-30T06:01:21.150Z thumbsup:error Error processing Fotoalbums/05_BS_Spraglet_Fotoalbum/BS4.jpg -> media/large/Fotoalbums/05_BS_Spraglet_Fotoalbum/BS4.jpg
2026-05-30T06:01:21.150Z thumbsup:error Error: Command failed: gm composite: Corrupt JPEG data: 1 extraneous bytes before marker 0xd3 (/home/lsolesen/projects/historie-gallery/images/Fotoalbums/05_BS_Spraglet_Fotoalbum/BS4.jpg).
2026-05-30T06:01:21.150Z thumbsup:error 
2026-05-30T06:01:21.169Z thumbsup:error Error processing Fotoalbums/05_BS_Spraglet_Fotoalbum/BS35.jpg -> media/thumbs/Fotoalbums/05_BS_Spraglet_Fotoalbum/BS35.jpg
2026-05-30T06:01:21.169Z thumbsup:error Error: Command failed: gm convert: Corrupt JPEG data: 1 extraneous bytes before marker 0xd5 (/home/lsolesen/projects/historie-gallery/images/Fotoalbums/05_BS_Spraglet_Fotoalbum/BS35.jpg).
2026-05-30T06:01:21.169Z thumbsup:error 
2026-05-30T06:01:21.169Z thumbsup:error Error processing Fotoalbums/05_BS_Spraglet_Fotoalbum/BS41.jpg -> media/large/Fotoalbums/05_BS_Spraglet_Fotoalbum/BS41.jpg
2026-05-30T06:01:21.169Z thumbsup:error Error: Command failed: gm composite: Corrupt JPEG data: 3 extraneous bytes before marker 0xd7 (/home/lsolesen/projects/historie-gallery/images/Fotoalbums/05_BS_Spraglet_Fotoalbum/BS41.jpg).
2026-05-30T06:01:21.169Z thumbsup:error 
2026-05-30T06:01:21.170Z thumbsup:error Error processing Fotoalbums/05_BS_Spraglet_Fotoalbum/BS35.jpg -> media/small/Fotoalbums/05_BS_Spraglet_Fotoalbum/BS35.jpg
2026-05-30T06:01:21.170Z thumbsup:error Error: Command failed: gm convert: Corrupt JPEG data: 1 extraneous bytes before marker 0xd5 (/home/lsolesen/projects/historie-gallery/images/Fotoalbums/05_BS_Spraglet_Fotoalbum/BS35.jpg).
2026-05-30T06:01:21.170Z thumbsup:error 
2026-05-30T06:01:21.249Z thumbsup:error Error processing Fotoalbums/05_BS_Spraglet_Fotoalbum/BS35.jpg -> media/large/Fotoalbums/05_BS_Spraglet_Fotoalbum/BS35.jpg
2026-05-30T06:01:21.249Z thumbsup:error Error: Command failed: gm composite: Corrupt JPEG data: 1 extraneous bytes before marker 0xd5 (/home/lsolesen/projects/historie-gallery/images/Fotoalbums/05_BS_Spraglet_Fotoalbum/BS35.jpg).
2026-05-30T06:01:21.249Z thumbsup:error 
2026-05-30T06:01:21.301Z thumbsup:error Error processing Fotoalbums/05_BS_Spraglet_Fotoalbum/BS42.jpg -> media/thumbs/Fotoalbums/05_BS_Spraglet_Fotoalbum/BS42.jpg
2026-05-30T06:01:21.301Z thumbsup:error Error: Command failed: gm convert: Corrupt JPEG data: 1 extraneous bytes before marker 0xd0 (/home/lsolesen/projects/historie-gallery/images/Fotoalbums/05_BS_Spraglet_Fotoalbum/BS42.jpg).
2026-05-30T06:01:21.301Z thumbsup:error 
2026-05-30T06:01:21.326Z thumbsup:error Error processing Fotoalbums/05_BS_Spraglet_Fotoalbum/BS42.jpg -> media/small/Fotoalbums/05_BS_Spraglet_Fotoalbum/BS42.jpg
2026-05-30T06:01:21.326Z thumbsup:error Error: Command failed: gm convert: Corrupt JPEG data: 1 extraneous bytes before marker 0xd0 (/home/lsolesen/projects/historie-gallery/images/Fotoalbums/05_BS_Spraglet_Fotoalbum/BS42.jpg).
2026-05-30T06:01:21.326Z thumbsup:error 
2026-05-30T06:01:21.346Z thumbsup:error Error processing Fotoalbums/05_BS_Spraglet_Fotoalbum/BS44.jpg -> media/small/Fotoalbums/05_BS_Spraglet_Fotoalbum/BS44.jpg
2026-05-30T06:01:21.346Z thumbsup:error Error: Command failed: gm convert: Corrupt JPEG data: 2 extraneous bytes before marker 0xd7 (/home/lsolesen/projects/historie-gallery/images/Fotoalbums/05_BS_Spraglet_Fotoalbum/BS44.jpg).
2026-05-30T06:01:21.346Z thumbsup:error 
2026-05-30T06:01:21.367Z thumbsup:error Error processing Fotoalbums/05_BS_Spraglet_Fotoalbum/BS46.jpg -> media/small/Fotoalbums/05_BS_Spraglet_Fotoalbum/BS46.jpg
2026-05-30T06:01:21.367Z thumbsup:error Error: Command failed: gm convert: Corrupt JPEG data: 1 extraneous bytes before marker 0xd7 (/home/lsolesen/projects/historie-gallery/images/Fotoalbums/05_BS_Spraglet_Fotoalbum/BS46.jpg).
2026-05-30T06:01:21.367Z thumbsup:error 
2026-05-30T06:01:21.375Z thumbsup:error Error processing Fotoalbums/05_BS_Spraglet_Fotoalbum/BS46.jpg -> media/thumbs/Fotoalbums/05_BS_Spraglet_Fotoalbum/BS46.jpg
2026-05-30T06:01:21.375Z thumbsup:error Error: Command failed: gm convert: Corrupt JPEG data: 1 extraneous bytes before marker 0xd7 (/home/lsolesen/projects/historie-gallery/images/Fotoalbums/05_BS_Spraglet_Fotoalbum/BS46.jpg).
2026-05-30T06:01:21.375Z thumbsup:error 
2026-05-30T06:01:21.375Z thumbsup:error Error processing Fotoalbums/05_BS_Spraglet_Fotoalbum/BS46.jpg -> media/large/Fotoalbums/05_BS_Spraglet_Fotoalbum/BS46.jpg
2026-05-30T06:01:21.375Z thumbsup:error Error: Command failed: gm composite: Corrupt JPEG data: 1 extraneous bytes before marker 0xd7 (/home/lsolesen/projects/historie-gallery/images/Fotoalbums/05_BS_Spraglet_Fotoalbum/BS46.jpg).
2026-05-30T06:01:21.375Z thumbsup:error 
2026-05-30T06:01:21.436Z thumbsup:error Error processing Fotoalbums/05_BS_Spraglet_Fotoalbum/BS44.jpg -> media/thumbs/Fotoalbums/05_BS_Spraglet_Fotoalbum/BS44.jpg
2026-05-30T06:01:21.436Z thumbsup:error Error: Command failed: gm convert: Corrupt JPEG data: 2 extraneous bytes before marker 0xd7 (/home/lsolesen/projects/historie-gallery/images/Fotoalbums/05_BS_Spraglet_Fotoalbum/BS44.jpg).
2026-05-30T06:01:21.436Z thumbsup:error 
2026-05-30T06:01:21.455Z thumbsup:error Error processing Fotoalbums/05_BS_Spraglet_Fotoalbum/BS43.jpg -> media/thumbs/Fotoalbums/05_BS_Spraglet_Fotoalbum/BS43.jpg
2026-05-30T06:01:21.455Z thumbsup:error Error: Command failed: gm convert: Corrupt JPEG data: 1 extraneous bytes before marker 0xd7 (/home/lsolesen/projects/historie-gallery/images/Fotoalbums/05_BS_Spraglet_Fotoalbum/BS43.jpg).
2026-05-30T06:01:21.455Z thumbsup:error 
2026-05-30T06:01:21.456Z thumbsup:error Error processing Fotoalbums/05_BS_Spraglet_Fotoalbum/BS48.jpg -> media/thumbs/Fotoalbums/05_BS_Spraglet_Fotoalbum/BS48.jpg
2026-05-30T06:01:21.456Z thumbsup:error Error: Command failed: gm convert: Corrupt JPEG data: 1 extraneous bytes before marker 0xd3 (/home/lsolesen/projects/historie-gallery/images/Fotoalbums/05_BS_Spraglet_Fotoalbum/BS48.jpg).
2026-05-30T06:01:21.456Z thumbsup:error 
2026-05-30T06:01:21.456Z thumbsup:error Error processing Fotoalbums/05_BS_Spraglet_Fotoalbum/BS44.jpg -> media/large/Fotoalbums/05_BS_Spraglet_Fotoalbum/BS44.jpg
2026-05-30T06:01:21.456Z thumbsup:error Error: Command failed: gm composite: Corrupt JPEG data: 2 extraneous bytes before marker 0xd7 (/home/lsolesen/projects/historie-gallery/images/Fotoalbums/05_BS_Spraglet_Fotoalbum/BS44.jpg).
2026-05-30T06:01:21.456Z thumbsup:error 
2026-05-30T06:01:21.478Z thumbsup:error Error processing Fotoalbums/05_BS_Spraglet_Fotoalbum/BS43.jpg -> media/small/Fotoalbums/05_BS_Spraglet_Fotoalbum/BS43.jpg
2026-05-30T06:01:21.478Z thumbsup:error Error: Command failed: gm convert: Corrupt JPEG data: 1 extraneous bytes before marker 0xd7 (/home/lsolesen/projects/historie-gallery/images/Fotoalbums/05_BS_Spraglet_Fotoalbum/BS43.jpg).
2026-05-30T06:01:21.478Z thumbsup:error 
2026-05-30T06:01:21.489Z thumbsup:error Error processing Fotoalbums/05_BS_Spraglet_Fotoalbum/BS42.jpg -> media/large/Fotoalbums/05_BS_Spraglet_Fotoalbum/BS42.jpg
2026-05-30T06:01:21.489Z thumbsup:error Error: Command failed: gm composite: Corrupt JPEG data: 1 extraneous bytes before marker 0xd0 (/home/lsolesen/projects/historie-gallery/images/Fotoalbums/05_BS_Spraglet_Fotoalbum/BS42.jpg).
2026-05-30T06:01:21.489Z thumbsup:error 
2026-05-30T06:01:21.509Z thumbsup:error Error processing Fotoalbums/05_BS_Spraglet_Fotoalbum/BS45.jpg -> media/thumbs/Fotoalbums/05_BS_Spraglet_Fotoalbum/BS45.jpg
2026-05-30T06:01:21.509Z thumbsup:error Error: Command failed: gm convert: Corrupt JPEG data: 2 extraneous bytes before marker 0xd7 (/home/lsolesen/projects/historie-gallery/images/Fotoalbums/05_BS_Spraglet_Fotoalbum/BS45.jpg).
2026-05-30T06:01:21.509Z thumbsup:error 
2026-05-30T06:01:21.520Z thumbsup:error Error processing Fotoalbums/05_BS_Spraglet_Fotoalbum/BS45.jpg -> media/small/Fotoalbums/05_BS_Spraglet_Fotoalbum/BS45.jpg
2026-05-30T06:01:21.520Z thumbsup:error Error: Command failed: gm convert: Corrupt JPEG data: 2 extraneous bytes before marker 0xd7 (/home/lsolesen/projects/historie-gallery/images/Fotoalbums/05_BS_Spraglet_Fotoalbum/BS45.jpg).
2026-05-30T06:01:21.520Z thumbsup:error 
2026-05-30T06:01:21.527Z thumbsup:error Error processing Fotoalbums/05_BS_Spraglet_Fotoalbum/BS43.jpg -> media/large/Fotoalbums/05_BS_Spraglet_Fotoalbum/BS43.jpg
2026-05-30T06:01:21.527Z thumbsup:error Error: Command failed: gm composite: Corrupt JPEG data: 1 extraneous bytes before marker 0xd7 (/home/lsolesen/projects/historie-gallery/images/Fotoalbums/05_BS_Spraglet_Fotoalbum/BS43.jpg).
2026-05-30T06:01:21.527Z thumbsup:error 
2026-05-30T06:01:21.532Z thumbsup:error Error processing Fotoalbums/05_BS_Spraglet_Fotoalbum/BS48.jpg -> media/large/Fotoalbums/05_BS_Spraglet_Fotoalbum/BS48.jpg
2026-05-30T06:01:21.532Z thumbsup:error Error: Command failed: gm composite: Corrupt JPEG data: 1 extraneous bytes before marker 0xd3 (/home/lsolesen/projects/historie-gallery/images/Fotoalbums/05_BS_Spraglet_Fotoalbum/BS48.jpg).
2026-05-30T06:01:21.532Z thumbsup:error 
2026-05-30T06:01:21.544Z thumbsup:error Error processing Fotoalbums/05_BS_Spraglet_Fotoalbum/BS45.jpg -> media/large/Fotoalbums/05_BS_Spraglet_Fotoalbum/BS45.jpg
2026-05-30T06:01:21.544Z thumbsup:error Error: Command failed: gm composite: Corrupt JPEG data: 2 extraneous bytes before marker 0xd7 (/home/lsolesen/projects/historie-gallery/images/Fotoalbums/05_BS_Spraglet_Fotoalbum/BS45.jpg).
2026-05-30T06:01:21.544Z thumbsup:error 
2026-05-30T06:01:21.568Z thumbsup:error Error processing Fotoalbums/05_BS_Spraglet_Fotoalbum/BS48.jpg -> media/small/Fotoalbums/05_BS_Spraglet_Fotoalbum/BS48.jpg
2026-05-30T06:01:21.568Z thumbsup:error Error: Command failed: gm convert: Corrupt JPEG data: 1 extraneous bytes before marker 0xd3 (/home/lsolesen/projects/historie-gallery/images/Fotoalbums/05_BS_Spraglet_Fotoalbum/BS48.jpg).
2026-05-30T06:01:21.568Z thumbsup:error 
2026-05-30T06:01:21.591Z thumbsup:error Error processing Fotoalbums/05_BS_Spraglet_Fotoalbum/BS5.jpg -> media/thumbs/Fotoalbums/05_BS_Spraglet_Fotoalbum/BS5.jpg
2026-05-30T06:01:21.591Z thumbsup:error Error: Command failed: gm convert: Corrupt JPEG data: 2 extraneous bytes before marker 0xd7 (/home/lsolesen/projects/historie-gallery/images/Fotoalbums/05_BS_Spraglet_Fotoalbum/BS5.jpg).
2026-05-30T06:01:21.591Z thumbsup:error 
2026-05-30T06:01:21.613Z thumbsup:error Error processing Fotoalbums/05_BS_Spraglet_Fotoalbum/BS5.jpg -> media/small/Fotoalbums/05_BS_Spraglet_Fotoalbum/BS5.jpg
2026-05-30T06:01:21.613Z thumbsup:error Error: Command failed: gm convert: Corrupt JPEG data: 2 extraneous bytes before marker 0xd7 (/home/lsolesen/projects/historie-gallery/images/Fotoalbums/05_BS_Spraglet_Fotoalbum/BS5.jpg).
2026-05-30T06:01:21.613Z thumbsup:error 
2026-05-30T06:01:21.619Z thumbsup:error Error processing Fotoalbums/05_BS_Spraglet_Fotoalbum/BS5.jpg -> media/large/Fotoalbums/05_BS_Spraglet_Fotoalbum/BS5.jpg
2026-05-30T06:01:21.619Z thumbsup:error Error: Command failed: gm composite: Corrupt JPEG data: 2 extraneous bytes before marker 0xd7 (/home/lsolesen/projects/historie-gallery/images/Fotoalbums/05_BS_Spraglet_Fotoalbum/BS5.jpg).
2026-05-30T06:01:21.619Z thumbsup:error 
2026-05-30T06:01:21.713Z thumbsup:error Error processing Fotoalbums/05_BS_Spraglet_Fotoalbum/BS53.jpg -> media/thumbs/Fotoalbums/05_BS_Spraglet_Fotoalbum/BS53.jpg
2026-05-30T06:01:21.713Z thumbsup:error Error: Command failed: gm convert: Corrupt JPEG data: 2 extraneous bytes before marker 0xd7 (/home/lsolesen/projects/historie-gallery/images/Fotoalbums/05_BS_Spraglet_Fotoalbum/BS53.jpg).
2026-05-30T06:01:21.713Z thumbsup:error 
2026-05-30T06:01:21.720Z thumbsup:error Error processing Fotoalbums/05_BS_Spraglet_Fotoalbum/BS47.jpg -> media/thumbs/Fotoalbums/05_BS_Spraglet_Fotoalbum/BS47.jpg
2026-05-30T06:01:21.720Z thumbsup:error Error: Command failed: gm convert: Corrupt JPEG data: 15 extraneous bytes before marker 0xd7 (/home/lsolesen/projects/historie-gallery/images/Fotoalbums/05_BS_Spraglet_Fotoalbum/BS47.jpg).
2026-05-30T06:01:21.720Z thumbsup:error 
2026-05-30T06:01:21.744Z thumbsup:error Error processing Fotoalbums/05_BS_Spraglet_Fotoalbum/BS53.jpg -> media/small/Fotoalbums/05_BS_Spraglet_Fotoalbum/BS53.jpg
2026-05-30T06:01:21.744Z thumbsup:error Error: Command failed: gm convert: Corrupt JPEG data: 2 extraneous bytes before marker 0xd7 (/home/lsolesen/projects/historie-gallery/images/Fotoalbums/05_BS_Spraglet_Fotoalbum/BS53.jpg).
2026-05-30T06:01:21.744Z thumbsup:error 
2026-05-30T06:01:21.748Z thumbsup:error Error processing Fotoalbums/05_BS_Spraglet_Fotoalbum/BS53.jpg -> media/large/Fotoalbums/05_BS_Spraglet_Fotoalbum/BS53.jpg
2026-05-30T06:01:21.748Z thumbsup:error Error: Command failed: gm composite: Corrupt JPEG data: 2 extraneous bytes before marker 0xd7 (/home/lsolesen/projects/historie-gallery/images/Fotoalbums/05_BS_Spraglet_Fotoalbum/BS53.jpg).
2026-05-30T06:01:21.748Z thumbsup:error 
2026-05-30T06:01:21.813Z thumbsup:error Error processing Fotoalbums/05_BS_Spraglet_Fotoalbum/BS47.jpg -> media/small/Fotoalbums/05_BS_Spraglet_Fotoalbum/BS47.jpg
2026-05-30T06:01:21.813Z thumbsup:error Error: Command failed: gm convert: Corrupt JPEG data: 15 extraneous bytes before marker 0xd7 (/home/lsolesen/projects/historie-gallery/images/Fotoalbums/05_BS_Spraglet_Fotoalbum/BS47.jpg).
2026-05-30T06:01:21.813Z thumbsup:error 
2026-05-30T06:01:21.870Z thumbsup:error Error processing Fotoalbums/05_BS_Spraglet_Fotoalbum/BS47.jpg -> media/large/Fotoalbums/05_BS_Spraglet_Fotoalbum/BS47.jpg
2026-05-30T06:01:21.870Z thumbsup:error Error: Command failed: gm composite: Corrupt JPEG data: 15 extraneous bytes before marker 0xd7 (/home/lsolesen/projects/historie-gallery/images/Fotoalbums/05_BS_Spraglet_Fotoalbum/BS47.jpg).
2026-05-30T06:01:21.870Z thumbsup:error 
2026-05-30T06:01:21.871Z thumbsup:error Error processing Fotoalbums/05_BS_Spraglet_Fotoalbum/BS54.jpg -> media/small/Fotoalbums/05_BS_Spraglet_Fotoalbum/BS54.jpg
2026-05-30T06:01:21.871Z thumbsup:error Error: Command failed: gm convert: Corrupt JPEG data: 3 extraneous bytes before marker 0xd3 (/home/lsolesen/projects/historie-gallery/images/Fotoalbums/05_BS_Spraglet_Fotoalbum/BS54.jpg).
2026-05-30T06:01:21.871Z thumbsup:error 
2026-05-30T06:01:21.881Z thumbsup:error Error processing Fotoalbums/05_BS_Spraglet_Fotoalbum/BS54.jpg -> media/thumbs/Fotoalbums/05_BS_Spraglet_Fotoalbum/BS54.jpg
2026-05-30T06:01:21.881Z thumbsup:error Error: Command failed: gm convert: Corrupt JPEG data: 3 extraneous bytes before marker 0xd3 (/home/lsolesen/projects/historie-gallery/images/Fotoalbums/05_BS_Spraglet_Fotoalbum/BS54.jpg).
2026-05-30T06:01:21.881Z thumbsup:error 
2026-05-30T06:01:21.888Z thumbsup:error Error processing Fotoalbums/05_BS_Spraglet_Fotoalbum/BS49.jpg -> media/large/Fotoalbums/05_BS_Spraglet_Fotoalbum/BS49.jpg
2026-05-30T06:01:21.888Z thumbsup:error Error: Command failed: gm composite: Corrupt JPEG data: 11 extraneous bytes before marker 0xd7 (/home/lsolesen/projects/historie-gallery/images/Fotoalbums/05_BS_Spraglet_Fotoalbum/BS49.jpg).
2026-05-30T06:01:21.888Z thumbsup:error 
2026-05-30T06:01:21.910Z thumbsup:error Error processing Fotoalbums/05_BS_Spraglet_Fotoalbum/BS49.jpg -> media/thumbs/Fotoalbums/05_BS_Spraglet_Fotoalbum/BS49.jpg
2026-05-30T06:01:21.910Z thumbsup:error Error: Command failed: gm convert: Corrupt JPEG data: 11 extraneous bytes before marker 0xd7 (/home/lsolesen/projects/historie-gallery/images/Fotoalbums/05_BS_Spraglet_Fotoalbum/BS49.jpg).
2026-05-30T06:01:21.910Z thumbsup:error 
2026-05-30T06:01:21.923Z thumbsup:error Error processing Fotoalbums/05_BS_Spraglet_Fotoalbum/BS51.jpg -> media/small/Fotoalbums/05_BS_Spraglet_Fotoalbum/BS51.jpg
2026-05-30T06:01:21.923Z thumbsup:error Error: Command failed: gm convert: Corrupt JPEG data: 3 extraneous bytes before marker 0xd2 (/home/lsolesen/projects/historie-gallery/images/Fotoalbums/05_BS_Spraglet_Fotoalbum/BS51.jpg).
2026-05-30T06:01:21.923Z thumbsup:error 
2026-05-30T06:01:21.939Z thumbsup:error Error processing Fotoalbums/05_BS_Spraglet_Fotoalbum/BS51.jpg -> media/large/Fotoalbums/05_BS_Spraglet_Fotoalbum/BS51.jpg
2026-05-30T06:01:21.939Z thumbsup:error Error: Command failed: gm composite: Corrupt JPEG data: 3 extraneous bytes before marker 0xd2 (/home/lsolesen/projects/historie-gallery/images/Fotoalbums/05_BS_Spraglet_Fotoalbum/BS51.jpg).
2026-05-30T06:01:21.939Z thumbsup:error 
2026-05-30T06:01:21.963Z thumbsup:error Error processing Fotoalbums/05_BS_Spraglet_Fotoalbum/BS52.jpg -> media/thumbs/Fotoalbums/05_BS_Spraglet_Fotoalbum/BS52.jpg
2026-05-30T06:01:21.963Z thumbsup:error Error: Command failed: gm convert: Corrupt JPEG data: 5 extraneous bytes before marker 0xd7 (/home/lsolesen/projects/historie-gallery/images/Fotoalbums/05_BS_Spraglet_Fotoalbum/BS52.jpg).
2026-05-30T06:01:21.963Z thumbsup:error 
2026-05-30T06:01:21.975Z thumbsup:error Error processing Fotoalbums/05_BS_Spraglet_Fotoalbum/BS52.jpg -> media/small/Fotoalbums/05_BS_Spraglet_Fotoalbum/BS52.jpg
2026-05-30T06:01:21.975Z thumbsup:error Error: Command failed: gm convert: Corrupt JPEG data: 5 extraneous bytes before marker 0xd7 (/home/lsolesen/projects/historie-gallery/images/Fotoalbums/05_BS_Spraglet_Fotoalbum/BS52.jpg).
2026-05-30T06:01:21.975Z thumbsup:error 
2026-05-30T06:01:21.981Z thumbsup:error Error processing Fotoalbums/05_BS_Spraglet_Fotoalbum/BS50.jpg -> media/large/Fotoalbums/05_BS_Spraglet_Fotoalbum/BS50.jpg
2026-05-30T06:01:21.981Z thumbsup:error Error: Command failed: gm composite: Corrupt JPEG data: 3 extraneous bytes before marker 0xd1 (/home/lsolesen/projects/historie-gallery/images/Fotoalbums/05_BS_Spraglet_Fotoalbum/BS50.jpg).
2026-05-30T06:01:21.981Z thumbsup:error 
2026-05-30T06:01:21.999Z thumbsup:error Error processing Fotoalbums/05_BS_Spraglet_Fotoalbum/BS51.jpg -> media/thumbs/Fotoalbums/05_BS_Spraglet_Fotoalbum/BS51.jpg
2026-05-30T06:01:21.999Z thumbsup:error Error: Command failed: gm convert: Corrupt JPEG data: 3 extraneous bytes before marker 0xd2 (/home/lsolesen/projects/historie-gallery/images/Fotoalbums/05_BS_Spraglet_Fotoalbum/BS51.jpg).
2026-05-30T06:01:21.999Z thumbsup:error 
2026-05-30T06:01:22.016Z thumbsup:error Error processing Fotoalbums/05_BS_Spraglet_Fotoalbum/BS54.jpg -> media/large/Fotoalbums/05_BS_Spraglet_Fotoalbum/BS54.jpg
2026-05-30T06:01:22.016Z thumbsup:error Error: Command failed: gm composite: Corrupt JPEG data: 3 extraneous bytes before marker 0xd3 (/home/lsolesen/projects/historie-gallery/images/Fotoalbums/05_BS_Spraglet_Fotoalbum/BS54.jpg).
2026-05-30T06:01:22.016Z thumbsup:error 
2026-05-30T06:01:22.020Z thumbsup:error Error processing Fotoalbums/05_BS_Spraglet_Fotoalbum/BS52.jpg -> media/large/Fotoalbums/05_BS_Spraglet_Fotoalbum/BS52.jpg
2026-05-30T06:01:22.020Z thumbsup:error Error: Command failed: gm composite: Corrupt JPEG data: 5 extraneous bytes before marker 0xd7 (/home/lsolesen/projects/historie-gallery/images/Fotoalbums/05_BS_Spraglet_Fotoalbum/BS52.jpg).
2026-05-30T06:01:22.020Z thumbsup:error 
2026-05-30T06:01:22.029Z thumbsup:error Error processing Fotoalbums/05_BS_Spraglet_Fotoalbum/BS49.jpg -> media/small/Fotoalbums/05_BS_Spraglet_Fotoalbum/BS49.jpg
2026-05-30T06:01:22.029Z thumbsup:error Error: Command failed: gm convert: Corrupt JPEG data: 11 extraneous bytes before marker 0xd7 (/home/lsolesen/projects/historie-gallery/images/Fotoalbums/05_BS_Spraglet_Fotoalbum/BS49.jpg).
2026-05-30T06:01:22.029Z thumbsup:error 
2026-05-30T06:01:22.040Z thumbsup:error Error processing Fotoalbums/05_BS_Spraglet_Fotoalbum/BS56.jpg -> media/thumbs/Fotoalbums/05_BS_Spraglet_Fotoalbum/BS56.jpg
2026-05-30T06:01:22.040Z thumbsup:error Error: Command failed: gm convert: Corrupt JPEG data: 1 extraneous bytes before marker 0xd5 (/home/lsolesen/projects/historie-gallery/images/Fotoalbums/05_BS_Spraglet_Fotoalbum/BS56.jpg).
2026-05-30T06:01:22.040Z thumbsup:error 
2026-05-30T06:01:22.059Z thumbsup:error Error processing Fotoalbums/05_BS_Spraglet_Fotoalbum/BS57.jpg -> media/small/Fotoalbums/05_BS_Spraglet_Fotoalbum/BS57.jpg
2026-05-30T06:01:22.059Z thumbsup:error Error: Command failed: gm convert: Corrupt JPEG data: 1 extraneous bytes before marker 0xd3 (/home/lsolesen/projects/historie-gallery/images/Fotoalbums/05_BS_Spraglet_Fotoalbum/BS57.jpg).
2026-05-30T06:01:22.059Z thumbsup:error 
2026-05-30T06:01:22.070Z thumbsup:error Error processing Fotoalbums/05_BS_Spraglet_Fotoalbum/BS56.jpg -> media/small/Fotoalbums/05_BS_Spraglet_Fotoalbum/BS56.jpg
2026-05-30T06:01:22.070Z thumbsup:error Error: Command failed: gm convert: Corrupt JPEG data: 1 extraneous bytes before marker 0xd5 (/home/lsolesen/projects/historie-gallery/images/Fotoalbums/05_BS_Spraglet_Fotoalbum/BS56.jpg).
2026-05-30T06:01:22.070Z thumbsup:error 
2026-05-30T06:01:22.070Z thumbsup:error Error processing Fotoalbums/05_BS_Spraglet_Fotoalbum/BS57.jpg -> media/thumbs/Fotoalbums/05_BS_Spraglet_Fotoalbum/BS57.jpg
2026-05-30T06:01:22.070Z thumbsup:error Error: Command failed: gm convert: Corrupt JPEG data: 1 extraneous bytes before marker 0xd3 (/home/lsolesen/projects/historie-gallery/images/Fotoalbums/05_BS_Spraglet_Fotoalbum/BS57.jpg).
2026-05-30T06:01:22.070Z thumbsup:error 
2026-05-30T06:01:22.073Z thumbsup:error Error processing Fotoalbums/05_BS_Spraglet_Fotoalbum/BS56.jpg -> media/large/Fotoalbums/05_BS_Spraglet_Fotoalbum/BS56.jpg
2026-05-30T06:01:22.073Z thumbsup:error Error: Command failed: gm composite: Corrupt JPEG data: 1 extraneous bytes before marker 0xd5 (/home/lsolesen/projects/historie-gallery/images/Fotoalbums/05_BS_Spraglet_Fotoalbum/BS56.jpg).
2026-05-30T06:01:22.073Z thumbsup:error 
2026-05-30T06:01:22.089Z thumbsup:error Error processing Fotoalbums/05_BS_Spraglet_Fotoalbum/BS50.jpg -> media/thumbs/Fotoalbums/05_BS_Spraglet_Fotoalbum/BS50.jpg
2026-05-30T06:01:22.089Z thumbsup:error Error: Command failed: gm convert: Corrupt JPEG data: 3 extraneous bytes before marker 0xd1 (/home/lsolesen/projects/historie-gallery/images/Fotoalbums/05_BS_Spraglet_Fotoalbum/BS50.jpg).
2026-05-30T06:01:22.089Z thumbsup:error 
2026-05-30T06:01:22.097Z thumbsup:error Error processing Fotoalbums/05_BS_Spraglet_Fotoalbum/BS50.jpg -> media/small/Fotoalbums/05_BS_Spraglet_Fotoalbum/BS50.jpg
2026-05-30T06:01:22.097Z thumbsup:error Error: Command failed: gm convert: Corrupt JPEG data: 3 extraneous bytes before marker 0xd1 (/home/lsolesen/projects/historie-gallery/images/Fotoalbums/05_BS_Spraglet_Fotoalbum/BS50.jpg).
2026-05-30T06:01:22.097Z thumbsup:error 
2026-05-30T06:01:22.103Z thumbsup:error Error processing Fotoalbums/05_BS_Spraglet_Fotoalbum/BS57.jpg -> media/large/Fotoalbums/05_BS_Spraglet_Fotoalbum/BS57.jpg
2026-05-30T06:01:22.103Z thumbsup:error Error: Command failed: gm composite: Corrupt JPEG data: 1 extraneous bytes before marker 0xd3 (/home/lsolesen/projects/historie-gallery/images/Fotoalbums/05_BS_Spraglet_Fotoalbum/BS57.jpg).
2026-05-30T06:01:22.103Z thumbsup:error 
2026-05-30T06:01:22.131Z thumbsup:error Error processing Fotoalbums/05_BS_Spraglet_Fotoalbum/BS55.jpg -> media/thumbs/Fotoalbums/05_BS_Spraglet_Fotoalbum/BS55.jpg
2026-05-30T06:01:22.131Z thumbsup:error Error: Command failed: gm convert: Corrupt JPEG data: 1 extraneous bytes before marker 0xd6 (/home/lsolesen/projects/historie-gallery/images/Fotoalbums/05_BS_Spraglet_Fotoalbum/BS55.jpg).
2026-05-30T06:01:22.131Z thumbsup:error 
2026-05-30T06:01:22.147Z thumbsup:error Error processing Fotoalbums/05_BS_Spraglet_Fotoalbum/BS55.jpg -> media/small/Fotoalbums/05_BS_Spraglet_Fotoalbum/BS55.jpg
2026-05-30T06:01:22.147Z thumbsup:error Error: Command failed: gm convert: Corrupt JPEG data: 1 extraneous bytes before marker 0xd6 (/home/lsolesen/projects/historie-gallery/images/Fotoalbums/05_BS_Spraglet_Fotoalbum/BS55.jpg).
2026-05-30T06:01:22.147Z thumbsup:error 
2026-05-30T06:01:22.179Z thumbsup:error Error processing Fotoalbums/05_BS_Spraglet_Fotoalbum/BS6.jpg -> media/small/Fotoalbums/05_BS_Spraglet_Fotoalbum/BS6.jpg
2026-05-30T06:01:22.179Z thumbsup:error Error: Command failed: gm convert: Corrupt JPEG data: 3 extraneous bytes before marker 0xd7 (/home/lsolesen/projects/historie-gallery/images/Fotoalbums/05_BS_Spraglet_Fotoalbum/BS6.jpg).
2026-05-30T06:01:22.179Z thumbsup:error 
2026-05-30T06:01:22.191Z thumbsup:error Error processing Fotoalbums/05_BS_Spraglet_Fotoalbum/BS6.jpg -> media/large/Fotoalbums/05_BS_Spraglet_Fotoalbum/BS6.jpg
2026-05-30T06:01:22.191Z thumbsup:error Error: Command failed: gm composite: Corrupt JPEG data: 3 extraneous bytes before marker 0xd7 (/home/lsolesen/projects/historie-gallery/images/Fotoalbums/05_BS_Spraglet_Fotoalbum/BS6.jpg).
2026-05-30T06:01:22.191Z thumbsup:error 
2026-05-30T06:01:22.207Z thumbsup:error Error processing Fotoalbums/05_BS_Spraglet_Fotoalbum/BS6.jpg -> media/thumbs/Fotoalbums/05_BS_Spraglet_Fotoalbum/BS6.jpg
2026-05-30T06:01:22.207Z thumbsup:error Error: Command failed: gm convert: Corrupt JPEG data: 3 extraneous bytes before marker 0xd7 (/home/lsolesen/projects/historie-gallery/images/Fotoalbums/05_BS_Spraglet_Fotoalbum/BS6.jpg).
2026-05-30T06:01:22.207Z thumbsup:error 
2026-05-30T06:01:22.208Z thumbsup:error Error processing Fotoalbums/05_BS_Spraglet_Fotoalbum/BS55.jpg -> media/large/Fotoalbums/05_BS_Spraglet_Fotoalbum/BS55.jpg
2026-05-30T06:01:22.208Z thumbsup:error Error: Command failed: gm composite: Corrupt JPEG data: 1 extraneous bytes before marker 0xd6 (/home/lsolesen/projects/historie-gallery/images/Fotoalbums/05_BS_Spraglet_Fotoalbum/BS55.jpg).
2026-05-30T06:01:22.208Z thumbsup:error 
2026-05-30T06:01:22.255Z thumbsup:error Error processing Fotoalbums/05_BS_Spraglet_Fotoalbum/BS59.jpg -> media/thumbs/Fotoalbums/05_BS_Spraglet_Fotoalbum/BS59.jpg
2026-05-30T06:01:22.255Z thumbsup:error Error: Command failed: gm convert: Corrupt JPEG data: 6 extraneous bytes before marker 0xd7 (/home/lsolesen/projects/historie-gallery/images/Fotoalbums/05_BS_Spraglet_Fotoalbum/BS59.jpg).
2026-05-30T06:01:22.255Z thumbsup:error 
2026-05-30T06:01:22.265Z thumbsup:error Error processing Fotoalbums/05_BS_Spraglet_Fotoalbum/BS7.jpg -> media/thumbs/Fotoalbums/05_BS_Spraglet_Fotoalbum/BS7.jpg
2026-05-30T06:01:22.265Z thumbsup:error Error: Command failed: gm convert: Corrupt JPEG data: 1 extraneous bytes before marker 0xd7 (/home/lsolesen/projects/historie-gallery/images/Fotoalbums/05_BS_Spraglet_Fotoalbum/BS7.jpg).
2026-05-30T06:01:22.265Z thumbsup:error 
2026-05-30T06:01:22.270Z thumbsup:error Error processing Fotoalbums/05_BS_Spraglet_Fotoalbum/BS7.jpg -> media/small/Fotoalbums/05_BS_Spraglet_Fotoalbum/BS7.jpg
2026-05-30T06:01:22.270Z thumbsup:error Error: Command failed: gm convert: Corrupt JPEG data: 1 extraneous bytes before marker 0xd7 (/home/lsolesen/projects/historie-gallery/images/Fotoalbums/05_BS_Spraglet_Fotoalbum/BS7.jpg).
2026-05-30T06:01:22.270Z thumbsup:error 
2026-05-30T06:01:22.279Z thumbsup:error Error processing Fotoalbums/05_BS_Spraglet_Fotoalbum/BS58.jpg -> media/large/Fotoalbums/05_BS_Spraglet_Fotoalbum/BS58.jpg
2026-05-30T06:01:22.279Z thumbsup:error Error: Command failed: gm composite: Corrupt JPEG data: 1 extraneous bytes before marker 0xd1 (/home/lsolesen/projects/historie-gallery/images/Fotoalbums/05_BS_Spraglet_Fotoalbum/BS58.jpg).
2026-05-30T06:01:22.279Z thumbsup:error 
2026-05-30T06:01:22.297Z thumbsup:error Error processing Fotoalbums/05_BS_Spraglet_Fotoalbum/BS59.jpg -> media/large/Fotoalbums/05_BS_Spraglet_Fotoalbum/BS59.jpg
2026-05-30T06:01:22.297Z thumbsup:error Error: Command failed: gm composite: Corrupt JPEG data: 6 extraneous bytes before marker 0xd7 (/home/lsolesen/projects/historie-gallery/images/Fotoalbums/05_BS_Spraglet_Fotoalbum/BS59.jpg).
2026-05-30T06:01:22.297Z thumbsup:error 
2026-05-30T06:01:22.314Z thumbsup:error Error processing Fotoalbums/05_BS_Spraglet_Fotoalbum/BS58.jpg -> media/thumbs/Fotoalbums/05_BS_Spraglet_Fotoalbum/BS58.jpg
2026-05-30T06:01:22.314Z thumbsup:error Error: Command failed: gm convert: Corrupt JPEG data: 1 extraneous bytes before marker 0xd1 (/home/lsolesen/projects/historie-gallery/images/Fotoalbums/05_BS_Spraglet_Fotoalbum/BS58.jpg).
2026-05-30T06:01:22.314Z thumbsup:error 
2026-05-30T06:01:22.331Z thumbsup:error Error processing Fotoalbums/05_BS_Spraglet_Fotoalbum/BS9.jpg -> media/thumbs/Fotoalbums/05_BS_Spraglet_Fotoalbum/BS9.jpg
2026-05-30T06:01:22.331Z thumbsup:error Error: Command failed: gm convert: Corrupt JPEG data: 3 extraneous bytes before marker 0xd7 (/home/lsolesen/projects/historie-gallery/images/Fotoalbums/05_BS_Spraglet_Fotoalbum/BS9.jpg).
2026-05-30T06:01:22.331Z thumbsup:error 
2026-05-30T06:01:22.331Z thumbsup:error Error processing Fotoalbums/05_BS_Spraglet_Fotoalbum/BS7.jpg -> media/large/Fotoalbums/05_BS_Spraglet_Fotoalbum/BS7.jpg
2026-05-30T06:01:22.331Z thumbsup:error Error: Command failed: gm composite: Corrupt JPEG data: 1 extraneous bytes before marker 0xd7 (/home/lsolesen/projects/historie-gallery/images/Fotoalbums/05_BS_Spraglet_Fotoalbum/BS7.jpg).
2026-05-30T06:01:22.331Z thumbsup:error 
2026-05-30T06:01:22.348Z thumbsup:error Error processing Fotoalbums/05_BS_Spraglet_Fotoalbum/BS59.jpg -> media/small/Fotoalbums/05_BS_Spraglet_Fotoalbum/BS59.jpg
2026-05-30T06:01:22.348Z thumbsup:error Error: Command failed: gm convert: Corrupt JPEG data: 6 extraneous bytes before marker 0xd7 (/home/lsolesen/projects/historie-gallery/images/Fotoalbums/05_BS_Spraglet_Fotoalbum/BS59.jpg).
2026-05-30T06:01:22.348Z thumbsup:error 
2026-05-30T06:01:22.348Z thumbsup:error Error processing Fotoalbums/05_BS_Spraglet_Fotoalbum/BS9.jpg -> media/small/Fotoalbums/05_BS_Spraglet_Fotoalbum/BS9.jpg
2026-05-30T06:01:22.348Z thumbsup:error Error: Command failed: gm convert: Corrupt JPEG data: 3 extraneous bytes before marker 0xd7 (/home/lsolesen/projects/historie-gallery/images/Fotoalbums/05_BS_Spraglet_Fotoalbum/BS9.jpg).
2026-05-30T06:01:22.348Z thumbsup:error 
2026-05-30T06:01:22.359Z thumbsup:error Error processing Fotoalbums/05_BS_Spraglet_Fotoalbum/BS58.jpg -> media/small/Fotoalbums/05_BS_Spraglet_Fotoalbum/BS58.jpg
2026-05-30T06:01:22.359Z thumbsup:error Error: Command failed: gm convert: Corrupt JPEG data: 1 extraneous bytes before marker 0xd1 (/home/lsolesen/projects/historie-gallery/images/Fotoalbums/05_BS_Spraglet_Fotoalbum/BS58.jpg).
2026-05-30T06:01:22.359Z thumbsup:error 
2026-05-30T06:01:22.423Z thumbsup:error Error processing Fotoalbums/05_BS_Spraglet_Fotoalbum/BS9.jpg -> media/large/Fotoalbums/05_BS_Spraglet_Fotoalbum/BS9.jpg
2026-05-30T06:01:22.423Z thumbsup:error Error: Command failed: gm composite: Corrupt JPEG data: 3 extraneous bytes before marker 0xd7 (/home/lsolesen/projects/historie-gallery/images/Fotoalbums/05_BS_Spraglet_Fotoalbum/BS9.jpg).
2026-05-30T06:01:22.423Z thumbsup:error 
2026-05-30T06:01:22.567Z thumbsup:error Error processing Fotoalbums/06_KN_Kava_Nielsen/20260512_165448.jpg -> media/thumbs/Fotoalbums/06_KN_Kava_Nielsen/20260512_165448.jpg
2026-05-30T06:01:22.567Z thumbsup:error Error: Command failed: gm convert: Corrupt JPEG data: 2 extraneous bytes before marker 0xd7 (/home/lsolesen/projects/historie-gallery/images/Fotoalbums/06_KN_Kava_Nielsen/20260512_165448.jpg).
2026-05-30T06:01:22.567Z thumbsup:error 
2026-05-30T06:01:22.599Z thumbsup:error Error processing Fotoalbums/05_BS_Spraglet_Fotoalbum/BS8.jpg -> media/large/Fotoalbums/05_BS_Spraglet_Fotoalbum/BS8.jpg
2026-05-30T06:01:22.599Z thumbsup:error Error: Command failed: gm composite: Corrupt JPEG data: 3 extraneous bytes before marker 0xd5 (/home/lsolesen/projects/historie-gallery/images/Fotoalbums/05_BS_Spraglet_Fotoalbum/BS8.jpg).
2026-05-30T06:01:22.599Z thumbsup:error 
2026-05-30T06:01:22.663Z thumbsup:error Error processing Fotoalbums/06_KN_Kava_Nielsen/20260512_165347.jpg -> media/small/Fotoalbums/06_KN_Kava_Nielsen/20260512_165347.jpg
2026-05-30T06:01:22.663Z thumbsup:error Error: Command failed: gm convert: Corrupt JPEG data: 3 extraneous bytes before marker 0xd7 (/home/lsolesen/projects/historie-gallery/images/Fotoalbums/06_KN_Kava_Nielsen/20260512_165347.jpg).
2026-05-30T06:01:22.663Z thumbsup:error 
2026-05-30T06:01:22.761Z thumbsup:error Error processing Fotoalbums/06_KN_Kava_Nielsen/20260512_165347.jpg -> media/thumbs/Fotoalbums/06_KN_Kava_Nielsen/20260512_165347.jpg
2026-05-30T06:01:22.761Z thumbsup:error Error: Command failed: gm convert: Corrupt JPEG data: 3 extraneous bytes before marker 0xd7 (/home/lsolesen/projects/historie-gallery/images/Fotoalbums/06_KN_Kava_Nielsen/20260512_165347.jpg).
2026-05-30T06:01:22.761Z thumbsup:error 
2026-05-30T06:01:22.928Z thumbsup:error Error processing Fotoalbums/06_KN_Kava_Nielsen/20260512_165448.jpg -> media/large/Fotoalbums/06_KN_Kava_Nielsen/20260512_165448.jpg
2026-05-30T06:01:22.928Z thumbsup:error Error: Command failed: gm composite: Corrupt JPEG data: 2 extraneous bytes before marker 0xd7 (/home/lsolesen/projects/historie-gallery/images/Fotoalbums/06_KN_Kava_Nielsen/20260512_165448.jpg).
2026-05-30T06:01:22.928Z thumbsup:error 
2026-05-30T06:01:23.011Z thumbsup:error Error processing Fotoalbums/05_BS_Spraglet_Fotoalbum/BS8.jpg -> media/small/Fotoalbums/05_BS_Spraglet_Fotoalbum/BS8.jpg
2026-05-30T06:01:23.011Z thumbsup:error Error: Command failed: gm convert: Corrupt JPEG data: 3 extraneous bytes before marker 0xd5 (/home/lsolesen/projects/historie-gallery/images/Fotoalbums/05_BS_Spraglet_Fotoalbum/BS8.jpg).
2026-05-30T06:01:23.011Z thumbsup:error 
2026-05-30T06:01:23.054Z thumbsup:error Error processing Fotoalbums/05_BS_Spraglet_Fotoalbum/BS8.jpg -> media/thumbs/Fotoalbums/05_BS_Spraglet_Fotoalbum/BS8.jpg
2026-05-30T06:01:23.054Z thumbsup:error Error: Command failed: gm convert: Corrupt JPEG data: 3 extraneous bytes before marker 0xd5 (/home/lsolesen/projects/historie-gallery/images/Fotoalbums/05_BS_Spraglet_Fotoalbum/BS8.jpg).
2026-05-30T06:01:23.054Z thumbsup:error 
2026-05-30T06:01:23.143Z thumbsup:error Error processing Fotoalbums/06_KN_Kava_Nielsen/20260512_165452.jpg -> media/large/Fotoalbums/06_KN_Kava_Nielsen/20260512_165452.jpg
2026-05-30T06:01:23.143Z thumbsup:error Error: Command failed: gm composite: Corrupt JPEG data: 1 extraneous bytes before marker 0xd2 (/home/lsolesen/projects/historie-gallery/images/Fotoalbums/06_KN_Kava_Nielsen/20260512_165452.jpg).
2026-05-30T06:01:23.143Z thumbsup:error 
2026-05-30T06:01:23.143Z thumbsup:error Error processing Fotoalbums/06_KN_Kava_Nielsen/20260512_165452.jpg -> media/small/Fotoalbums/06_KN_Kava_Nielsen/20260512_165452.jpg
2026-05-30T06:01:23.143Z thumbsup:error Error: Command failed: gm convert: Corrupt JPEG data: 1 extraneous bytes before marker 0xd2 (/home/lsolesen/projects/historie-gallery/images/Fotoalbums/06_KN_Kava_Nielsen/20260512_165452.jpg).
2026-05-30T06:01:23.143Z thumbsup:error 
2026-05-30T06:01:23.162Z thumbsup:error Error processing Fotoalbums/06_KN_Kava_Nielsen/20260512_165452.jpg -> media/thumbs/Fotoalbums/06_KN_Kava_Nielsen/20260512_165452.jpg
2026-05-30T06:01:23.162Z thumbsup:error Error: Command failed: gm convert: Corrupt JPEG data: 1 extraneous bytes before marker 0xd2 (/home/lsolesen/projects/historie-gallery/images/Fotoalbums/06_KN_Kava_Nielsen/20260512_165452.jpg).
2026-05-30T06:01:23.162Z thumbsup:error 
2026-05-30T06:01:23.265Z thumbsup:error Error processing Fotoalbums/06_KN_Kava_Nielsen/KN10.jpg -> media/small/Fotoalbums/06_KN_Kava_Nielsen/KN10.jpg
2026-05-30T06:01:23.265Z thumbsup:error Error: Command failed: gm convert: Corrupt JPEG data: 1 extraneous bytes before marker 0xd0 (/home/lsolesen/projects/historie-gallery/images/Fotoalbums/06_KN_Kava_Nielsen/KN10.jpg).
2026-05-30T06:01:23.265Z thumbsup:error 
2026-05-30T06:01:23.266Z thumbsup:error Error processing Fotoalbums/06_KN_Kava_Nielsen/20260512_165347.jpg -> media/large/Fotoalbums/06_KN_Kava_Nielsen/20260512_165347.jpg
2026-05-30T06:01:23.266Z thumbsup:error Error: Command failed: gm composite: Corrupt JPEG data: 3 extraneous bytes before marker 0xd7 (/home/lsolesen/projects/historie-gallery/images/Fotoalbums/06_KN_Kava_Nielsen/20260512_165347.jpg).
2026-05-30T06:01:23.266Z thumbsup:error 
2026-05-30T06:01:23.284Z thumbsup:error Error processing Fotoalbums/06_KN_Kava_Nielsen/KN10.jpg -> media/thumbs/Fotoalbums/06_KN_Kava_Nielsen/KN10.jpg
2026-05-30T06:01:23.284Z thumbsup:error Error: Command failed: gm convert: Corrupt JPEG data: 1 extraneous bytes before marker 0xd0 (/home/lsolesen/projects/historie-gallery/images/Fotoalbums/06_KN_Kava_Nielsen/KN10.jpg).
2026-05-30T06:01:23.284Z thumbsup:error 
2026-05-30T06:01:23.316Z thumbsup:error Error processing Fotoalbums/06_KN_Kava_Nielsen/KN10.jpg -> media/large/Fotoalbums/06_KN_Kava_Nielsen/KN10.jpg
2026-05-30T06:01:23.316Z thumbsup:error Error: Command failed: gm composite: Corrupt JPEG data: 1 extraneous bytes before marker 0xd0 (/home/lsolesen/projects/historie-gallery/images/Fotoalbums/06_KN_Kava_Nielsen/KN10.jpg).
2026-05-30T06:01:23.316Z thumbsup:error 
2026-05-30T06:01:23.327Z thumbsup:error Error processing Fotoalbums/06_KN_Kava_Nielsen/20260512_165448.jpg -> media/small/Fotoalbums/06_KN_Kava_Nielsen/20260512_165448.jpg
2026-05-30T06:01:23.327Z thumbsup:error Error: Command failed: gm convert: Corrupt JPEG data: 2 extraneous bytes before marker 0xd7 (/home/lsolesen/projects/historie-gallery/images/Fotoalbums/06_KN_Kava_Nielsen/20260512_165448.jpg).
2026-05-30T06:01:23.327Z thumbsup:error 
2026-05-30T06:01:23.360Z thumbsup:error Error processing Fotoalbums/06_KN_Kava_Nielsen/KN12.jpg -> media/thumbs/Fotoalbums/06_KN_Kava_Nielsen/KN12.jpg
2026-05-30T06:01:23.360Z thumbsup:error Error: Command failed: gm convert: Corrupt JPEG data: 2 extraneous bytes before marker 0xd3 (/home/lsolesen/projects/historie-gallery/images/Fotoalbums/06_KN_Kava_Nielsen/KN12.jpg).
2026-05-30T06:01:23.360Z thumbsup:error 
2026-05-30T06:01:23.360Z thumbsup:error Error processing Fotoalbums/06_KN_Kava_Nielsen/KN12.jpg -> media/small/Fotoalbums/06_KN_Kava_Nielsen/KN12.jpg
2026-05-30T06:01:23.360Z thumbsup:error Error: Command failed: gm convert: Corrupt JPEG data: 2 extraneous bytes before marker 0xd3 (/home/lsolesen/projects/historie-gallery/images/Fotoalbums/06_KN_Kava_Nielsen/KN12.jpg).
2026-05-30T06:01:23.360Z thumbsup:error 
2026-05-30T06:01:23.386Z thumbsup:error Error processing Fotoalbums/06_KN_Kava_Nielsen/KN12.jpg -> media/large/Fotoalbums/06_KN_Kava_Nielsen/KN12.jpg
2026-05-30T06:01:23.386Z thumbsup:error Error: Command failed: gm composite: Corrupt JPEG data: 2 extraneous bytes before marker 0xd3 (/home/lsolesen/projects/historie-gallery/images/Fotoalbums/06_KN_Kava_Nielsen/KN12.jpg).
2026-05-30T06:01:23.386Z thumbsup:error 
2026-05-30T06:01:23.427Z thumbsup:error Error processing Fotoalbums/06_KN_Kava_Nielsen/KN13.jpg -> media/small/Fotoalbums/06_KN_Kava_Nielsen/KN13.jpg
2026-05-30T06:01:23.427Z thumbsup:error Error: Command failed: gm convert: Corrupt JPEG data: 1 extraneous bytes before marker 0xd1 (/home/lsolesen/projects/historie-gallery/images/Fotoalbums/06_KN_Kava_Nielsen/KN13.jpg).
2026-05-30T06:01:23.427Z thumbsup:error 
2026-05-30T06:01:23.437Z thumbsup:error Error processing Fotoalbums/06_KN_Kava_Nielsen/KN14.jpg -> media/large/Fotoalbums/06_KN_Kava_Nielsen/KN14.jpg
2026-05-30T06:01:23.437Z thumbsup:error Error: Command failed: gm composite: Corrupt JPEG data: 2 extraneous bytes before marker 0xd4 (/home/lsolesen/projects/historie-gallery/images/Fotoalbums/06_KN_Kava_Nielsen/KN14.jpg).
2026-05-30T06:01:23.437Z thumbsup:error 
2026-05-30T06:01:23.476Z thumbsup:error Error processing Fotoalbums/06_KN_Kava_Nielsen/KN14.jpg -> media/thumbs/Fotoalbums/06_KN_Kava_Nielsen/KN14.jpg
2026-05-30T06:01:23.476Z thumbsup:error Error: Command failed: gm convert: Corrupt JPEG data: 2 extraneous bytes before marker 0xd4 (/home/lsolesen/projects/historie-gallery/images/Fotoalbums/06_KN_Kava_Nielsen/KN14.jpg).
2026-05-30T06:01:23.476Z thumbsup:error 
2026-05-30T06:01:23.504Z thumbsup:error Error processing Fotoalbums/06_KN_Kava_Nielsen/KN15.jpg -> media/thumbs/Fotoalbums/06_KN_Kava_Nielsen/KN15.jpg
2026-05-30T06:01:23.504Z thumbsup:error Error: Command failed: gm convert: Corrupt JPEG data: 1 extraneous bytes before marker 0xd6 (/home/lsolesen/projects/historie-gallery/images/Fotoalbums/06_KN_Kava_Nielsen/KN15.jpg).
2026-05-30T06:01:23.504Z thumbsup:error 
2026-05-30T06:01:23.511Z thumbsup:error Error processing Fotoalbums/06_KN_Kava_Nielsen/KN15.jpg -> media/large/Fotoalbums/06_KN_Kava_Nielsen/KN15.jpg
2026-05-30T06:01:23.511Z thumbsup:error Error: Command failed: gm composite: Corrupt JPEG data: 1 extraneous bytes before marker 0xd6 (/home/lsolesen/projects/historie-gallery/images/Fotoalbums/06_KN_Kava_Nielsen/KN15.jpg).
2026-05-30T06:01:23.511Z thumbsup:error 
2026-05-30T06:01:23.530Z thumbsup:error Error processing Fotoalbums/06_KN_Kava_Nielsen/KN16.jpg -> media/small/Fotoalbums/06_KN_Kava_Nielsen/KN16.jpg
2026-05-30T06:01:23.530Z thumbsup:error Error: Command failed: gm convert: Corrupt JPEG data: 1 extraneous bytes before marker 0xd5 (/home/lsolesen/projects/historie-gallery/images/Fotoalbums/06_KN_Kava_Nielsen/KN16.jpg).
2026-05-30T06:01:23.530Z thumbsup:error 
2026-05-30T06:01:23.540Z thumbsup:error Error processing Fotoalbums/06_KN_Kava_Nielsen/KN18.jpg -> media/thumbs/Fotoalbums/06_KN_Kava_Nielsen/KN18.jpg
2026-05-30T06:01:23.540Z thumbsup:error Error: Command failed: gm convert: Corrupt JPEG data: 1 extraneous bytes before marker 0xd1 (/home/lsolesen/projects/historie-gallery/images/Fotoalbums/06_KN_Kava_Nielsen/KN18.jpg).
2026-05-30T06:01:23.540Z thumbsup:error 
2026-05-30T06:01:23.550Z thumbsup:error Error processing Fotoalbums/06_KN_Kava_Nielsen/KN16.jpg -> media/thumbs/Fotoalbums/06_KN_Kava_Nielsen/KN16.jpg
2026-05-30T06:01:23.550Z thumbsup:error Error: Command failed: gm convert: Corrupt JPEG data: 1 extraneous bytes before marker 0xd5 (/home/lsolesen/projects/historie-gallery/images/Fotoalbums/06_KN_Kava_Nielsen/KN16.jpg).
2026-05-30T06:01:23.550Z thumbsup:error 
2026-05-30T06:01:23.564Z thumbsup:error Error processing Fotoalbums/06_KN_Kava_Nielsen/KN13.jpg -> media/thumbs/Fotoalbums/06_KN_Kava_Nielsen/KN13.jpg
2026-05-30T06:01:23.564Z thumbsup:error Error: Command failed: gm convert: Corrupt JPEG data: 1 extraneous bytes before marker 0xd1 (/home/lsolesen/projects/historie-gallery/images/Fotoalbums/06_KN_Kava_Nielsen/KN13.jpg).
2026-05-30T06:01:23.564Z thumbsup:error 
2026-05-30T06:01:23.575Z thumbsup:error Error processing Fotoalbums/06_KN_Kava_Nielsen/KN18.jpg -> media/small/Fotoalbums/06_KN_Kava_Nielsen/KN18.jpg
2026-05-30T06:01:23.575Z thumbsup:error Error: Command failed: gm convert: Corrupt JPEG data: 1 extraneous bytes before marker 0xd1 (/home/lsolesen/projects/historie-gallery/images/Fotoalbums/06_KN_Kava_Nielsen/KN18.jpg).
2026-05-30T06:01:23.575Z thumbsup:error 
2026-05-30T06:01:23.575Z thumbsup:error Error processing Fotoalbums/06_KN_Kava_Nielsen/KN13.jpg -> media/large/Fotoalbums/06_KN_Kava_Nielsen/KN13.jpg
2026-05-30T06:01:23.575Z thumbsup:error Error: Command failed: gm composite: Corrupt JPEG data: 1 extraneous bytes before marker 0xd1 (/home/lsolesen/projects/historie-gallery/images/Fotoalbums/06_KN_Kava_Nielsen/KN13.jpg).
2026-05-30T06:01:23.575Z thumbsup:error 
2026-05-30T06:01:23.600Z thumbsup:error Error processing Fotoalbums/06_KN_Kava_Nielsen/KN14.jpg -> media/small/Fotoalbums/06_KN_Kava_Nielsen/KN14.jpg
2026-05-30T06:01:23.600Z thumbsup:error Error: Command failed: gm convert: Corrupt JPEG data: 2 extraneous bytes before marker 0xd4 (/home/lsolesen/projects/historie-gallery/images/Fotoalbums/06_KN_Kava_Nielsen/KN14.jpg).
2026-05-30T06:01:23.600Z thumbsup:error 
2026-05-30T06:01:23.600Z thumbsup:error Error processing Fotoalbums/06_KN_Kava_Nielsen/KN17.jpg -> media/large/Fotoalbums/06_KN_Kava_Nielsen/KN17.jpg
2026-05-30T06:01:23.600Z thumbsup:error Error: Command failed: gm composite: Corrupt JPEG data: 2 extraneous bytes before marker 0xd1 (/home/lsolesen/projects/historie-gallery/images/Fotoalbums/06_KN_Kava_Nielsen/KN17.jpg).
2026-05-30T06:01:23.600Z thumbsup:error 
2026-05-30T06:01:23.623Z thumbsup:error Error processing Fotoalbums/06_KN_Kava_Nielsen/KN18.jpg -> media/large/Fotoalbums/06_KN_Kava_Nielsen/KN18.jpg
2026-05-30T06:01:23.623Z thumbsup:error Error: Command failed: gm composite: Corrupt JPEG data: 1 extraneous bytes before marker 0xd1 (/home/lsolesen/projects/historie-gallery/images/Fotoalbums/06_KN_Kava_Nielsen/KN18.jpg).
2026-05-30T06:01:23.623Z thumbsup:error 
2026-05-30T06:01:23.628Z thumbsup:error Error processing Fotoalbums/06_KN_Kava_Nielsen/KN15.jpg -> media/small/Fotoalbums/06_KN_Kava_Nielsen/KN15.jpg
2026-05-30T06:01:23.628Z thumbsup:error Error: Command failed: gm convert: Corrupt JPEG data: 1 extraneous bytes before marker 0xd6 (/home/lsolesen/projects/historie-gallery/images/Fotoalbums/06_KN_Kava_Nielsen/KN15.jpg).
2026-05-30T06:01:23.628Z thumbsup:error 
2026-05-30T06:01:23.628Z thumbsup:error Error processing Fotoalbums/06_KN_Kava_Nielsen/KN16.jpg -> media/large/Fotoalbums/06_KN_Kava_Nielsen/KN16.jpg
2026-05-30T06:01:23.628Z thumbsup:error Error: Command failed: gm composite: Corrupt JPEG data: 1 extraneous bytes before marker 0xd5 (/home/lsolesen/projects/historie-gallery/images/Fotoalbums/06_KN_Kava_Nielsen/KN16.jpg).
2026-05-30T06:01:23.628Z thumbsup:error 
2026-05-30T06:01:23.628Z thumbsup:error Error processing Fotoalbums/06_KN_Kava_Nielsen/KN17.jpg -> media/thumbs/Fotoalbums/06_KN_Kava_Nielsen/KN17.jpg
2026-05-30T06:01:23.628Z thumbsup:error Error: Command failed: gm convert: Corrupt JPEG data: 2 extraneous bytes before marker 0xd1 (/home/lsolesen/projects/historie-gallery/images/Fotoalbums/06_KN_Kava_Nielsen/KN17.jpg).
2026-05-30T06:01:23.628Z thumbsup:error 
2026-05-30T06:01:23.649Z thumbsup:error Error processing Fotoalbums/06_KN_Kava_Nielsen/KN11.jpg -> media/large/Fotoalbums/06_KN_Kava_Nielsen/KN11.jpg
2026-05-30T06:01:23.649Z thumbsup:error Error: Command failed: gm composite: Corrupt JPEG data: 1 extraneous bytes before marker 0xd7 (/home/lsolesen/projects/historie-gallery/images/Fotoalbums/06_KN_Kava_Nielsen/KN11.jpg).
2026-05-30T06:01:23.649Z thumbsup:error 
2026-05-30T06:01:23.661Z thumbsup:error Error processing Fotoalbums/06_KN_Kava_Nielsen/KN11.jpg -> media/thumbs/Fotoalbums/06_KN_Kava_Nielsen/KN11.jpg
2026-05-30T06:01:23.661Z thumbsup:error Error: Command failed: gm convert: Corrupt JPEG data: 1 extraneous bytes before marker 0xd7 (/home/lsolesen/projects/historie-gallery/images/Fotoalbums/06_KN_Kava_Nielsen/KN11.jpg).
2026-05-30T06:01:23.661Z thumbsup:error 
2026-05-30T06:01:23.673Z thumbsup:error Error processing Fotoalbums/06_KN_Kava_Nielsen/KN19.jpg -> media/thumbs/Fotoalbums/06_KN_Kava_Nielsen/KN19.jpg
2026-05-30T06:01:23.673Z thumbsup:error Error: Command failed: gm convert: Corrupt JPEG data: 1 extraneous bytes before marker 0xd1 (/home/lsolesen/projects/historie-gallery/images/Fotoalbums/06_KN_Kava_Nielsen/KN19.jpg).
2026-05-30T06:01:23.673Z thumbsup:error 
2026-05-30T06:01:23.698Z thumbsup:error Error processing Fotoalbums/06_KN_Kava_Nielsen/KN19.jpg -> media/small/Fotoalbums/06_KN_Kava_Nielsen/KN19.jpg
2026-05-30T06:01:23.698Z thumbsup:error Error: Command failed: gm convert: Corrupt JPEG data: 1 extraneous bytes before marker 0xd1 (/home/lsolesen/projects/historie-gallery/images/Fotoalbums/06_KN_Kava_Nielsen/KN19.jpg).
2026-05-30T06:01:23.698Z thumbsup:error 
2026-05-30T06:01:23.711Z thumbsup:error Error processing Fotoalbums/06_KN_Kava_Nielsen/KN17.jpg -> media/small/Fotoalbums/06_KN_Kava_Nielsen/KN17.jpg
2026-05-30T06:01:23.711Z thumbsup:error Error: Command failed: gm convert: Corrupt JPEG data: 2 extraneous bytes before marker 0xd1 (/home/lsolesen/projects/historie-gallery/images/Fotoalbums/06_KN_Kava_Nielsen/KN17.jpg).
2026-05-30T06:01:23.711Z thumbsup:error 
2026-05-30T06:01:23.752Z thumbsup:error Error processing Fotoalbums/06_KN_Kava_Nielsen/KN19.jpg -> media/large/Fotoalbums/06_KN_Kava_Nielsen/KN19.jpg
2026-05-30T06:01:23.752Z thumbsup:error Error: Command failed: gm composite: Corrupt JPEG data: 1 extraneous bytes before marker 0xd1 (/home/lsolesen/projects/historie-gallery/images/Fotoalbums/06_KN_Kava_Nielsen/KN19.jpg).
2026-05-30T06:01:23.752Z thumbsup:error 
2026-05-30T06:01:23.752Z thumbsup:error Error processing Fotoalbums/06_KN_Kava_Nielsen/KN2.jpg -> media/thumbs/Fotoalbums/06_KN_Kava_Nielsen/KN2.jpg
2026-05-30T06:01:23.752Z thumbsup:error Error: Command failed: gm convert: Corrupt JPEG data: 1 extraneous bytes before marker 0xd3 (/home/lsolesen/projects/historie-gallery/images/Fotoalbums/06_KN_Kava_Nielsen/KN2.jpg).
2026-05-30T06:01:23.752Z thumbsup:error 
2026-05-30T06:01:23.783Z thumbsup:error Error processing Fotoalbums/06_KN_Kava_Nielsen/KN2.jpg -> media/small/Fotoalbums/06_KN_Kava_Nielsen/KN2.jpg
2026-05-30T06:01:23.783Z thumbsup:error Error: Command failed: gm convert: Corrupt JPEG data: 1 extraneous bytes before marker 0xd3 (/home/lsolesen/projects/historie-gallery/images/Fotoalbums/06_KN_Kava_Nielsen/KN2.jpg).
2026-05-30T06:01:23.783Z thumbsup:error 
2026-05-30T06:01:23.845Z thumbsup:error Error processing Fotoalbums/06_KN_Kava_Nielsen/KN2.jpg -> media/large/Fotoalbums/06_KN_Kava_Nielsen/KN2.jpg
2026-05-30T06:01:23.845Z thumbsup:error Error: Command failed: gm composite: Corrupt JPEG data: 1 extraneous bytes before marker 0xd3 (/home/lsolesen/projects/historie-gallery/images/Fotoalbums/06_KN_Kava_Nielsen/KN2.jpg).
2026-05-30T06:01:23.845Z thumbsup:error 
2026-05-30T06:01:24.257Z thumbsup:error Error processing Fotoalbums/06_KN_Kava_Nielsen/KN11.jpg -> media/small/Fotoalbums/06_KN_Kava_Nielsen/KN11.jpg
2026-05-30T06:01:24.257Z thumbsup:error Error: Command failed: gm convert: Corrupt JPEG data: 1 extraneous bytes before marker 0xd7 (/home/lsolesen/projects/historie-gallery/images/Fotoalbums/06_KN_Kava_Nielsen/KN11.jpg).
2026-05-30T06:01:24.257Z thumbsup:error 
2026-05-30T06:01:53.865Z thumbsup:warn The following sources files were not processed:
2026-05-30T06:01:53.865Z thumbsup:warn Fotoalbums/04_BF_Blåt_Småt_Fotoalbum/20260511_203611.jpg,Fotoalbums/04_BF_Blåt_Småt_Fotoalbum/20260511_203638.jpg,Fotoalbums/04_BF_Blåt_Småt_Fotoalbum/B13.jpg,Fotoalbums/04_BF_Blåt_Småt_Fotoalbum/B11.jpg,Fotoalbums/04_BF_Blåt_Småt_Fotoalbum/B10.jpg,Fotoalbums/04_BF_Blåt_Småt_Fotoalbum/B15.jpg,Fotoalbums/04_BF_Blåt_Småt_Fotoalbum/B16.jpg,Fotoalbums/04_BF_Blåt_Småt_Fotoalbum/B14.jpg,Fotoalbums/04_BF_Blåt_Småt_Fotoalbum/B12.jpg,Fotoalbums/04_BF_Blåt_Småt_Fotoalbum/B17.jpg,Fotoalbums/04_BF_Blåt_Småt_Fotoalbum/B20.jpg,Fotoalbums/04_BF_Blåt_Småt_Fotoalbum/B18.jpg,Fotoalbums/04_BF_Blåt_Småt_Fotoalbum/B19.jpg,Fotoalbums/04_BF_Blåt_Småt_Fotoalbum/B21.jpg,Fotoalbums/04_BF_Blåt_Småt_Fotoalbum/B23.jpg,Fotoalbums/04_BF_Blåt_Småt_Fotoalbum/B24.jpg,Fotoalbums/04_BF_Blåt_Småt_Fotoalbum/B22.jpg,Fotoalbums/04_BF_Blåt_Småt_Fotoalbum/B27.jpg,Fotoalbums/04_BF_Blåt_Småt_Fotoalbum/B26.jpg,Fotoalbums/04_BF_Blåt_Småt_Fotoalbum/B28.jpg,Fotoalbums/04_BF_Blåt_Småt_Fotoalbum/B30.jpg,Fotoalbums/04_BF_Blåt_Småt_Fotoalbum/B29.jpg,Fotoalbums/04_BF_Blåt_Småt_Fotoalbum/B31.jpg,Fotoalbums/04_BF_Blåt_Småt_Fotoalbum/B25.jpg,Fotoalbums/04_BF_Blåt_Småt_Fotoalbum/B32.jpg,Fotoalbums/04_BF_Blåt_Småt_Fotoalbum/B33.jpg,Fotoalbums/04_BF_Blåt_Småt_Fotoalbum/B36.jpg,Fotoalbums/04_BF_Blåt_Småt_Fotoalbum/B34.jpg,Fotoalbums/04_BF_Blåt_Småt_Fotoalbum/B35.jpg,Fotoalbums/04_BF_Blåt_Småt_Fotoalbum/B38.jpg,Fotoalbums/04_BF_Blåt_Småt_Fotoalbum/B37.jpg,Fotoalbums/04_BF_Blåt_Småt_Fotoalbum/B42.jpg,Fotoalbums/04_BF_Blåt_Småt_Fotoalbum/B43.jpg,Fotoalbums/04_BF_Blåt_Småt_Fotoalbum/B40.jpg,Fotoalbums/04_BF_Blåt_Småt_Fotoalbum/B39.jpg,Fotoalbums/04_BF_Blåt_Småt_Fotoalbum/B45.jpg,Fotoalbums/04_BF_Blåt_Småt_Fotoalbum/B41.jpg,Fotoalbums/04_BF_Blåt_Småt_Fotoalbum/B47.jpg,Fotoalbums/04_BF_Blåt_Småt_Fotoalbum/B48.jpg,Fotoalbums/04_BF_Blåt_Småt_Fotoalbum/B49.jpg,Fotoalbums/04_BF_Blåt_Småt_Fotoalbum/B44.jpg,Fotoalbums/04_BF_Blåt_Småt_Fotoalbum/B50.jpg,Fotoalbums/04_BF_Blåt_Småt_Fotoalbum/B46.jpg,Fotoalbums/04_BF_Blåt_Småt_Fotoalbum/B52-20260511_204403.jpg,Fotoalbums/04_BF_Blåt_Småt_Fotoalbum/B53-20260511_204412.jpg,Fotoalbums/04_BF_Blåt_Småt_Fotoalbum/B8.jpg,Fotoalbums/04_BF_Blåt_Småt_Fotoalbum/B51-.jpg,Fotoalbums/04_BF_Blåt_Småt_Fotoalbum/B9.jpg,Fotoalbums/04_BF_Blåt_Småt_Fotoalbum/BF1-20260511_203547.jpg,Fotoalbums/06_KN_Kava_Nielsen/KN20.jpg,Fotoalbums/06_KN_Kava_Nielsen/KN22.jpg,Fotoalbums/06_KN_Kava_Nielsen/KN21.jpg,Fotoalbums/06_KN_Kava_Nielsen/KN24.jpg,Fotoalbums/06_KN_Kava_Nielsen/KN23.jpg,Fotoalbums/06_KN_Kava_Nielsen/KN25.jpg,Fotoalbums/06_KN_Kava_Nielsen/KN26.jpg,Fotoalbums/06_KN_Kava_Nielsen/KN27.jpg,Fotoalbums/06_KN_Kava_Nielsen/KN28.jpg,Fotoalbums/06_KN_Kava_Nielsen/KN29.jpg,Fotoalbums/06_KN_Kava_Nielsen/KN30.jpg,Fotoalbums/06_KN_Kava_Nielsen/KN32.jpg,Fotoalbums/06_KN_Kava_Nielsen/KN34.jpg,Fotoalbums/06_KN_Kava_Nielsen/KN3.jpg,Fotoalbums/06_KN_Kava_Nielsen/KN36.jpg,Fotoalbums/06_KN_Kava_Nielsen/KN33.jpg,Fotoalbums/06_KN_Kava_Nielsen/KN35.jpg,Fotoalbums/06_KN_Kava_Nielsen/KN37.jpg,Fotoalbums/06_KN_Kava_Nielsen/KN6.jpg,Fotoalbums/06_KN_Kava_Nielsen/KN5.jpg,Fotoalbums/06_KN_Kava_Nielsen/KN7.jpg,Fotoalbums/06_KN_Kava_Nielsen/KN4.jpg,Fotoalbums/06_KN_Kava_Nielsen/KN39.jpg,Fotoalbums/06_KN_Kava_Nielsen/KN9.jpg,Fotoalbums/06_KN_Kava_Nielsen/KN8.jpg,Fotoalbums/03_KT_Knud_Thomassen/20260503_081101.jpg,Fotoalbums/03_KT_Knud_Thomassen/20260503_081105.jpg,Fotoalbums/03_KT_Knud_Thomassen/20260503_081135.jpg,Fotoalbums/03_KT_Knud_Thomassen/20260503_081123.jpg,Fotoalbums/03_KT_Knud_Thomassen/20260503_081119.jpg,Fotoalbums/03_KT_Knud_Thomassen/20260503_081202.jpg,Fotoalbums/03_KT_Knud_Thomassen/20260503_081148.jpg,Fotoalbums/03_KT_Knud_Thomassen/20260503_081208.jpg,Fotoalbums/03_KT_Knud_Thomassen/20260503_081215.jpg,Fotoalbums/03_KT_Knud_Thomassen/20260503_081153.jpg,Fotoalbums/03_KT_Knud_Thomassen/20260503_081227.jpg,Fotoalbums/03_KT_Knud_Thomassen/20260503_081230.jpg,Fotoalbums/03_KT_Knud_Thomassen/20260503_081220.jpg,Fotoalbums/03_KT_Knud_Thomassen/20260503_081242.jpg,Fotoalbums/03_KT_Knud_Thomassen/20260503_081238.jpg,Fotoalbums/03_KT_Knud_Thomassen/20260503_081246.jpg,Fotoalbums/03_KT_Knud_Thomassen/20260503_081251.jpg,Fotoalbums/03_KT_Knud_Thomassen/20260503_081312.jpg,Fotoalbums/03_KT_Knud_Thomassen/20260503_081300.jpg,Fotoalbums/03_KT_Knud_Thomassen/20260503_081303.jpg,Fotoalbums/03_KT_Knud_Thomassen/20260503_081322.jpg,Fotoalbums/03_KT_Knud_Thomassen/20260503_081319.jpg,Fotoalbums/03_KT_Knud_Thomassen/20260503_081328.jpg,Fotoalbums/03_KT_Knud_Thomassen/20260503_081325.jpg,Fotoalbums/03_KT_Knud_Thomassen/20260503_081337.jpg,Fotoalbums/03_KT_Knud_Thomassen/20260503_081340.jpg,Fotoalbums/03_KT_Knud_Thomassen/20260503_081342.jpg,Fotoalbums/03_KT_Knud_Thomassen/20260503_081334.jpg,Fotoalbums/03_KT_Knud_Thomassen/20260503_081352.jpg,Fotoalbums/03_KT_Knud_Thomassen/20260503_081400.jpg,Fotoalbums/03_KT_Knud_Thomassen/20260503_081402.jpg,Fotoalbums/03_KT_Knud_Thomassen/20260503_081420.jpg,Fotoalbums/03_KT_Knud_Thomassen/20260503_081410.jpg,Fotoalbums/03_KT_Knud_Thomassen/20260503_081355.jpg,Fotoalbums/03_KT_Knud_Thomassen/20260503_081431 (1).jpg,Fotoalbums/03_KT_Knud_Thomassen/20260503_081417.jpg,Fotoalbums/03_KT_Knud_Thomassen/20260503_081431.jpg,Fotoalbums/03_KT_Knud_Thomassen/20260503_081413.jpg,Fotoalbums/03_KT_Knud_Thomassen/20260503_081428.jpg,Fotoalbums/03_KT_Knud_Thomassen/20260503_081436.jpg,Fotoalbums/03_KT_Knud_Thomassen/20260503_081438.jpg,Fotoalbums/03_KT_Knud_Thomassen/20260503_081456.jpg,Fotoalbums/03_KT_Knud_Thomassen/20260503_081449.jpg,Fotoalbums/03_KT_Knud_Thomassen/20260503_081459.jpg,Fotoalbums/03_KT_Knud_Thomassen/20260503_081453.jpg,Fotoalbums/03_KT_Knud_Thomassen/20260503_081517.jpg,Fotoalbums/03_KT_Knud_Thomassen/20260503_081524.jpg,Fotoalbums/03_KT_Knud_Thomassen/20260503_081507.jpg,Fotoalbums/03_KT_Knud_Thomassen/20260503_081514.jpg,Fotoalbums/03_KT_Knud_Thomassen/20260503_081510.jpg,Fotoalbums/03_KT_Knud_Thomassen/20260503_081534.jpg,Fotoalbums/03_KT_Knud_Thomassen/KT21.jpg,Fotoalbums/03_KT_Knud_Thomassen/KT23.jpg,Fotoalbums/03_KT_Knud_Thomassen/KT22.jpg,Fotoalbums/03_KT_Knud_Thomassen/KT24.jpg,Fotoalbums/03_KT_Knud_Thomassen/KT25.jpg,Fotoalbums/03_KT_Knud_Thomassen/KT27.jpg,Fotoalbums/03_KT_Knud_Thomassen/KT26.jpg,Fotoalbums/03_KT_Knud_Thomassen/KT28.jpg,Fotoalbums/03_KT_Knud_Thomassen/KT29.jpg,Fotoalbums/03_KT_Knud_Thomassen/KT30.jpg,Fotoalbums/05_BS_Spraglet_Fotoalbum/BS1.jpg,Fotoalbums/04_BF_Blåt_Småt_Fotoalbum/BF3-20260511_203622.jpg,Fotoalbums/04_BF_Blåt_Småt_Fotoalbum/BF5-20260511_203649.jpg,Fotoalbums/04_BF_Blåt_Småt_Fotoalbum/BF54-20260511_204418.jpg,Fotoalbums/04_BF_Blåt_Småt_Fotoalbum/BF55-20260511_204427.jpg,Fotoalbums/04_BF_Blåt_Småt_Fotoalbum/BF59-20260511_204508.jpg,Fotoalbums/04_BF_Blåt_Småt_Fotoalbum/BF56-20260511_204438.jpg,Fotoalbums/04_BF_Blåt_Småt_Fotoalbum/BF58-20260511_204500.jpg,Fotoalbums/04_BF_Blåt_Småt_Fotoalbum/BF57-20260511_204450.jpg,Fotoalbums/04_BF_Blåt_Småt_Fotoalbum/BF60-20260511_204516.jpg,Fotoalbums/04_BF_Blåt_Småt_Fotoalbum/BF7-20260511_203711.jpg,Fotoalbums/03_KT_Knud_Thomassen/20260503_080728.jpg,Fotoalbums/04_BF_Blåt_Småt_Fotoalbum/BF8-20260511_203723.jpg,Fotoalbums/03_KT_Knud_Thomassen/20260503_080721.jpg,Fotoalbums/03_KT_Knud_Thomassen/20260503_081033.jpg,Fotoalbums/03_KT_Knud_Thomassen/20260503_080736.jpg,Fotoalbums/03_KT_Knud_Thomassen/20260503_081038.jpg,Fotoalbums/03_KT_Knud_Thomassen/20260503_080741.jpg,Fotoalbums/03_KT_Knud_Thomassen/20260503_081052.jpg,Fotoalbums/03_KT_Knud_Thomassen/20260503_081042.jpg,Fotoalbums/03_KT_Knud_Thomassen/20260503_081057.jpg,Fotoalbums/05_BS_Spraglet_Fotoalbum/BS12.jpg,Fotoalbums/05_BS_Spraglet_Fotoalbum/BS13.jpg,Fotoalbums/05_BS_Spraglet_Fotoalbum/BS10.jpg,Fotoalbums/05_BS_Spraglet_Fotoalbum/BS11.jpg,Fotoalbums/05_BS_Spraglet_Fotoalbum/BS17.jpg,Fotoalbums/05_BS_Spraglet_Fotoalbum/BS14.jpg,Fotoalbums/05_BS_Spraglet_Fotoalbum/BS15.jpg,Fotoalbums/05_BS_Spraglet_Fotoalbum/BS18.jpg,Fotoalbums/05_BS_Spraglet_Fotoalbum/BS16.jpg,Fotoalbums/05_BS_Spraglet_Fotoalbum/BS19.jpg,Fotoalbums/05_BS_Spraglet_Fotoalbum/BS20.jpg,Fotoalbums/05_BS_Spraglet_Fotoalbum/BS2.jpg,Fotoalbums/05_BS_Spraglet_Fotoalbum/BS21.jpg,Fotoalbums/05_BS_Spraglet_Fotoalbum/BS25.jpg,Fotoalbums/05_BS_Spraglet_Fotoalbum/BS23.jpg,Fotoalbums/05_BS_Spraglet_Fotoalbum/BS24.jpg,Fotoalbums/05_BS_Spraglet_Fotoalbum/BS26.jpg,Fotoalbums/05_BS_Spraglet_Fotoalbum/BS27.jpg,Fotoalbums/05_BS_Spraglet_Fotoalbum/BS28.jpg,Fotoalbums/05_BS_Spraglet_Fotoalbum/BS22.jpg,Fotoalbums/05_BS_Spraglet_Fotoalbum/BS29.jpg,Fotoalbums/05_BS_Spraglet_Fotoalbum/BS30.jpg,Fotoalbums/05_BS_Spraglet_Fotoalbum/BS3.jpg,Fotoalbums/05_BS_Spraglet_Fotoalbum/BS32.jpg,Fotoalbums/05_BS_Spraglet_Fotoalbum/BS34.jpg,Fotoalbums/05_BS_Spraglet_Fotoalbum/BS33.jpg,Fotoalbums/05_BS_Spraglet_Fotoalbum/BS36.jpg,Fotoalbums/05_BS_Spraglet_Fotoalbum/BS37.jpg,Fotoalbums/05_BS_Spraglet_Fotoalbum/BS39.jpg,Fotoalbums/05_BS_Spraglet_Fotoalbum/BS38.jpg,Fotoalbums/05_BS_Spraglet_Fotoalbum/BS40.jpg,Fotoalbums/05_BS_Spraglet_Fotoalbum/BS4.jpg,Fotoalbums/05_BS_Spraglet_Fotoalbum/BS31.jpg,Fotoalbums/05_BS_Spraglet_Fotoalbum/BS41.jpg,Fotoalbums/05_BS_Spraglet_Fotoalbum/BS35.jpg,Fotoalbums/05_BS_Spraglet_Fotoalbum/BS42.jpg,Fotoalbums/05_BS_Spraglet_Fotoalbum/BS44.jpg,Fotoalbums/05_BS_Spraglet_Fotoalbum/BS46.jpg,Fotoalbums/05_BS_Spraglet_Fotoalbum/BS43.jpg,Fotoalbums/05_BS_Spraglet_Fotoalbum/BS48.jpg,Fotoalbums/05_BS_Spraglet_Fotoalbum/BS45.jpg,Fotoalbums/05_BS_Spraglet_Fotoalbum/BS5.jpg,Fotoalbums/05_BS_Spraglet_Fotoalbum/BS53.jpg,Fotoalbums/05_BS_Spraglet_Fotoalbum/BS47.jpg,Fotoalbums/05_BS_Spraglet_Fotoalbum/BS54.jpg,Fotoalbums/05_BS_Spraglet_Fotoalbum/BS49.jpg,Fotoalbums/05_BS_Spraglet_Fotoalbum/BS51.jpg,Fotoalbums/05_BS_Spraglet_Fotoalbum/BS52.jpg,Fotoalbums/05_BS_Spraglet_Fotoalbum/BS50.jpg,Fotoalbums/05_BS_Spraglet_Fotoalbum/BS56.jpg,Fotoalbums/05_BS_Spraglet_Fotoalbum/BS57.jpg,Fotoalbums/05_BS_Spraglet_Fotoalbum/BS55.jpg,Fotoalbums/05_BS_Spraglet_Fotoalbum/BS6.jpg,Fotoalbums/05_BS_Spraglet_Fotoalbum/BS59.jpg,Fotoalbums/05_BS_Spraglet_Fotoalbum/BS7.jpg,Fotoalbums/05_BS_Spraglet_Fotoalbum/BS58.jpg,Fotoalbums/05_BS_Spraglet_Fotoalbum/BS9.jpg,Fotoalbums/06_KN_Kava_Nielsen/20260512_165448.jpg,Fotoalbums/05_BS_Spraglet_Fotoalbum/BS8.jpg,Fotoalbums/06_KN_Kava_Nielsen/20260512_165347.jpg,Fotoalbums/06_KN_Kava_Nielsen/20260512_165452.jpg,Fotoalbums/06_KN_Kava_Nielsen/KN10.jpg,Fotoalbums/06_KN_Kava_Nielsen/KN12.jpg,Fotoalbums/06_KN_Kava_Nielsen/KN13.jpg,Fotoalbums/06_KN_Kava_Nielsen/KN14.jpg,Fotoalbums/06_KN_Kava_Nielsen/KN15.jpg,Fotoalbums/06_KN_Kava_Nielsen/KN16.jpg,Fotoalbums/06_KN_Kava_Nielsen/KN18.jpg,Fotoalbums/06_KN_Kava_Nielsen/KN17.jpg,Fotoalbums/06_KN_Kava_Nielsen/KN11.jpg,Fotoalbums/06_KN_Kava_Nielsen/KN19.jpg,Fotoalbums/06_KN_Kava_Nielsen/KN2.jpg
